d,h,hdo,den,num,dhdo
20.1,12.7,15.7,422,0.2,315.57
17.4,12.6,16.5,1356,0.3,287.1
21.3,13.8,17.3,1122,0.1,368.49
17.4,12.3,16.1,1656,1,280.14
8.4,6.1,14,2333,0.1,117.6
19.6,12.1,16.6,1656,0.1,325.36
21.8,15.9,16.5,1356,0.9,359.7
13.9,13,15.1,1067,0.9,209.89
4.9,3.3,5.4,1133,0.6,26.46
8.7,5.9,6,600,0.4,52.2
6.1,4.2,6.9,1356,0.5,42.09
7.7,5.3,6.9,1356,0.6,53.13
14,10.8,16.2,1156,0.7,226.8
16.6,10.9,14.8,1967,0.7,245.68
20.5,16.5,17.7,889,0.6,362.85
17.9,13,14.8,1967,0.2,264.92
30.5,18.6,19.6,789,0.2,597.8
12.1,11.7,16.5,1356,1,199.65
17.1,14.4,16.5,1356,0.4,282.15
5.4,4,15.1,1411,0.8,81.54
6.4,11.7,14.1,2200,0.8,90.24
13.2,11.2,15.1,1411,0.4,199.32
18.8,9.6,16.3,1556,0.8,306.44
19.2,11.7,15.8,1522,0.4,303.36
22,13.2,20.5,722,0.4,451
21.2,14.2,15.7,1022,0.8,332.84
19.8,14.9,16.3,1556,0.3,322.74
8,4.9,6,600,1,48
19.1,11.5,14.4,1689,0.8,275.04
15.4,13.5,15.1,1411,0.6,232.54
16.4,16.5,21.5,1667,1,352.6
17.7,12.7,15.1,1656,0.1,267.27
14.5,14.7,16.3,1556,0.8,236.35
14.6,8.5,14.5,978,0.8,211.7
7.5,5.1,6.4,911,0.7,48
24.8,12.3,13.9,767,0.5,344.72
16,8.7,14.6,789,0.6,233.6
12,9.5,14,2333,0.1,168
20,13.9,16.1,1656,0.3,322
11.6,13.1,17.7,2278,0.1,205.32
14.7,11.9,14.8,1967,0.4,217.56
4,2.8,5.4,1133,0.2,21.6
8.2,5.2,18.8,1233,0.1,154.16
22,15.4,17.3,1122,0.2,380.6
12.2,12.2,14,2333,0.7,170.8
20.2,14.2,18.8,1233,0.1,379.76
9.2,9.3,13.2,2122,0.1,121.44
11.4,10.8,17.7,2278,0.9,201.78
10.3,11.8,13.2,2122,0.9,135.96
10.4,6.4,14,2333,0.1,145.6
2.2,3.2,6.8,767,0.3,14.96
5.4,3.2,13.9,767,0.9,75.06
5.7,6.2,13.1,811,0.6,74.67
12.2,6.7,14,2333,0.2,170.8
28.5,16.4,22.4,867,0.9,638.4
3.8,3.5,10.1,1522,0.3,38.38
4.8,4.2,10.1,1522,0.9,48.48
16,10.9,16.2,1156,0.6,259.2
7.2,5.4,10.4,500,0.6,74.88
4,4.2,9.7,1644,0.4,38.8
23.2,12,15.7,422,0.5,364.24
19,12.8,16.5,1356,0.1,313.5
15.4,15.7,16.2,1678,0.5,249.48
22.5,16.7,20.3,1011,0.1,456.75
18.7,12.1,14.8,1022,0.3,276.76
6,6.6,7.1,1044,0.2,42.6
6.7,5.1,6.1,722,0.5,40.87
16.2,13.1,16.1,689,0.8,260.82
15.9,13,14.8,1022,0.4,235.32
8,6,16.2,1678,0.4,129.6
16.2,12.6,14.8,1967,0.5,239.76
16.7,14.5,18.8,1233,0.6,313.96
7.1,5.3,6,1322,0.7,42.6
32.5,17.6,22.4,867,0.4,728
5.8,5.6,17.7,2278,0.1,102.66
14.7,11.7,17.3,1122,0.9,254.31
14,9.5,15.8,1522,0.6,221.2
21.6,15.7,18.8,1233,0.4,406.08
3,3.6,6.2,1311,0.6,18.6
8.5,4.8,6,1322,0.3,51
17.2,16.1,21.5,1667,0.2,369.8
4.2,4.8,15.1,1656,0.3,63.42
13.7,10.2,13.1,811,0.1,179.47
19.1,10.5,13.2,2122,0.1,252.12
7.2,5.2,10.1,1522,0.8,72.72
17.2,13.6,16.1,1656,0.7,276.92
10.6,9.4,13.1,811,0.1,138.86
19.6,14.7,18.8,1233,0.2,368.48
15.7,13.1,13.4,778,0.9,210.38
11.8,11.3,16.2,1678,0.1,191.16
7.4,7.5,14,2333,0.7,103.6
10.6,10.4,14.8,1967,0.9,156.88
11.5,7.8,14,2333,0.9,161
13.6,15.6,17.7,2278,0.5,240.72
8,5.5,7.1,1044,0.7,56.8
18.4,13.7,17.7,2278,0.4,325.68
13.5,10.5,13.1,811,0.5,176.85
7.7,4.8,7.2,1733,0,55.44
11.7,11.2,15.1,1656,0.2,176.67
19.6,13.2,17.3,1122,0.1,339.08
9,5,6,1322,0.6,54
10.7,15.2,20.3,1011,0.7,217.21
16.4,12.5,14.8,1022,0,242.72
12.9,9.5,14.5,978,0.8,187.05
18,13,14.8,1022,0.3,266.4
24.3,13,15.1,589,0.5,366.93
22.5,12.9,13.9,767,0.3,312.75
4.8,5.1,7.2,1733,0.4,34.56
19,15.7,16.3,1556,0.4,309.7
6.4,5.2,6.9,1356,0.8,44.16
17.3,12.2,13.9,767,0.5,240.47
15.2,13.2,17.7,889,0.9,269.04
22.6,13.7,16.1,689,0.8,363.86
27.5,19.4,21.2,967,0,583
27.3,15.2,22.4,867,0.6,611.52
4,5.4,10.1,1522,0.7,40.4
19,13.3,17.7,889,0.6,336.3
5.1,3.1,4.9,689,0.2,24.99
21.7,16,16.6,1656,0.5,360.22
14.6,14.7,21.5,1667,0.7,313.9
10.2,6.4,7.2,1733,0.3,73.44
18.8,15.9,17.2,1778,0.1,323.36
13.3,10.6,15.8,1522,0.6,210.14
15.8,12.2,16.1,1656,0.2,254.38
14.2,13.3,16.2,1156,0.5,230.04
4.2,3.5,7.8,989,0.5,32.76
12.4,9.8,14.5,978,0.8,179.8
26.4,20.7,21.2,967,1,559.68
13.7,10.5,13.2,2122,0.4,180.84
11.9,12.9,15.8,1522,0.5,188.02
4.1,3.3,7.2,1733,0.7,29.52
3.7,2.9,7.1,1044,0.9,26.27
10.5,10.8,14.5,978,0.1,152.25
21.3,12.9,14.5,978,0.5,308.85
15.6,8.8,13.9,767,0.1,216.84
22.6,18.3,22.4,867,0.1,506.24
23.6,14.2,17.7,889,0.5,417.72
13.8,10.6,15.8,1522,0.9,218.04
20.6,15.9,21.5,1667,0.9,442.9
13.8,11,14.5,978,0.8,200.1
12,10.8,16.2,1678,0.7,194.4
17,17.6,21.5,1667,0.4,365.5
22.4,17.5,21.5,1667,0.7,481.6
11.1,6.5,7.8,989,0.8,86.58
14.2,7.9,15.7,422,0.4,222.94
7.8,6.5,17.7,2278,0.5,138.06
12.8,12,15.8,1522,0.5,202.24
18.1,11.3,13.9,767,0.7,251.59
14.5,13.2,16.3,1556,0.2,236.35
19.6,13.5,14.8,1967,0.5,290.08
4.8,3.6,17.2,1778,0.9,82.56
18,9.8,15.1,1067,0.7,271.8
7.5,4.7,6,1322,0.6,45
15.8,13,16.2,1678,0.2,255.96
18.4,13.5,17.7,2278,0.2,325.68
10,10.6,15.1,1656,0.8,151
4.5,4.6,6,1322,0,27
7.4,5.7,6.4,911,0.5,47.36
17.6,12.8,14.1,556,1,248.16
9.2,5.9,10.1,1522,0.8,92.92
6.5,4.4,6,1322,0.5,39
16.4,12.7,16.2,1678,0.3,265.68
16.5,12.3,16.1,1656,0.9,265.65
9.6,6.7,7.1,1044,0.4,68.16
17.4,11.7,13.2,2122,0.9,229.68
9.5,4.8,6,1322,1,57
10.9,9.6,13.1,811,0.4,142.79
10.5,11,16.1,1656,0.6,169.05
22.9,14.6,16.2,1156,0.5,370.98
9.3,6.7,10.1,1522,0.2,93.93
25.6,18.8,20.3,1011,1,519.68
5.6,4.4,6.9,1356,0.7,38.64
4.8,4.4,10.1,1522,0.4,48.48
3.5,3.1,4.9,689,0.2,17.15
28.7,19.7,21.2,967,0.7,608.44
26.9,13.8,20.5,722,0.2,551.45
8.3,5.9,10.1,1522,0.3,83.83
18.5,11.5,13.2,2122,0.6,244.2
9.2,11.1,14.1,2200,0.4,129.72
16.2,14.5,15.1,1411,0.1,244.62
4.5,2.9,5.4,1133,0.3,24.3
17.1,12.7,14.4,1689,0.4,246.24
13.8,9,14.1,2200,0.8,194.58
23.3,14.6,16.6,1656,0.7,386.78
13.8,12.4,17.7,2278,0.9,244.26
8.7,8.6,15.1,1656,0,131.37
11.5,12.6,17.7,2278,1,203.55
17,13,17.7,2278,0.3,300.9
11,12.2,15.1,1656,0.8,166.1
14.7,9.7,16.2,1678,1,238.14
20.1,14.1,14.8,1022,0,297.48
17.2,13.3,15.1,1067,0.9,259.72
10.5,11.5,16.1,1656,0.9,169.05
6,4.5,7.1,1044,0.8,42.6
14.9,11.9,14.4,1689,0.7,214.56
6.4,5.5,7.1,1044,0.9,45.44
7.1,5.7,6,1322,0.7,42.6
16.6,15.1,17.7,2278,0.2,293.82
16.1,11.7,14.8,1967,0,238.28
6.3,4.4,16.2,1156,1,102.06
19.4,14.4,16.3,1556,0.2,316.22
16.6,12.7,16.1,1656,0.2,267.26
18.6,15.4,16.5,1356,0.4,306.9
17.9,11.4,13.4,778,0.3,239.86
8.4,4.5,14.5,978,0.9,121.8
20.4,17.9,20.3,1011,0.1,414.12
13.5,12.9,16.3,1556,0.3,220.05
7.3,11.1,16.2,1678,0.9,118.26
21.1,14.8,16.5,1356,0,348.15
17.9,11.7,13.9,767,0.6,248.81
15.5,7.8,10.1,1522,0.9,156.55
12.1,12.8,14.4,1689,0.2,174.24
14.1,11.7,16.1,1656,0.1,227.01
12.4,13.2,16.3,1556,0.9,202.12
16.9,13.1,15.1,1656,0.3,255.19
16.3,12.9,15.1,1656,0.4,246.13
13.5,9.2,14,2333,0.5,189
17.4,14,17.3,1122,0.1,301.02
13.1,9.2,14.5,978,0.1,189.95
14.4,11.2,15.1,1067,0.4,217.44
20.6,13.6,14.8,1967,0.1,304.88
10.1,11.5,16.6,1656,0.8,167.66
3.5,4.4,6.9,1356,0.6,24.15
4.2,3.9,7.1,1044,0.9,29.82
14.3,6.8,14.6,789,1,208.78
12.4,11.9,15.1,1411,0.9,187.24
20.3,13.7,15.1,1411,0.1,306.53
14.7,13,16.3,1556,0.6,239.61
17.1,11.5,14.8,1967,0.1,253.08
6,3.7,6,1322,0.2,36
7.8,5.6,6.4,911,0.5,49.92
17.3,12.4,14.4,1689,0.8,249.12
12.4,12.2,14.8,1022,0.1,183.52
9.4,11.2,17.7,2278,0.7,166.38
5,5.8,7.2,1733,0.4,36
18,13.8,14.8,1967,0.3,266.4
7.4,4.5,5.4,1133,0.7,39.96
13.8,13.3,15.1,1067,0.8,208.38
15.8,12.2,14.8,1022,0.3,233.84
6.5,3.9,6.9,1356,0,44.85
7.7,5,9.7,1644,1,74.69
10.4,12.2,17.7,2278,0.7,184.08
8.4,6.3,7.1,1044,0.6,59.64
4.3,5.4,19.6,789,0.3,84.28
6.4,5.3,7.1,1044,0.2,45.44
16.5,15.2,22.4,867,0.5,369.6
13.1,11.1,13.2,2122,0.2,172.92
9,6.2,7.2,1733,0.9,64.8
26.8,20.6,20.3,1011,0.4,544.04
8.6,7.8,15,1956,0.5,129
22.1,16.3,18.8,1233,0,415.48
11.3,10.7,13.2,2122,0.9,149.16
23.6,15.8,16.1,689,0.5,379.96
12,6.1,10.4,500,0.7,124.8
3.7,3.2,5.4,1133,0.6,19.98
6.1,6.6,7.1,1044,0.2,43.31
6.2,10.5,15.8,1522,0.7,97.96
7,3.5,7.1,1044,0.2,49.7
18,16.5,21.5,1667,0.7,387
13.5,13,14.5,978,0.3,195.75
15.1,9,13.1,811,0.3,197.81
17.4,13.2,16.3,1556,0.9,283.62
15.3,11.5,14.5,978,0.2,221.85
7.6,5.2,6.8,767,0.6,51.68
8.8,4.7,9.7,1644,0.4,85.36
22,14.2,16.5,1356,0.4,363
12.6,9.2,14.1,556,0.8,177.66
15.6,13.6,15.1,1411,0.4,235.56
14,13.5,17.7,2278,0.7,247.8
15.4,12.3,17.3,1122,0.8,266.42
2.2,3.2,15,1956,0.7,33
14.7,11.8,14.6,789,0.4,214.62
4.1,3,7.8,989,0.2,31.98
14.5,12.3,16.5,1356,0.8,239.25
4,3,6.1,722,0.1,24.4
7.1,3.6,9.7,1644,0,68.87
4,3,5.4,1133,0,21.6
7,5.9,14,2333,0.8,98
18.6,17,22.4,867,0.3,416.64
12.9,8.9,15.7,422,0.2,202.53
21.6,13.5,14.4,1689,0.7,311.04
2.9,3.2,15,1956,0.8,43.5
16.5,12.1,15.1,1067,0.7,249.15
9.8,8.4,14.6,789,0.1,143.08
11.4,12.3,14.8,1967,0.9,168.72
14,7.8,7.8,989,0.3,109.2
8.3,9.5,14.8,1967,0.9,122.84
24.5,16.1,18.8,1233,0.1,460.6
7.5,5.2,16.2,1678,0.7,121.5
11.4,6.3,10.1,1522,0.9,115.14
9.6,5.5,7.1,1044,1,68.16
20.6,13.9,16.3,1556,0.3,335.78
3,2.5,6.1,722,0.3,18.3
4.8,5.4,16.3,1556,0.3,78.24
5.5,5.2,7.2,1733,0.4,39.6
10.6,11.3,14.4,1689,0.2,152.64
16.7,12.3,14.8,1967,0,247.16
15.8,12.8,15.1,1411,0.6,238.58
14.8,10.3,16.2,1156,0.2,239.76
9.5,7.5,6.8,767,0.6,64.6
15.6,14.9,21.5,1667,0.2,335.4
17.7,11.9,15.1,1067,0.4,267.27
14.7,13.3,16.3,1556,0.7,239.61
20.4,16.4,17.3,1122,0.1,352.92
8,6.5,14,2333,0.4,112
8,4.8,6,600,0.2,48
16.9,13,16.1,1656,0.1,272.09
17.2,11.9,17.3,1122,0.3,297.56
17.1,10.9,13.1,811,0.7,224.01
20,14.8,16.6,1467,0.4,332
17.7,11.6,16.2,1678,0.5,286.74
7.9,3.8,5.7,533,1,45.03
25.5,16.9,17.7,889,0.5,451.35
6.4,4,6,1322,0.3,38.4
21.4,14.7,22.4,867,0.9,479.36
3.9,3.8,4.9,689,0.7,19.11
6.6,3.8,5.4,1133,0.1,35.64
7.2,5.1,6.1,722,0.6,43.92
3.4,3.2,17.2,1778,0.4,58.48
15.6,12.5,13.4,778,0.5,209.04
16.2,13.4,16.6,1467,0.2,268.92
20.5,13.5,16.1,689,0.4,330.05
3.8,3,9.7,1644,0.7,36.86
18.2,14.5,17.3,1122,0.1,314.86
5.1,4,6,1322,0.4,30.6
5.1,4,9.7,1644,0.5,49.47
24,16.1,17.7,889,0.6,424.8
7.8,6.3,14.5,978,0,113.1
18.4,16.8,22.4,867,0.8,412.16
8.8,9,15.8,1522,0.3,139.04
15.7,12.9,16.1,1656,0.1,252.77
21.4,14.1,17.3,1122,0.6,370.22
18.1,12.3,13.9,767,0.7,251.59
4.3,2.8,6,1322,0,25.8
3,4.1,14,2333,0.3,42
15.1,6.4,15,1956,0.6,226.5
5.2,5.1,6.1,722,0.1,31.72
18.2,14.9,15.1,1656,0.3,274.82
15.5,13.1,14.4,1689,0.3,223.2
16.6,16.1,22.4,867,0.4,371.84
14.6,10.2,14,2333,0.7,204.4
16.6,12.2,15.1,1067,1,250.66
15.5,14.8,17.7,889,0.1,274.35
10.1,5.4,7.2,1733,0.9,72.72
8,5.8,6.1,722,0.6,48.8
4.9,4.6,7.2,1733,0.5,35.28
17.7,13.6,14.8,1022,0.8,261.96
16.7,17.2,19.6,789,0,327.32
3.2,2.8,7.8,989,0.3,24.96
3.3,1.8,4.9,689,0.6,16.17
17.5,13.9,14.8,1967,0.8,259
4.8,4.1,6.9,1356,0.2,33.12
21.1,14.3,16.6,1467,0.1,350.26
9.5,5.5,15.1,589,0,143.45
21.8,15.2,16.5,1356,0.5,359.7
11.6,7.5,15.7,422,0.8,182.12
14.6,12.5,17.2,1778,0,251.12
17.8,12.1,15.8,1522,0.3,281.24
7.2,5.2,6.9,1356,0.2,49.68
9.6,11.5,16.1,1656,0.2,154.56
23.5,12.6,13.2,2122,0.6,310.2
8.3,5.1,6,1322,0.6,49.8
6.2,4.7,6.9,1356,0.5,42.78
5,2.5,6.1,722,0.9,30.5
6,5.7,5.7,533,1,34.2
4.8,4,7.8,989,0.6,37.44
5.4,4.1,6.9,1356,0.6,37.26
4.7,4.5,6,1322,1,28.2
11.1,12.2,14,2333,0.8,155.4
17.7,12.7,14.8,1967,0.1,261.96
13.7,14.4,17.7,889,0.7,242.49
5.5,5.1,16.6,1656,0.8,91.3
5.8,3.8,4.9,689,0.7,28.42
11.4,7.3,7.8,989,0.1,88.92
18.2,12.3,15.1,1067,0.2,274.82
10.5,5.3,10.4,500,0.2,109.2
8,4.1,5.4,1133,0.2,43.2
19.8,13.5,16.1,689,0.5,318.78
25.8,20.3,21.2,967,0.1,546.96
4.5,2.9,7.8,989,0.5,35.1
15.5,11.7,13.1,811,0.3,203.05
19,12.5,13.9,767,0.7,264.1
21.9,18.5,19.6,789,0.4,429.24
17.9,12.1,15.8,1522,0.6,282.82
5.6,5.6,6.4,911,0.6,35.84
16.6,12.9,13.9,767,0.2,230.74
16,15,15.1,1411,0.9,241.6
7.9,8.1,14.8,1967,0.9,116.92
7.2,5.9,6.8,767,0.1,48.96
20.7,13.1,14.1,556,0.7,291.87
15.5,15.8,21.5,1667,0,333.25
9.4,6.4,14.8,1967,0.1,139.12
4.7,4.7,7.2,1733,0.7,33.84
6.4,5.8,14,2333,0.2,89.6
20.4,13.8,16.6,1467,0.2,338.64
14.4,10.6,14.8,1967,0.7,213.12
16.8,11.6,15.1,589,0.2,253.68
7.5,3.6,6,600,0.1,45
19.4,16.6,21.5,1667,1,417.1
10.3,5.1,6.4,911,0.4,65.92
17.1,14.8,14.8,1967,0.3,253.08
17.7,15.5,17.3,1122,0.1,306.21
7.9,4.7,6,1322,0,47.4
21.7,17.8,17.3,1122,0.7,375.41
15.5,12.8,14.8,1022,0.1,229.4
22.6,14.4,15.7,1022,0.1,354.82
17.3,17.2,22.4,867,0.5,387.52
7.9,6.3,15.1,1411,0,119.29
8,14.1,21.5,1667,0.3,172
11.2,8.9,14,2333,0.7,156.8
16.2,11.9,13.2,2122,0,213.84
14.9,12.2,15.1,1656,0.2,224.99
17.6,12.8,17.3,1122,0.4,304.48
18.5,14.7,15.1,1656,0.8,279.35
29.2,15,17.7,889,0.7,516.84
9.3,9.8,14,2333,0.1,130.2
12.5,11.1,16.1,1656,0.1,201.25
3.7,3.9,17.2,1778,0.3,63.64
13.7,5.9,7.8,989,0.4,106.86
28.1,15.5,17.7,889,0.2,497.37
3.6,4.2,6.2,1311,0.2,22.32
16.1,13.3,15.7,1022,0.3,252.77
15.3,12.4,15.1,1656,1,231.03
23.6,13,14.8,1022,0.7,349.28
19.7,12.7,14.8,1967,0.8,291.56
17.8,13.6,17.7,2278,0.8,315.06
17.1,13.2,14.5,978,0.9,247.95
15.2,11.2,13.4,778,0.4,203.68
16,14.1,16.2,1678,0.4,259.2
15.6,13,18.8,1233,0.4,293.28
3.5,6.7,13.2,2122,0.1,46.2
19.6,11.7,14.5,978,0.6,284.2
4.1,3,4.9,689,0.8,20.09
10.9,6.2,9.7,1644,0.9,105.73
6.9,5,6.4,911,0,44.16
19.9,15.6,17.7,889,0.5,352.23
18.8,14.9,22.4,867,0.7,421.12
16.4,11.8,15.1,1656,0.7,247.64
17.8,14.8,17.7,2278,0.3,315.06
12.2,6.8,7.8,989,0.2,95.16
5.2,4.5,6,600,0.8,31.2
19.5,15.2,15.1,1656,0.2,294.45
6.5,5,6.4,911,0.4,41.6
5.4,4.2,5.4,1133,0.4,29.16
18.4,12.3,13.2,2122,0.7,242.88
4.6,4.5,15.8,1522,1,72.68
12.4,11,14.4,1689,0.2,178.56
12.7,12.5,17.7,2278,1,224.79
6.4,4.8,7.2,1733,0.9,46.08
17.4,11.9,15.8,1522,0.6,274.92
12.3,7.8,21.2,967,0.5,260.76
18.6,13.3,18.8,1233,0.3,349.68
8.9,6.8,10.1,1522,0.9,89.89
26.8,20.4,21.2,967,0.6,568.16
10.2,10.6,15.1,1411,0.5,154.02
8.1,7.3,16.1,689,0,130.41
22.8,15.4,22.4,867,0.3,510.72
12.6,10.6,14.5,978,0.9,182.7
6.8,5.4,10.1,1522,0.2,68.68
4.4,4.5,5.4,1133,0.4,23.76
3.1,5.1,15.8,1522,0.3,48.98
13.3,9.6,14,2333,0.3,186.2
12,10.1,15.8,1522,0.9,189.6
7.4,5.2,6.1,722,0.6,45.14
7.6,4.3,6,600,0.3,45.6
12.2,11.9,14.8,1967,0.2,180.56
19.4,12.6,14.4,1689,0.5,279.36
24.3,13.8,19.6,789,0.2,476.28
14.7,12.8,17.3,1122,1,254.31
20,10.9,14.1,556,0.6,282
16.7,11,14.6,789,0.8,243.82
19.4,11.7,15.1,1067,0.7,292.94
10.2,5.6,15,1956,1,153
17.6,13.5,16.6,1467,0.7,292.16
15.5,14.3,16.3,1556,0.9,252.65
8.9,6.6,6.9,1356,0.7,61.41
8.5,4.8,5.4,1133,0.8,45.9
23.1,14.4,20.5,722,0,473.55
14.6,10.5,20.5,722,0.7,299.3
17.8,16.3,16.5,1356,0.8,293.7
5.9,6.7,13.2,2122,0.8,77.88
4.6,3.6,7.8,989,0.5,35.88
12.5,10,15.1,1656,0.4,188.75
22.3,18.9,21.2,967,0.1,472.76
10.8,5.9,15.1,1411,0.8,163.08
8.2,6.1,7.1,1044,0.3,58.22
22,15.7,21.5,1667,1,473
5.2,3.5,9.7,1644,0.3,50.44
12,10.6,14.8,1967,0.5,177.6
14.8,11.7,15.1,1067,0.8,223.48
15.5,12.1,16.1,1656,0.2,249.55
23,12.3,13.2,2122,0,303.6
15.6,13.1,17.7,2278,0.6,276.12
12.6,10.2,14,2333,0.9,176.4
13.8,15.3,17.7,889,0.4,244.26
17.6,12.6,15.1,1067,0.1,265.76
16.2,12.4,14.4,1689,0.5,233.28
8.2,6,6.1,722,0,50.02
20.1,15.5,16.6,1656,0.2,333.66
15.1,14.9,17.7,2278,1,267.27
16.9,17.2,21.5,1667,0.7,363.35
17.2,10.9,13.2,2122,0.8,227.04
8,12.6,14.8,1967,0.6,118.4
20.7,15,15.1,1067,0.5,312.57
19,14.5,17.7,2278,0.3,336.3
16.5,11.7,13.9,767,0.9,229.35
9.2,10.3,13.2,2122,0.9,121.44
6.9,6.3,16.3,1556,0.8,112.47
14.5,10.5,13.9,767,0.3,201.55
20.3,14,21.5,1667,0.9,436.45
23.5,17.2,20.3,1011,0.9,477.05
4.2,2.7,6.1,722,0.3,25.62
13,15.4,17.2,1778,0.2,223.6
19.2,19,21.2,967,0.5,407.04
8.6,10.6,14.8,1967,1,127.28
16.5,6.4,18.8,1233,0.3,310.2
3.4,2.9,14.8,1022,0.5,50.32
15.8,10.7,15.1,1411,0.1,238.58
19.9,13.5,13.1,811,0.7,260.69
14.6,12.3,14.5,978,0.6,211.7
15.6,10,13.1,811,1,204.36
14.8,11.3,16.1,1656,0.6,238.28
20.1,12.9,20.5,722,0.6,412.05
17.2,11.3,16.2,1678,0.2,278.64
9.4,9.3,15.8,1522,0.9,148.52
8.2,5.2,6.9,1356,0.9,56.58
3.6,3.2,4.9,689,0,17.64
7.6,6.1,7.2,1733,0.9,54.72
7.5,7.2,17.7,2278,0.7,132.75
17.4,7.3,14.8,1967,0,257.52
10.3,9.9,13.2,2122,0.6,135.96
17,13.2,19.6,789,0.5,333.2
11.6,5.1,14,2333,0.1,162.4
14.6,10.3,13.2,2122,0,192.72
22,18,20.3,1011,0.2,446.6
2.7,2.2,6.1,722,0.5,16.47
19.1,16,20.3,1011,0.2,387.73
17.8,11.8,15.7,422,0.3,279.46
6.4,7.4,15.8,1522,0.6,101.12
18.4,16.4,16.6,1467,0.7,305.44
7,6.3,7.2,1733,0.4,50.4
21.5,13.6,13.4,778,0.3,288.1
7.9,4.5,9.7,1644,0.3,76.63
6,5.7,7.1,1044,0.5,42.6
14.9,13.4,15.1,1656,0.6,224.99
10,9.4,13.2,2122,0.1,132
6.5,4.9,7.2,1733,0.5,46.8
4.5,4.1,4.9,689,0.5,22.05
14.7,8.6,15.7,422,0,230.79
11.8,7.9,15.1,1411,1,178.18
18.2,12.7,14.4,1689,0.6,262.08
6.1,4,14,2333,0.7,85.4
23.1,16.1,20.3,1011,0.2,468.93
19.8,15.6,18.8,1233,1,372.24
15,12.2,16.1,1656,0.6,241.5
21.9,15.3,16.3,1556,0.8,356.97
8.8,7.3,14.8,1967,0,130.24
21,12.1,15.8,1522,0.3,331.8
7.8,5.1,6,600,1,46.8
14,13.9,15.1,1411,0.7,211.4
4.3,3.7,5.4,1133,0.7,23.22
11.3,10.5,16.2,1678,0.7,183.06
10,5.8,6.8,767,0.4,68
19.7,10.5,13.4,778,0.8,263.98
17.3,14.5,18.8,1233,0.1,325.24
16.4,12.4,15.1,1411,0.9,247.64
17.8,14.6,17.7,2278,0.6,315.06
4.2,2.1,10.4,500,1,43.68
17.7,12.6,16.3,1556,0.8,288.51
3.8,3.2,4.9,689,0,18.62
17,13.7,16.1,1656,0.4,273.7
17.3,11.8,13.1,811,0.5,226.63
17.6,15.8,17.7,2278,0.7,311.52
23.7,12.6,15.7,422,0.3,372.09
23,18.8,20.3,1011,0.3,466.9
9.8,6.7,14,2333,0.4,137.2
8.3,4.2,20.5,722,0.6,170.15
19.1,13,16.3,1556,0.8,311.33
18.8,14.8,20.3,1011,0,381.64
5.6,4.1,15.1,1411,0.7,84.56
21,13.6,16.2,1156,0.9,340.2
16.4,17.8,20.3,1011,0.5,332.92
12.2,8.1,14.8,1022,0.8,180.56
9,15.5,17.3,1122,0.9,155.7
14.9,13.9,16.6,1467,0.8,247.34
16.2,12.8,15.1,1656,0.3,244.62
24.5,15.4,17.7,889,0.2,433.65
19.8,13.5,16.1,1656,0.9,318.78
16.4,13.4,15.1,1067,0.6,247.64
5.5,5.1,17.3,1122,0.7,95.15
16.4,12.6,14.4,1689,1,236.16
13.2,14,15.8,1522,0.9,208.56
6,4.6,6.9,1356,0,41.4
14,12,16.1,1656,0.5,225.4
17.4,10.3,16.1,1656,0.1,280.14
12.1,7.7,7.8,989,0.7,94.38
10.2,8.4,14.5,978,0.5,147.9
20.1,14.9,21.5,1667,0.9,432.15
7.9,6.2,6.9,1356,0.2,54.51
16.7,12.9,15.8,1522,0.9,263.86
18.2,14.4,16.3,1556,0.2,296.66
18.7,9.4,14.1,556,0.6,263.67
13.5,13.1,16.3,1556,0.8,220.05
25.5,16.7,17.7,889,1,451.35
8.8,10.8,14.8,1967,0.8,130.24
16.4,12,15.1,1067,0.8,247.64
12.4,10,14.8,1967,0.9,183.52
17.8,11.9,14.1,556,0.6,250.98
6.3,4,6,1322,0.8,37.8
17.5,12.2,16.2,1156,0.6,283.5
7.9,7.7,16.2,1156,0.1,127.98
10.2,5.1,9.7,1644,0.3,98.94
13.8,13,18.8,1233,0.4,259.44
7.5,6.3,10.1,1522,0.7,75.75
12.7,9.1,13.1,811,0.8,166.37
4.7,2.4,6,1322,0,28.2
14,11.6,17.7,2278,0.3,247.8
11.7,11,16.6,1656,0.3,194.22
20.8,16.9,21.2,967,0.6,440.96
12.4,9.6,17.7,2278,0.5,219.48
2.3,3.5,5.4,1133,0.9,12.42
19.7,15.6,16.3,1556,0.9,321.11
4.1,4,6,1322,0.9,24.6
19.9,13,14.8,1967,0.2,294.52
11.8,9.2,16.2,1156,0.5,191.16
8.3,4.2,5.7,533,0.8,47.31
11.3,6.8,14.8,1022,0.9,167.24
7.8,6.6,15.1,1411,0.6,117.78
12.4,12.7,18.8,1233,0.2,233.12
15.8,12,14.8,1022,1,233.84
7.2,6.1,7.2,1733,0.1,51.84
16.4,11.7,14.1,556,0.1,231.24
10.4,11.4,17.7,2278,0.3,184.08
29,16.5,22.4,867,0.7,649.6
2.6,1.4,4.9,689,0.2,12.74
28.9,10.4,19.6,789,0.3,566.44
12,10.1,16.1,689,0.7,193.2
15.6,13.1,15.1,1656,0.8,235.56
8.9,8.9,14,2333,0.3,124.6
17.4,12.8,13.2,2122,0.3,229.68
17.4,12.7,14.1,556,0.8,245.34
27.3,16,19.6,789,0.7,535.08
16.8,15.3,18.8,1233,0.5,315.84
11.3,9.9,14,2333,0.4,158.2
20.7,13.2,15.1,589,0.6,312.57
3.4,3.6,6.9,1356,0.3,23.46
20.4,14.4,15.1,1411,0.7,308.04
6.5,5.1,7.2,1733,0.1,46.8
7.6,3.9,6,600,0.6,45.6
17,11.1,16.2,1156,1,275.4
13.5,10.5,13.2,2122,0,178.2
11.1,8.4,16.2,1678,1,179.82
17.3,16.4,21.5,1667,0.8,371.95
8.7,4.8,10.4,500,0.5,90.48
20,10.4,13.4,778,0.3,268
19.2,12.6,16.3,1556,0.4,312.96
6.4,4.8,7.2,1733,0.1,46.08
2.9,3.4,5.7,533,0.4,16.53
14.5,13.6,14.5,978,0,210.25
17.1,13.3,16.1,1656,0.2,275.31
20.8,15,16.3,1556,0.9,339.04
3.9,3.8,7.2,1733,0.8,28.08
13,11.1,14.5,978,0.8,188.5
14.3,6.3,9.7,1644,0.7,138.71
22.5,14.3,16.5,1356,0.2,371.25
15.8,11.4,13.2,2122,0,208.56
4.4,3.5,5.4,1133,0.2,23.76
11.4,12.1,16.2,1678,0.3,184.68
5.1,4.8,6.4,911,0.3,32.64
6,4.7,5.4,1133,0.3,32.4
11,14.1,15.1,1656,0,166.1
22.9,14.7,16.3,1556,0.8,373.27
16.1,12.5,16.1,1656,0.1,259.21
8.6,9.3,14.8,1022,0.4,127.28
10,5.6,6.4,911,0.7,64
9.2,3.9,16.2,1156,0.1,149.04
11.8,12,19.6,789,0.5,231.28
3.3,2.5,4.9,689,0.7,16.17
9.6,10.6,16.2,1156,0.5,155.52
14.1,12.8,17.7,2278,0.8,249.57
19.2,13.7,14.5,978,1,278.4
7.5,6.8,16.6,1656,0.2,124.5
15.6,14.9,16.6,1467,0.7,258.96
22.3,14.7,15.1,589,0.7,336.73
13.1,11.1,17.7,2278,0.2,231.87
4.5,4.3,6.8,767,0.8,30.6
17.6,10.7,13.2,2122,0.8,232.32
4.1,3.7,6.9,1356,0.2,28.29
15.2,12.7,15.1,1656,0.3,229.52
19.7,15.6,16.5,1356,0.9,325.05
3.3,5.4,17.2,1778,0.3,56.76
5.3,4.4,4.9,689,0.1,25.97
17.4,8.5,14,2333,0.5,243.6
19.2,8.7,16.2,1678,0,311.04
9.2,5.4,6.8,767,0.2,62.56
8.7,6.1,14.6,789,0.2,127.02
17.6,11.5,15.1,1656,0.7,265.76
8.4,9.9,17.2,1778,0.5,144.48
23.3,20.3,21.2,967,1,493.96
15.8,11.3,16.1,1656,0.8,254.38
6,3.9,6.9,1356,0.2,41.4
23.7,15.9,15.1,1656,0.8,357.87
14.8,12.1,16.2,1678,0.9,239.76
19.3,14.3,16.5,1356,0.4,318.45
16.3,14.7,18.8,1233,0.6,306.44
8.3,8.3,16.6,1656,0.9,137.78
7.6,4.5,6,600,0.4,45.6
6.9,4.8,6,1322,0.3,41.4
4.2,5.4,14.8,1022,0.4,62.16
14.2,14.3,15.8,1522,1,224.36
12.5,13.5,16.2,1156,0.3,202.5
10,10.5,13.2,2122,0.8,132
19.7,16.3,21.5,1667,0.1,423.55
28,17.5,21.2,967,0.7,593.6
21,14.9,16.3,1556,0.1,342.3
21.5,12.5,13.9,767,0.5,298.85
24.5,16.3,17.7,889,0.7,433.65
8,9.7,17.7,2278,0.7,141.6
6.2,4.8,21.2,967,0.8,131.44
18.9,11.4,16.2,1156,0.3,306.18
5.5,3.6,7.1,1044,0.1,39.05
9.9,6.4,7.1,1044,0.8,70.29
25.2,14.2,14.8,1967,0.1,372.96
6.6,4.8,7.1,1044,0.8,46.86
12.1,12.6,16.3,1556,0.9,197.23
7.3,4.3,6.4,911,0.8,46.72
12.5,6.3,7.8,989,0.2,97.5
10.9,8.4,14,2333,0.7,152.6
8.1,10.4,13.2,2122,0.6,106.92
17.8,13,14.4,1689,0,256.32
16.3,10.3,14.1,556,0.4,229.83
15.8,12.8,14.8,1022,0,233.84
8.2,6.9,10.1,1522,0.5,82.82
21.5,15.2,17.3,1122,0.2,371.95
17.1,12.4,15.8,1522,0.2,270.18
14.4,11.5,13.2,2122,0.3,190.08
18.4,11.5,13.2,2122,0.9,242.88
8.5,3.6,6.9,1356,0.7,58.65
13.8,7.6,10.1,1522,0,139.38
17,10.6,14.4,1689,0.5,244.8
20.1,12.1,14.1,556,0.7,283.41
3,3.3,6.9,1356,0.1,20.7
9.2,10.9,16.2,1156,0.1,149.04
5.8,8.5,13.2,2122,0.2,76.56
9.5,11.4,15.1,1656,0.5,143.45
32.5,17.2,22.4,867,0.7,728
16.8,14,15.1,589,0.5,253.68
3.2,3.6,15,1956,0.2,48
11,6.3,7.2,1733,0.2,79.2
18.1,14.8,15.1,1656,0.9,273.31
4.3,3.5,6,1322,0.9,25.8
15.1,11.7,16.2,1156,0.8,244.62
11.3,7.2,6.9,1356,0.8,77.97
19,12.6,15.8,1522,1,300.2
20.4,14.7,15.1,1656,0.2,308.04
25.2,16.9,22.4,867,0.2,564.48
13.5,12.7,15.1,1656,0.9,203.85
15.2,12.6,14.4,1689,0.2,218.88
17,12.4,13.2,2122,0.6,224.4
12.6,10.4,15.8,1522,0.6,199.08
23.1,14.5,14.1,556,0.8,325.71
14.2,12.7,14.8,1022,0.9,210.16
7.5,5.5,7.2,1733,0.4,54
19.2,5.8,13.4,778,1,257.28
7.3,4.4,6,1322,1,43.8
15,13.2,16.2,1678,0.7,243
20.8,18.7,20.5,722,0.7,426.4
12.8,11.7,16.1,1656,0.2,206.08
11.5,16.1,21.5,1667,0.4,247.25
17.7,9.6,14.6,789,0.6,258.42
7.4,16.4,20.5,722,0.6,151.7
10.1,10.7,21.2,967,0.5,214.12
13.4,12.5,15.1,1411,0.1,202.34
3.7,2.2,14.1,556,0.1,52.17
18.3,11.7,16.2,1678,0.7,296.46
15.2,11.7,13.2,2122,0.9,200.64
16.7,14.2,16.3,1556,0.8,272.21
14.2,9.6,14.1,2200,0.6,200.22
3.8,3.1,7.8,989,0.4,29.64
14.1,12.1,16.5,1356,0.6,232.65
11.5,9.9,14.4,1689,0.1,165.6
3.2,3.9,17.7,2278,0.6,56.64
7.2,4.8,6,1322,0,43.2
16.1,12.3,16.1,1656,0.4,259.21
17.6,12.9,16.1,1656,0.9,283.36
5.1,5.8,7.2,1733,0.7,36.72
11.3,6.2,10.1,1522,0.8,114.13
17.8,9.7,16.3,1556,0.9,290.14
8.6,7.9,16.5,1356,0.9,141.9
28.6,17.7,22.4,867,0.8,640.64
8.5,5.1,6.8,767,0.4,57.8
14.2,12.3,16.2,1678,0.6,230.04
7.2,6.7,15.1,1656,0.9,108.72
25.1,14.8,13.9,767,0.9,348.89
12.5,11.8,16.1,1656,0.8,201.25
7.3,3.8,6,600,0.9,43.8
18.1,13.3,14.8,1967,0.9,267.88
19.4,11.9,13.2,2122,0.4,256.08
16.6,12.8,17.3,1122,0.7,287.18
3.7,2.8,6.8,767,0.3,25.16
15.8,11.9,13.2,2122,0.1,208.56
20.5,12.4,16.2,1156,0.4,332.1
5.1,4.9,15.8,1522,0.9,80.58
21.7,14.9,18.8,1233,0,407.96
21.6,12.4,13.2,2122,0.4,285.12
14.5,9.8,13.1,811,0.8,189.95
5.7,2.9,6,1322,0.4,34.2
6.3,4.5,6.8,767,0.8,42.84
12.1,8.2,14,2333,0.9,169.4
16.9,14.3,16.2,1678,0.8,273.78
11.1,11.4,17.7,2278,0.9,196.47
4.5,3.4,6,1322,0.8,27
8,4.7,6.8,767,0.4,54.4
10.9,10,16.2,1156,0.7,176.58
16.7,13.5,16.2,1678,0.4,270.54
8.9,4.3,6,600,0.8,53.4
7,5.5,9.7,1644,0.4,67.9
9,5.3,10.1,1522,0.1,90.9
6.3,7.3,14,2333,0.1,88.2
11.2,6,9.7,1644,0.6,108.64
10.4,8.3,14,2333,0.4,145.6
13.2,9.6,14.8,1967,0,195.36
8.6,6.5,10.1,1522,0.8,86.86
19.7,12,14.1,556,0.7,277.77
17.7,12.8,16.5,1356,0.4,292.05
13.6,11.3,14.8,1967,0.1,201.28
17.8,13.3,16.1,1656,0.8,286.58
6,3.8,6.1,722,0.1,36.6
19.1,14.3,18.8,1233,0.2,359.08
7.3,8.4,13.2,2122,0.6,96.36
12.1,7.1,14.5,978,0.7,175.45
18.5,12.3,16.1,1656,0.9,297.85
18.7,12.7,15.1,1067,0.7,282.37
14,15.1,16.6,1467,0.7,232.4
20.8,14.1,17.3,1122,0.8,359.84
25.2,18.4,20.3,1011,0.6,511.56
7.1,4,5.4,1133,0.2,38.34
20.8,15.5,16.5,1356,0.5,343.2
20.8,12.5,16.1,1656,0.3,334.88
10.5,6.7,10.1,1522,0.8,106.05
10.7,5.1,6.9,1356,0.7,73.83
15.3,11.9,14.4,1689,0.9,220.32
9.4,6.5,7.1,1044,1,66.74
14.5,12,15.1,1411,0.1,218.95
19.7,12.9,14.8,1967,0.8,291.56
4.1,3.5,7.8,989,0.7,31.98
16.3,15.2,21.5,1667,0.9,350.45
6.5,3.5,5.4,1133,0.2,35.1
11.9,10.8,13.4,778,0.4,159.46
6,4.7,5.4,1133,0.5,32.4
5.4,3.7,18.8,1233,0,101.52
14.9,10.6,14.8,1967,0.6,220.52
8.3,5.9,7.2,1733,0.2,59.76
13.2,9.6,17.7,2278,0.4,233.64
6.7,4.4,9.7,1644,0,64.99
15.8,9.4,13.1,811,0.4,206.98
7.7,9.7,17.7,2278,0,136.29
14.1,12.3,14.4,1689,0.1,203.04
20.5,16.7,22.4,867,0.6,459.2
7.9,9.9,17.7,2278,0.1,139.83
16.9,9.2,13.1,811,0.4,221.39
5.7,4.6,7.2,1733,0.4,41.04
13.5,10.5,13.2,2122,0.4,178.2
11.4,10.5,17.7,2278,0.8,201.78
12.6,12.5,16.1,1656,0.3,202.86
19.1,13.3,15.1,1656,0.2,288.41
9.5,6,7.1,1044,0,67.45
7.1,4.7,6.1,722,0.3,43.31
8,6,6,1322,0,48
12.4,11.6,19.6,789,0.2,243.04
14.8,12.6,17.3,1122,0.5,256.04
10.2,7.8,17.3,1122,0,176.46
16.1,13.9,14.4,1689,0.3,231.84
17.7,12.7,16.3,1556,0.8,288.51
4.1,4,6,1322,0.7,24.6
7.8,5.6,15.1,1411,0.1,117.78
20.7,13.7,15.1,1067,0.9,312.57
21.7,15.7,16.3,1556,0.4,353.71
4.2,3,6,1322,0.5,25.2
12.9,11.2,16.1,1656,0.9,207.69
17.5,13.6,16.1,1656,0.9,281.75
21.2,14.9,16.3,1556,0.8,345.56
12.3,6.7,7.8,989,0.7,95.94
4.2,5.5,14.1,2200,0.2,59.22
10.8,10.1,13.2,2122,0.7,142.56
14.5,12.4,14.4,1689,0.1,208.8
15.9,9.5,15.7,422,0.5,249.63
14.5,15.2,17.3,1122,0.2,250.85
13.7,14.8,16.3,1556,0.3,223.31
19.6,13.5,16.2,1678,0.6,317.52
8,5.5,6.8,767,0.7,54.4
16.8,11.8,16.1,1656,0.1,270.48
14.3,9.1,20.5,722,0.1,293.15
6,3.2,6.1,722,1,36.6
13.2,12.6,15.7,1022,0.4,207.24
15.8,12.1,14.8,1967,0.2,233.84
4.3,4.7,5.7,533,0.6,24.51
7.2,7.5,18.8,1233,0.7,135.36
16.8,11.7,15.1,1411,0.2,253.68
16.3,12.2,17.7,2278,0.9,288.51
8.7,4.2,5.7,533,0.6,49.59
8.8,8.5,16.6,1656,0.5,146.08
9.8,6.6,10.1,1522,0.7,98.98
15,11.8,16.1,1656,0.9,241.5
27.6,17.9,22.4,867,0.8,618.24
14.9,11.4,13.2,2122,0.7,196.68
16.5,14.5,18.8,1233,0.7,310.2
15,11.9,15.1,1411,0.9,226.5
5.4,10.1,14,2333,0.7,75.6
24.2,16.8,21.5,1667,0.9,520.3
10.7,7.4,21.2,967,0.9,226.84
15,12.1,16.1,1656,0.7,241.5
15.7,15.6,21.5,1667,0.6,337.55
5.5,4.7,6.4,911,0.8,35.2
12,12.1,13.1,811,0.4,157.2
27.1,16.6,19.6,789,0.4,531.16
11.3,7.9,17.3,1122,0.6,195.49
14.7,12.2,16.6,1467,0.2,244.02
5,3.4,6,1322,0.5,30
13.4,7,14,2333,0.3,187.6
16.2,13.7,15.8,1522,0.3,255.96
15.7,13.1,15.1,1656,0.3,237.07
17.2,13.6,15.1,1411,0.1,259.72
11.9,12.1,16.2,1678,0.9,192.78
14.9,11.3,14.8,1022,0,220.52
12.2,10.2,16.1,1656,0,196.42
6.5,4.9,6.4,911,0.4,41.6
13.1,12.2,15.1,1656,0.6,197.81
8.4,4.5,5.4,1133,0.7,45.36
16.9,12.2,14.4,1689,1,243.36
7,4.7,7.1,1044,0.1,49.7
5.1,4.7,6.9,1356,0.2,35.19
16.2,12.3,14.5,978,0.1,234.9
13.7,11.7,14.4,1689,0.6,197.28
10.8,10.4,14,2333,0.7,151.2
12.9,7,14,2333,0.6,180.6
3.4,4.8,15.8,1522,0.8,53.72
10.6,6.3,9.7,1644,0.9,102.82
13.2,8.6,14.1,2200,0.8,186.12
7.3,3.8,5.7,533,0.5,41.61
14.9,14.6,16.3,1556,0.5,242.87
8.2,9.9,13.2,2122,0,108.24
10.6,12.7,16.2,1678,0.3,171.72
18.1,6.5,20.5,722,0.3,371.05
15.3,14.6,17.7,2278,0.4,270.81
19.2,14.4,17.7,2278,0.7,339.84
16.1,13.2,13.9,767,0.3,223.79
15.7,11.8,13.2,2122,0.1,207.24
18.3,12.4,14.4,1689,0,263.52
16.5,12.3,14.8,1967,0.9,244.2
18,12.9,15.1,1656,0.6,271.8
22.8,12.8,13.9,767,0.6,316.92
18.2,13.2,15.1,1411,0.8,274.82
12.8,8.6,14,2333,0.6,179.2
19.4,18.6,20.3,1011,0.4,393.82
5.1,5,16.6,1467,0.9,84.66
11.1,9.4,14,2333,1,155.4
9,5.8,13.1,811,0,117.9
6.5,5.7,6,600,0.5,39
18.4,13.3,13.2,2122,0.4,242.88
14.8,12.4,15.1,1411,0.8,223.48
13.8,7.6,14.6,789,0.7,201.48
22.4,15.5,17.3,1122,0.1,387.52
27.8,15.4,17.7,889,0.5,492.06
11.2,5.9,14,2333,0.6,156.8
6.4,4,5.4,1133,0.6,34.56
7,4.2,7.2,1733,0,50.4
8.9,5.1,6.8,767,0.6,60.52
18.7,14.3,16.3,1556,0.3,304.81
10.2,8.4,13.2,2122,0.6,134.64
12.4,12.5,15,1956,0.5,186
9.7,11.4,18.8,1233,0.9,182.36
13.1,13.6,16.2,1678,0.1,212.22
14.1,12.6,15.1,1656,0.3,212.91
9.8,6.2,14,2333,1,137.2
14.9,11.8,14.8,1967,0.1,220.52
7.2,5.2,6.8,767,0.8,48.96
20.5,14.6,15.1,1067,0.2,309.55
17.5,14.8,18.8,1233,0.3,329
8,5,6.9,1356,0.8,55.2
8.3,3.8,5.7,533,0.4,47.31
15.7,13.8,14.1,556,0.6,221.37
24,9,19.6,789,0.4,470.4
26.9,16.6,21.5,1667,0.6,578.35
14.5,12.3,16.1,1656,0.9,233.45
13.4,11.9,14.8,1967,0.2,198.32
11.3,6.2,7.8,989,0.8,88.14
15.6,10.2,16.2,1678,0.6,252.72
24.3,15.4,16.3,1556,1,396.09
22.1,12,13.4,778,0.2,296.14
14.9,11.8,14.4,1689,0.6,214.56
14.1,12.5,16.2,1156,0.2,228.42
17.5,15.5,21.2,967,0.4,371
19.9,10.6,13.9,767,0.7,276.61
6.6,6,16.2,1678,0,106.92
7.9,9,14,2333,0.2,110.6
4.1,3.5,5.4,1133,0.7,22.14
13.3,11.3,14.4,1689,0.3,191.52
15.8,13,16.1,689,0.2,254.38
17,7.1,10.1,1522,0.8,171.7
7,6.6,14.8,1967,1,103.6
20.2,13.8,17.3,1122,0.3,349.46
14.3,15.8,16.3,1556,0.6,233.09
20.1,13.5,14.4,1689,0.3,289.44
15.9,14.4,15.1,1656,0.5,240.09
17.2,13.9,16.5,1356,0.2,283.8
5.3,5.7,7.2,1733,0.7,38.16
19.9,13.7,15.1,1411,0.9,300.49
3.4,4.8,6.8,767,0.8,23.12
3.9,3.7,9.7,1644,0.3,37.83
3.9,3.8,6.9,1356,0.9,26.91
15.5,12.7,16.5,1356,0.4,255.75
17.3,13.3,14.5,978,1,250.85
21.3,17.1,21.2,967,0.3,451.56
25.8,17.1,20.3,1011,0.5,523.74
15.3,13,14.4,1689,0.6,220.32
6.3,4.6,14.8,1022,0.1,93.24
26.5,19.3,20.3,1011,0.7,537.95
23.3,12.5,16.2,1678,0.9,377.46
19.9,14.1,16.1,689,1,320.39
21.2,11.1,19.6,789,0.9,415.52
4.2,9.2,14.6,789,0.3,61.32
13.9,11.4,15.8,1522,0.7,219.62
13.2,11.8,13.1,811,0.2,172.92
5.1,3.1,4.9,689,0.3,24.99
16.1,10,16.2,1156,0.5,260.82
5.9,3.5,6.1,722,0.9,35.99
19.2,15.1,21.5,1667,0.1,412.8
9.4,7.1,7.2,1733,0.1,67.68
15.5,12.3,15.1,1656,0.5,234.05
10.6,11.9,16.2,1678,1,171.72
4.8,3.6,6.1,722,1,29.28
8,5.1,6,1322,0.6,48
14.7,14.1,15.1,1411,0.6,221.97
6.5,4.4,6.4,911,0.1,41.6
21.9,14.5,15.1,1656,0.3,330.69
17.2,12.1,13.1,811,0.1,225.32
10.3,7,16.2,1678,0,166.86
8.7,11.5,13.4,778,0.8,116.58
12.5,6.8,7.8,989,0.3,97.5
18,14.3,16.6,1467,0.7,298.8
9.7,6.9,7.1,1044,0,68.87
21,13.4,17.3,1122,0.3,363.3
15.2,12.6,18.8,1233,0.3,285.76
18.4,13.4,16.2,1156,0.8,298.08
3.9,3,15.1,1067,0.3,58.89
5.1,5.6,17.7,2278,0.9,90.27
5.3,3.9,6,1322,0.1,31.8
6.1,4.4,6.9,1356,0.1,42.09
9.9,5.8,6.9,1356,0.4,68.31
11.6,10.2,15.1,1656,0.9,175.16
9.7,8.5,16.2,1678,0.5,157.14
15,15.6,16.3,1556,0.3,244.5
23.8,14.4,17.3,1122,0.5,411.74
16.1,14.5,15.7,1022,0.9,252.77
3.1,3.9,6.9,1356,0.3,21.39
31.2,18.2,21.2,967,0.7,661.44
17.4,12.1,15.1,589,0.9,262.74
14.5,9.1,15.1,1411,0,218.95
18.4,14.6,16.1,689,0.9,296.24
20.1,16.2,16.6,1467,0.5,333.66
8.8,4.8,6,1322,0.8,52.8
7.3,9.8,13.1,811,0.4,95.63
26,18.5,21.5,1667,0.7,559
14.6,10.4,14.4,1689,0.9,210.24
9.1,7.1,15.1,1411,0.4,137.41
24,18.7,21.5,1667,0.3,516
22.3,13.2,19.6,789,0,437.08
20.2,12.8,16.3,1556,0,329.26
9.9,6.4,6.1,722,0.9,60.39
19.9,17.4,20.3,1011,1,403.97
18,15,18.8,1233,0.7,338.4
18.8,12,16.2,1156,0.2,304.56
4.5,3.3,4.9,689,0.9,22.05
24.5,10.8,21.5,1667,0.1,526.75
22.1,16,16.6,1656,0.9,366.86
5.3,4.7,7.1,1044,0.7,37.63
6,5.4,6,1322,0,36
13.4,9.9,18.8,1233,0.1,251.92
16.3,8.2,17.3,1122,0.2,281.99
15.2,11.3,16.2,1156,0.4,246.24
21.8,15.3,17.3,1122,0.6,377.14
18.2,12.8,14.8,1967,0.7,269.36
8,7.5,15.1,1656,0.6,120.8
4.2,2.8,5.4,1133,0.8,22.68
16.4,9.4,16.2,1678,0.8,265.68
16.4,19.1,21.5,1667,0.1,352.6
7.3,8.5,14,2333,0.5,102.2
15.4,10.7,20.5,722,0.6,315.7
7.9,5.7,13.4,778,0.2,105.86
4,4.5,15.1,1656,0.9,60.4
16,11.9,16.2,1678,0.1,259.2
13.6,15,16.5,1356,0.6,224.4
14.4,10.3,14.4,1689,0.3,207.36
12.1,10.3,15.1,589,0.9,182.71
19.4,18.5,21.5,1667,0.7,417.1
13.5,12.7,16.3,1556,0,220.05
5.8,4.8,6.4,911,0.1,37.12
21.5,14,15,1956,0.8,322.5
17.2,10.8,15.8,1522,0.6,271.76
19.6,13.9,18.8,1233,0.8,368.48
15.5,14.1,17.7,2278,0.1,274.35
13.9,11.4,14.8,1967,0.3,205.72
9.8,10.2,17.7,2278,0.4,173.46
18.5,12.3,13.4,778,0.3,247.9
10.8,12.9,17.7,2278,0.7,191.16
18.4,13.1,13.4,778,0.5,246.56
11.5,7.3,7.8,989,0,89.7
12.2,10.5,16.1,1656,0.3,196.42
18.9,14.2,17.3,1122,0.8,326.97
14.2,13.6,14.1,556,0.2,200.22
10,5.2,9.7,1644,0.2,97
18.3,12.4,14.8,1967,0.3,270.84
9.6,8.6,14.1,2200,0.7,135.36
11.1,9.8,14,2333,0.3,155.4
19.1,13.7,16.1,1656,0.3,307.51
7.1,7.9,16.5,1356,0.5,117.15
13.6,13.7,18.8,1233,0,255.68
18,12.9,14.4,1689,1,259.2
6.5,6.6,16.1,1656,0.3,104.65
10.6,13.4,17.7,2278,0.1,187.62
15.8,11.2,13.9,767,0.8,219.62
6.7,4,14.8,1022,0.1,99.16
8.6,10.3,17.7,2278,0.5,152.22
8.5,10,13.2,2122,0.6,112.2
4.3,2.7,6,1322,0.2,25.8
3.9,4.3,6,1322,0.3,23.4
11.3,10.5,14.8,1967,0.1,167.24
6.3,4.9,5.7,533,0.2,35.91
7.8,8.5,17.7,2278,0.1,138.06
10.5,11.8,15.8,1522,0.4,165.9
6.2,4.6,6,600,0.4,37.2
11.3,5.8,7.8,989,0.6,88.14
7.1,8.2,17.7,2278,0.8,125.67
18,8,13.1,811,0.3,235.8
18.8,12.4,17.7,2278,0.2,332.76
5.9,3.1,5.7,533,0.5,33.63
15.8,10.7,16.1,1656,0.4,254.38
28.4,18.4,20.3,1011,0.8,576.52
19.2,12.6,16.1,689,0.4,309.12
21.2,17.7,22.4,867,0.6,474.88
18.8,12.6,15.1,1411,0.8,283.88
6.9,5.6,6.4,911,0.5,44.16
9.5,8.5,17.7,2278,0.5,168.15
9.8,7.2,15.1,589,0.2,147.98
22.4,15.1,15.1,589,0,338.24
9.7,10.8,15.1,1656,0.7,146.47
16.9,13.3,13.2,2122,0.1,223.08
4.7,3.9,5.4,1133,0.9,25.38
15.2,10.9,16.3,1556,0.4,247.76
19.5,11.5,16.1,689,0.7,313.95
15.3,15.5,16.6,1467,0.4,253.98
10.7,12,16.1,1656,0.1,172.27
10,7.4,14,2333,1,140
20.3,14.7,16.1,1656,0.4,326.83
10.6,9.6,13.2,2122,0.8,139.92
17.4,12.1,16.2,1678,0.8,281.88
18.8,15.7,16.3,1556,0.7,306.44
14.8,10.7,15.7,422,0.1,232.36
23.8,13.3,17.7,889,0.1,421.26
9.6,9.1,15.1,1411,0.9,144.96
4.8,3.5,5.4,1133,0.5,25.92
7.8,5.2,6,600,0.5,46.8
21.4,12.5,15.1,1656,0.9,323.14
15.1,12.7,14.4,1689,0.7,217.44
8.5,4.1,14.5,978,1,123.25
20.7,12.4,15.1,1411,0.1,312.57
11.6,10,15.1,1656,0.7,175.16
4.7,4.9,14,2333,0.7,65.8
11.3,12.4,16.2,1678,0.2,183.06
17.5,9.2,14,2333,0.4,245
11.2,10.2,14,2333,0.5,156.8
18.8,13.5,16.1,1656,1,302.68
5.9,4.1,14,2333,0.6,82.6
8.5,4.2,6.8,767,0.4,57.8
20.8,21.2,22.4,867,0.3,465.92
20,12.1,13.4,778,0.1,268
12,6.8,7.2,1733,1,86.4
16.1,12.8,15.1,1067,0.1,243.11
15.8,13.3,16.3,1556,0.9,257.54
3.4,2.7,5.4,1133,0.3,18.36
16.5,13.4,15.1,1067,0.6,249.15
24.6,16.9,21.5,1667,0.9,528.9
12,8.8,14,2333,0.5,168
26.7,13.9,15.8,1522,0.6,421.86
16.2,12.1,15.8,1522,1,255.96
18.3,15.5,16.3,1556,0.6,298.29
15.1,10.5,19.6,789,0.9,295.96
10.4,12.2,21.2,967,0.7,220.48
13.7,9.8,16.2,1678,0.5,221.94
16.6,13.1,15.1,1411,0.1,250.66
20.7,8.9,19.6,789,0.1,405.72
6.5,4.4,6,1322,0,39
13,10.7,15.1,1411,0.4,196.3
6.5,6.5,14.8,1022,0.9,96.2
8.7,5.6,6.4,911,0.3,55.68
18.1,14.7,16.3,1556,0,295.03
13,9.4,16.2,1678,0.3,210.6
13.1,15.1,17.7,2278,0.8,231.87
2.8,3,7.2,1733,0.5,20.16
16.2,12.3,14.4,1689,0.3,233.28
7.3,4.8,6.9,1356,0.8,50.37
9.9,6.3,6,1322,0.2,59.4
8.1,4.3,16.1,689,0.1,130.41
8.3,10.3,17.7,2278,0.5,146.91
16.8,13.4,14.4,1689,0.9,241.92
14.2,15.1,21.5,1667,0.2,305.3
13.2,10.4,16.6,1656,0.6,219.12
16.6,12.7,16.1,1656,0.5,267.26
6.7,5.3,14.8,1967,0.6,99.16
24.8,15.6,17.7,889,0.8,438.96
7.7,4.8,14.6,789,0.1,112.42
21.6,15.1,16.5,1356,0.9,356.4
7.3,8.9,14,2333,0.9,102.2
7.5,4.4,5.4,1133,0.3,40.5
16.9,6.5,13.4,778,0.8,226.46
19.7,14.1,14.8,1022,0.3,291.56
10.2,6,5.7,533,1,58.14
16.9,9.8,13.1,811,0.1,221.39
13.5,10.4,14.8,1967,0.7,199.8
26.8,12.8,16.1,689,0.4,431.48
12.2,4.8,14,2333,0.2,170.8
23.6,14.7,16.1,689,0.8,379.96
8.8,7.7,19.6,789,0.3,172.48
19.4,9.6,13.2,2122,0.7,256.08
13.1,11,15.1,1656,0.9,197.81
15.9,13.4,15.1,1656,0.7,240.09
16.8,12.4,14.8,1967,0.3,248.64
24.6,17.2,21.5,1667,0.6,528.9
14.5,11.2,13.2,2122,0,191.4
9.8,11.1,17.7,2278,0.1,173.46
7.4,5.5,9.7,1644,0.4,71.78
3.5,6.5,6.4,911,0.5,22.4
21.5,12.8,15.1,589,0.3,324.65
18.9,13.5,16.1,1656,0.1,304.29
26.6,15,19.6,789,0.4,521.36
9.1,5.8,6.1,722,0.1,55.51
16.8,13.4,16.2,1678,0.2,272.16
15,10.6,15.1,1411,0.6,226.5
3,3.1,5.7,533,0.1,17.1
6.4,5.4,7.2,1733,0.6,46.08
4.3,4.7,7.1,1044,0.6,30.53
14.5,13.4,16.3,1556,0.3,236.35
4.5,4.2,16.2,1678,0.6,72.9
15.9,15.3,20.3,1011,0.5,322.77
10.2,5.7,15.1,1411,0.2,154.02
18.7,13.2,16.5,1356,0.1,308.55
14.6,14.4,21.5,1667,0.4,313.9
15.9,11.9,14.4,1689,0.6,228.96
9.2,5.5,6.4,911,0.3,58.88
15.1,9.7,14.8,1022,0.3,223.48
13.4,12.7,14.8,1967,0.9,198.32
2.1,2.1,6.8,767,0.9,14.28
12.5,10.6,10.4,500,0.4,130
12.1,14.4,17.7,2278,0.9,214.17
18.6,19.2,20.3,1011,0.5,377.58
19.3,11.1,16.2,1156,0.2,312.66
5.7,6.2,10.1,1522,0.4,57.57
14.1,13.6,14.8,1022,0.9,208.68
16.7,13.6,16.5,1356,0.3,275.55
2.9,2.6,4.9,689,0.8,14.21
19.7,11.7,13.2,2122,0.5,260.04
7.3,4.9,7.1,1044,0.4,51.83
6.8,5,6,600,0.5,40.8
13.4,12.6,15.1,1067,0.2,202.34
8,4.4,15.1,1411,0.6,120.8
14.9,13.4,14.4,1689,0.5,214.56
8.4,5.2,14.6,789,0.2,122.64
14.1,11.6,13.2,2122,0.6,186.12
16.2,13.4,16.6,1656,0.3,268.92
12.3,7.6,7.8,989,0.7,95.94
19.6,15.6,16.2,1678,0.2,317.52
10.5,11.4,16.3,1556,0.2,171.15
19.9,12.4,14.8,1967,0,294.52
5.5,4.9,6.8,767,0.3,37.4
24.3,16.6,16.1,689,0.2,391.23
13.6,11.6,14.8,1967,0.6,201.28
33.5,22.6,20.5,722,0.1,686.75
25.1,17.7,22.4,867,0.6,562.24
25.2,16.9,17.7,889,0.3,446.04
14.3,12.7,14.8,1022,0.3,211.64
17.7,12.6,14.8,1967,0.4,261.96
6,5.2,6,1322,0.7,36
20.2,9.6,10.1,1522,0.1,204.02
16.5,13.8,14.4,1689,0.9,237.6
10.5,6.7,13.1,811,0.9,137.55
16.6,10.8,15.8,1522,0.6,262.28
5,5.2,15.1,1656,0.1,75.5
6.4,4.8,6,600,0.6,38.4
17.7,12.8,15.1,1067,0.4,267.27
14.6,12.6,15.1,1656,0,220.46
19.4,12.6,15.1,589,0.5,292.94
12.6,11.1,15.1,1656,0.7,190.26
4.4,3.5,6.9,1356,0.6,30.36
14.7,11.5,15.1,1656,0.1,221.97
25.2,14.8,15.1,589,0.2,380.52
23,6.7,20.5,722,0.8,471.5
7.4,3.7,5.4,1133,0.3,39.96
17.9,10.8,16.1,1656,0.2,288.19
13.6,14.4,16.2,1156,0.5,220.32
22.7,14.5,16.5,1356,0.3,374.55
25.7,15.4,21.5,1667,0.7,552.55
5.9,4.2,6.9,1356,0.8,40.71
17.1,15,17.7,2278,0.8,302.67
12.8,11.4,14.4,1689,0.7,184.32
9,6.3,6.4,911,0.5,57.6
21.7,14.8,16.6,1467,0.7,360.22
10.1,4.3,7.1,1044,0.1,71.71
8.8,10.6,16.3,1556,0.1,143.44
7.7,6.1,10.1,1522,0.7,77.77
3.4,3.5,4.9,689,0.8,16.66
8,4.8,5.7,533,0.6,45.6
12.7,13.1,15.1,1656,1,191.77
18.5,8.8,14.1,556,0.5,260.85
22.3,16.4,20.3,1011,0.5,452.69
19.1,14.5,16.1,1656,0.5,307.51
14.2,13.7,15.1,1656,0.8,214.42
12.6,11.6,16.1,1656,0.9,202.86
16.1,13.3,16.3,1556,0.6,262.43
5.6,4.4,6.8,767,0.4,38.08
19.9,13.2,17.3,1122,0.9,344.27
7.1,4.6,9.7,1644,0.4,68.87
15,12.5,16.1,1656,1,241.5
23,19.7,21.2,967,0.6,487.6
17.3,13.3,14.8,1967,0.5,256.04
8.8,5.8,6.4,911,0.7,56.32
17.8,14.3,14.4,1689,0.6,256.32
20.1,14,14.6,789,0.4,293.46
10.5,10.2,18.8,1233,0.2,197.4
4.5,4.8,5.7,533,0.3,25.65
9.1,3.2,6.4,911,0.1,58.24
10.8,9.9,13.2,2122,0.1,142.56
7.8,4.8,7.2,1733,0.2,56.16
15.1,11.3,14.1,556,0.7,212.91
25.8,13.3,19.6,789,0,505.68
19.9,10.8,13.4,778,0.4,266.66
6.6,6,14,2333,0.9,92.4
10.5,8.1,14,2333,0.9,147
15.9,12.8,15.1,1411,0.5,240.09
5.5,5.5,10.4,500,0.8,57.2
2.7,3.2,5.4,1133,0.6,14.58
24.4,18.9,20.3,1011,0.5,495.32
18.2,10.6,14.4,1689,0,262.08
20.3,13.3,16.1,689,1,326.83
17,13.4,14.8,1967,0.1,251.6
19.4,12.2,17.3,1122,0.4,335.62
19.4,13.3,14.8,1967,0.8,287.12
8.4,11.3,14.8,1967,0.8,124.32
6.7,4.7,14.8,1022,0.5,99.16
5.9,4.2,14.8,1022,0.7,87.32
20.5,12.8,13.4,778,0.2,274.7
10.1,5.6,7.2,1733,0.5,72.72
17.8,12.8,16.6,1656,0.7,295.48
14.3,13.3,15.1,1656,0.3,215.93
6.7,9.9,16.2,1678,0.5,108.54
24.3,14.4,16.1,689,0.3,391.23
16.1,11.6,14.8,1967,0.7,238.28
15.4,13,16.5,1356,0,254.1
11.5,10.3,16.2,1678,0.2,186.3
9.7,10.1,16.3,1556,0,158.11
5,7.1,7.1,1044,0.7,35.5
6.8,6.1,6,1322,0.5,40.8
20.4,14.7,16.3,1556,0.4,332.52
11.4,11.6,17.7,2278,0.1,201.78
6.9,5.6,6.4,911,0.5,44.16
12.7,7.6,14,2333,0.5,177.8
5.8,6,15.8,1522,0.5,91.64
22.1,13.6,16.5,1356,0.7,364.65
10.8,10.8,14.8,1967,0.2,159.84
8.6,5,6.9,1356,0.6,59.34
17.4,9.1,17.3,1122,0.4,301.02
10.8,10.9,16.1,1656,0.4,173.88
17.8,14.8,16.3,1556,0.9,290.14
5,4.5,15.7,1022,0.9,78.5
10.2,10.4,14.5,978,0.9,147.9
16.7,15.5,17.7,2278,0.4,295.59
25,15.5,17.3,1122,0.9,432.5
16.1,12.7,16.1,1656,0.2,259.21
10.4,9.1,14,2333,1,145.6
21,19.1,22.4,867,0.4,470.4
29.3,19.5,22.4,867,0.6,656.32
3,3.4,4.9,689,0.9,14.7
17.5,13.4,16.3,1556,0.4,285.25
10.6,11.5,17.7,2278,0.6,187.62
17,11,14.8,1967,0.4,251.6
22.1,13.4,19.6,789,0.7,433.16
20.7,12.2,18.8,1233,0.3,389.16
4.3,3.6,6.9,1356,0.5,29.67
4,3.2,6.1,722,0.2,24.4
13.9,8.1,10.4,500,0.3,144.56
20.4,15.6,16.6,1467,0.1,338.64
15,11.8,13.9,767,0.4,208.5
20.5,14.2,17.7,889,0.6,362.85
22.9,13.3,15.1,589,0,345.79
20.2,12,14.6,789,0.3,294.92
10.3,12.5,17.7,2278,0.5,182.31
4.5,9.1,14,2333,1,63
19.7,13.1,14.1,556,0.9,277.77
11.3,8.1,14,2333,0.7,158.2
8.5,5.5,6,1322,0.6,51
14,11.8,14.4,1689,0.4,201.6
18.7,11.5,13.4,778,0.4,250.58
7,5.1,6.8,767,0.8,47.6
17.8,15.8,17.7,889,0.8,315.06
14,10.7,14.8,1022,0.5,207.2
18.8,13.6,16.1,1656,0.6,302.68
15.6,11.9,19.6,789,0.3,305.76
7.5,4.4,6,1322,0.9,45
18.2,15.8,17.7,2278,0.7,322.14
23.2,13.9,13.4,778,0.1,310.88
16.8,13.1,13.9,767,0.5,233.52
23.4,15.8,19.6,789,0.4,458.64
5.8,5,6.4,911,0,37.12
19.6,16.6,18.8,1233,0.5,368.48
4.9,7.8,13.2,2122,0.5,64.68
23.6,14.8,15.1,1411,0.5,356.36
9.6,7,14,2333,0.5,134.4
8.2,8.1,14.5,978,0.3,118.9
4.3,7,13.2,2122,0.2,56.76
14.6,11.8,15.1,1411,0.8,220.46
11.1,7.4,14.8,1022,0.4,164.28
4.1,3.1,16.5,1356,0,67.65
21.8,15.3,15.1,589,0,329.18
16.6,13.8,17.3,1122,0.1,287.18
12,14.7,17.7,2278,0.2,212.4
3.4,3.5,15,1956,0.5,51
9.5,5,6.8,767,0.2,64.6
12,12.4,17.7,2278,0.8,212.4
16.2,14.5,21.5,1667,0.1,348.3
3.6,4.9,14,2333,0.6,50.4
6.7,4.7,10.1,1522,0,67.67
21.9,14.4,15.1,1067,0.2,330.69
19.6,14.3,14.8,1022,0.5,290.08
6.8,3.9,5.4,1133,0.9,36.72
16.2,11.7,14.4,1689,0.3,233.28
18.8,14.5,16.2,1156,0.2,304.56
15,12.2,15.1,1411,0.8,226.5
5.1,8.9,14,2333,0.7,71.4
14.5,9.6,15.8,1522,0.1,229.1
4.4,3.5,6.1,722,0.6,26.84
16.8,12.9,14.1,556,0.8,236.88
17.3,12.6,13.9,767,0.9,240.47
2.8,2.7,6,600,0.7,16.8
13.4,6.8,10.1,1522,0.3,135.34
22.9,13,16.1,689,0.2,368.69
4.3,4.3,14,2333,0.5,60.2
20.2,14.6,15.1,1411,0.7,305.02
6.2,4.6,6,600,0.5,37.2
18.6,14.6,18.8,1233,0.8,349.68
4.1,3.6,7.8,989,0.4,31.98
16.5,11.8,15.1,589,0.4,249.15
18,14.4,15.1,1656,0.6,271.8
9.1,6,6.8,767,0.4,61.88
15.3,13.7,16.6,1467,0,253.98
17.8,12.6,16.2,1156,0.6,288.36
12.6,15.6,21.5,1667,0.5,270.9
5.6,4.2,6,600,0.9,33.6
25.5,19.1,21.2,967,0.5,540.6
15.1,7.2,7.8,989,0.5,117.78
16.3,11.1,13.9,767,0.3,226.57
8.8,4.9,6.4,911,0.6,56.32
18.9,12.6,16.1,1656,0.9,304.29
5.7,4,5.4,1133,0.2,30.78
11.6,7,14,2333,0.8,162.4
19.6,9.6,15.1,1067,0.2,295.96
12.6,11.5,14.4,1689,0.4,181.44
10.6,11.5,10.4,500,0.4,110.24
18.1,15.5,18.8,1233,0.3,340.28
16.7,7.3,14,2333,0.7,233.8
20.6,18,21.2,967,0.3,436.72
4.2,4.2,6.2,1311,0.6,26.04
7.6,7,16.6,1656,0.6,126.16
16.7,13.3,15.1,1656,0.7,252.17
10.6,12.3,17.7,2278,0.8,187.62
7,5.8,6,1322,0.4,42
27.7,14.3,18.8,1233,0.4,520.76
14.9,13,17.7,2278,0.5,263.73
4.9,4.7,14,2333,0.1,68.6
17.2,10.7,13.4,778,0.6,230.48
2.9,2.8,4.9,689,0.8,14.21
19.5,12.4,14.1,556,0.7,274.95
24.6,18.6,21.5,1667,0.6,528.9
3.9,2.8,5.4,1133,0.3,21.06
3.8,1.9,7.8,989,0.5,29.64
20.2,11.7,13.4,778,0.6,270.68
6.1,4.7,5.4,1133,1,32.94
18.7,14.9,17.7,2278,0.1,330.99
10.5,11.8,13.2,2122,0.2,138.6
4.5,5.2,7.2,1733,0.2,32.4
17.6,11.9,16.1,1656,0.2,283.36
4,2.9,7.1,1044,0.9,28.4
17.2,11.6,14.4,1689,0.1,247.68
22.2,12.8,16.1,689,0.1,357.42
20.8,15.2,17.3,1122,0.4,359.84
12.5,9.2,13.1,811,0.4,163.75
12.1,10.4,14.8,1022,1,179.08
15.6,11.9,16.3,1556,0.7,254.28
19,14.2,17.7,2278,0.7,336.3
5.6,5.4,6.4,911,0.1,35.84
18.5,14.1,14.6,789,0.5,270.1
15.1,10.8,13.4,778,0.4,202.34
17,12.7,16.5,1356,0.3,280.5
7.5,8.8,16.6,1656,0.5,124.5
14.1,12.5,16.1,1656,0.3,227.01
25.5,17.4,20.3,1011,0.8,517.65
25.1,12.3,13.4,778,0.6,336.34
15.2,14.8,20.3,1011,0.2,308.56
3,3.5,15,1956,0.9,45
12.2,6.2,7.2,1733,0.4,87.84
26.3,16.9,21.5,1667,0.3,565.45
16.5,11.7,15.1,1656,0.3,249.15
5.7,6,17.7,2278,1,100.89
23.7,12.9,19.6,789,0.1,464.52
20.3,17.6,20.3,1011,0.4,412.09
16.1,10.4,14.6,789,0.9,235.06
14.8,12.9,14.4,1689,0.8,213.12
4.8,4.4,21.5,1667,0.3,103.2
13.2,11.6,13.4,778,0.7,176.88
19.2,18.7,20.3,1011,1,389.76
3,4,15.1,1656,0.1,45.3
18,14.2,17.7,2278,1,318.6
13.7,11.2,13.2,2122,0.7,180.84
15.4,12.8,14.8,1967,0.9,227.92
7.2,6.3,14.8,1967,0.4,106.56
6.9,5.4,6.8,767,0.4,46.92
8.8,7,7.1,1044,0.6,62.48
16.5,12.3,21.5,1667,0.5,354.75
17,18.9,21.5,1667,0.5,365.5
14.1,7.4,7.2,1733,0.3,101.52
18.5,13.3,18.8,1233,0.1,347.8
15.5,11.9,17.3,1122,0.7,268.15
17.6,13.6,16.1,689,0.1,283.36
10,12.3,14.4,1689,0.6,144
15.8,14.4,16.5,1356,0.6,260.7
14.5,9.7,13.1,811,0.9,189.95
6.5,5.7,5.4,1133,0.7,35.1
9.2,11.5,15.8,1522,0.3,145.36
16.1,10.7,13.2,2122,0.3,212.52
7.2,5.7,6.4,911,1,46.08
7.1,3.5,6.1,722,0.3,43.31
13.7,9.8,14.8,1967,0.5,202.76
25,9,19.6,789,0.6,490
11.8,10.3,14.5,978,0.8,171.1
17,18.4,20.3,1011,0.1,345.1
7.6,7.7,15.8,1522,0.8,120.08
20.2,14.7,15.1,589,0.4,305.02
22.9,13.4,15.1,589,0.7,345.79
3.5,4.1,13.2,2122,0.1,46.2
22.3,16.8,21.5,1667,0.9,479.45
8.1,7.3,14,2333,0.7,113.4
22.6,13.1,19.6,789,0.4,442.96
5.4,5.5,15,1956,0.3,81
19.2,12.2,16.2,1678,0.4,311.04
11.3,8.7,13.1,811,1,148.03
7.6,5.1,6.9,1356,0.4,52.44
19.2,14.5,16.1,1656,0.9,309.12
19.8,11.7,13.2,2122,0.6,261.36
17.2,14.3,14.8,1967,0.4,254.56
13,7.6,15.1,1411,0,196.3
14.7,11.1,14.4,1689,0.2,211.68
11.6,11,15.1,1411,0.1,175.16
15.6,12,14.5,978,0.8,226.2
16.2,13,16.5,1356,0.7,267.3
7.6,11.4,14.1,2200,0.1,107.16
23.8,16.9,21.2,967,0.6,504.56
7.2,6.3,7.2,1733,0.4,51.84
3.5,3.2,4.9,689,0,17.15
11.4,9.4,14,2333,0,159.6
15.8,12.1,15.8,1522,0.5,249.64
20.8,14.4,15.1,589,0.3,314.08
7.3,6.8,17.7,2278,0.6,129.21
7.4,9.5,15.8,1522,0.4,116.92
16.8,14.4,17.3,1122,0.6,290.64
13.6,8.4,21.2,967,0.4,288.32
2.8,2.4,4.9,689,0.6,13.72
3.8,3.5,14,2333,0.2,53.2
3.7,2.8,6.1,722,1,22.57
11.1,7.6,14.5,978,0.2,160.95
16.5,11.9,14.5,978,0.8,239.25
7.5,5.1,15.1,1411,0.5,113.25
12.3,12.9,17.7,2278,0.8,217.71
15,12.7,15.7,1022,0.6,235.5
13.8,10.8,13.2,2122,1,182.16
21.4,12.1,13.4,778,0.9,286.76
22,15.8,16.5,1356,0.3,363
10.5,11.6,16.2,1678,1,170.1
11.2,11.2,19.6,789,0.6,219.52
15.1,12.6,14.8,1967,0.9,223.48
8.9,10.2,16.3,1556,0.9,145.07
2.9,3.7,10.1,1522,0.4,29.29
10.6,6.5,6.8,767,0.1,72.08
3.1,3.3,4.9,689,0.8,15.19
19.9,11.9,13.4,778,0.6,266.66
5.8,5.1,10.1,1522,0.9,58.58
6.6,6.4,18.8,1233,0.6,124.08
18.2,15.4,16.6,1467,0.7,302.12
6.4,3.2,7.1,1044,0.6,45.44
7.1,5.2,7.2,1733,0.1,51.12
3.9,3.8,5.4,1133,0.8,21.06
17.1,12.4,16.2,1156,0.5,277.02
16,14.7,21.5,1667,0.2,344
18.2,13.3,14.8,1967,0.5,269.36
10,5.7,6.4,911,0.1,64
17.6,13.5,15.8,1522,0.9,278.08
13.9,9.3,19.6,789,0.8,272.44
15.5,11.8,16.2,1156,0.6,251.1
17.9,16.5,21.5,1667,0.7,384.85
22.7,18.2,17.3,1122,0.1,392.71
15.8,13.4,16.5,1356,0.3,260.7
12.5,10,17.7,2278,0.4,221.25
15,10.7,15.1,1067,0.1,226.5
17.7,13.5,15.1,1411,0.5,267.27
7.5,5.6,5.7,533,0.6,42.75
20.9,14,15.1,589,0.6,315.59
13.8,7.7,14.6,789,0.7,201.48
16.6,12.8,16.1,1656,1,267.26
14.4,12.7,16.1,1656,0.4,231.84
16.5,13.7,14.4,1689,0.2,237.6
17.6,11.9,21.5,1667,0.8,378.4
15.7,10.5,16.2,1156,0.7,254.34
11.5,10.7,15.1,589,0.6,173.65
12.2,8.2,13.1,811,0.7,159.82
8.8,7.7,15.1,1656,1,132.88
16,11.4,13.1,811,0.8,209.6
19.5,12.1,13.4,778,0.6,261.3
14.8,13.8,17.7,2278,0.2,261.96
13.6,14.6,22.4,867,0.5,304.64
15.8,10.5,14.6,789,0.1,230.68
6.7,4.3,6.9,1356,0.7,46.23
11.6,12.5,15.8,1522,0.2,183.28
22.2,15.1,16.3,1556,0,361.86
8,5.6,17.3,1122,0.9,138.4
5,4.7,16.2,1678,0.5,81
17.4,12.5,16.2,1678,0.3,281.88
4.7,4.1,6,1322,1,28.2
24.2,16.1,14.8,1967,0.5,358.16
4.5,5.1,6,1322,0.8,27
12.2,17.1,20.3,1011,0,247.66
20.4,15,16.6,1467,0.9,338.64
13.8,11.3,16.1,1656,0.6,222.18
4.5,3.6,5.4,1133,0.6,24.3
11.3,9.6,14,2333,0.8,158.2
10.2,14.7,14,2333,0.8,142.8
16,12,16.1,1656,0.6,257.6
21.7,13.6,13.9,767,0.1,301.63
16.6,13,14.4,1689,1,239.04
12.8,12.4,15.8,1522,0.6,202.24
18,14.8,16.2,1156,0.6,291.6
6.5,3.2,6,600,0.1,39
7,4.1,14.5,978,0.2,101.5
11.5,8.7,15,1956,0.8,172.5
4.5,3.9,6.1,722,0.5,27.45
7.5,4.1,9.7,1644,0.6,72.75
18.6,14.1,16.5,1356,0.8,306.9
18.8,13.7,15.1,1067,0.1,283.88
15.7,10.5,16.2,1156,0.3,254.34
14.7,12.9,13.1,811,0.2,192.57
9.5,4.9,6.8,767,0.8,64.6
9.3,5.7,6.4,911,0.6,59.52
18.6,14.1,16.5,1356,0.2,306.9
19.7,11.1,15.7,422,0.3,309.29
19.6,14.6,16.5,1356,1,323.4
18.4,16.5,17.7,889,0.4,325.68
8.1,6.6,10.4,500,0.2,84.24
25.3,19,22.4,867,0.3,566.72
4.4,4.6,10.1,1522,0.5,44.44
8.5,4.8,6.4,911,0.2,54.4
15.5,13.5,14.4,1689,0.8,223.2
20.1,13.4,18.8,1233,0.5,377.88
11.5,14.5,21.5,1667,0.6,247.25
25.1,12.7,20.5,722,0.4,514.55
17,15.3,16.3,1556,0.2,277.1
13.8,7.4,14,2333,0.6,193.2
9.5,9.4,13.2,2122,0.2,125.4
2.8,2.6,4.9,689,0.1,13.72
5,3.8,6,600,0.8,30
19.6,13.1,16.1,689,0.5,315.56
17.5,13.6,16.3,1556,0.4,285.25
6.2,6.2,7.2,1733,0.6,44.64
16,14.3,14.1,556,0,225.6
16.5,15.6,16.2,1156,0.8,267.3
16.1,12.2,14.8,1022,0.4,238.28
17.2,14.3,15.1,1656,0.2,259.72
6.1,6.7,13.2,2122,0.3,80.52
10.8,12.4,21.5,1667,0.3,232.2
24,12.2,14.8,1967,0.8,355.2
7,5.4,7.2,1733,0.8,50.4
5.9,4.8,16.5,1356,0.4,97.35
5,3.1,5.7,533,0.6,28.5
16.9,11.9,15.1,1067,0.7,255.19
14,11.5,14.6,789,0.7,204.4
21.7,19.5,20.3,1011,0.1,440.51
14,11.6,14.5,978,0.7,203
12.8,11.1,16.2,1156,0,207.36
4.9,4.3,16.5,1356,0.8,80.85
12.5,10.1,14,2333,0.1,175
17.7,13.7,17.3,1122,0.4,306.21
13.3,12.4,16.6,1656,0.6,220.78
18.6,14.4,17.3,1122,0.2,321.78
5.9,6.2,14,2333,0.3,82.6
18.2,14.2,16.6,1467,0.1,302.12
21,14.6,16.5,1356,0.9,346.5
5.7,3,7.1,1044,0.1,40.47
8.1,8.7,14.4,1689,0.6,116.64
22.8,14.3,16.3,1556,0.9,371.64
4.2,5.3,15.8,1522,0,66.36
17.2,15.4,16.1,689,0.9,276.92
19.6,13,15.1,1411,0.1,295.96
12.1,13,16.2,1678,0.3,196.02
3.8,3.4,6.9,1356,0.3,26.22
19.6,10.5,15.7,422,0.3,307.72
9.4,8.2,14.5,978,0.6,136.3
16.7,8.7,13.9,767,0.5,232.13
15,9.4,16.2,1678,0.9,243
11.7,6.7,7.2,1733,0.8,84.24
3.8,4.2,14,2333,0.3,53.2
11.5,9.5,14.8,1967,0.4,170.2
6.4,6.1,7.2,1733,0.4,46.08
21.5,15.1,17.7,889,0.5,380.55
19.8,14.6,17.3,1122,0.5,342.54
16.8,13.6,16.2,1156,0.4,272.16
16.8,9.2,14.8,1022,0.9,248.64
23.3,17.2,17.7,889,0.1,412.41
21.5,13.7,15.1,589,0.6,324.65
5,4.4,6,600,0,30
16.6,10.5,13.9,767,0.5,230.74
18,14.7,18.8,1233,0.2,338.4
16.4,9.5,16.1,689,0.5,264.04
4.8,4.7,6,600,0.1,28.8
17.2,12,15.1,1411,0.7,259.72
7.8,4.9,7.2,1733,0.9,56.16
15.7,12,16.1,1656,0.7,252.77
16,13.3,14.4,1689,0.9,230.4
3.6,4.3,7.8,989,0.5,28.08
6.6,7.1,17.7,2278,0.2,116.82
29.7,15.4,17.7,889,0.2,525.69
3.5,3.8,6,1322,0.7,21
12.9,6.1,10.4,500,0.5,134.16
5.1,4.2,6,1322,0.7,30.6
16.8,11.5,15.1,1067,0.7,253.68
13.7,10.7,16.2,1678,0.5,221.94
15.4,13.4,14.5,978,0.1,223.3
16.5,12.7,16.1,1656,0.8,265.65
10.5,10.2,13.1,811,0.9,137.55
5,4.2,6.8,767,0.9,34
22.2,18.6,20.3,1011,0.2,450.66
2.8,4,14,2333,0.2,39.2
9,6.5,6.9,1356,0.4,62.1
9.7,10.9,17.7,2278,0.1,171.69
15.1,13.3,15.1,1656,0,228.01
7,5.3,6.8,767,0.6,47.6
12.6,9.6,14,2333,0.6,176.4
8.3,6.3,7.1,1044,0,58.93
10.2,5.4,9.7,1644,0.7,98.94
13.2,10.4,13.1,811,0.7,172.92
19.4,13.1,16.1,1656,0.8,312.34
14.3,12.3,13.2,2122,0.9,188.76
12.8,12.4,15.1,1411,0.5,193.28
8.7,4.3,9.7,1644,0.6,84.39
14.7,10.4,16.2,1678,0.9,238.14
10.9,14.3,21.5,1667,0.3,234.35
12.5,10.8,13.2,2122,0.9,165
23.3,13.5,16.1,689,0.9,375.13
12.5,9.9,10.4,500,0.9,130
16.9,14.7,16.3,1556,0.9,275.47
26.3,19,20.3,1011,0.2,533.89
16.9,9.6,15.7,422,0.8,265.33
23.7,16.5,17.3,1122,0.9,410.01
18.4,14.1,14.1,556,0.3,259.44
4.9,3.8,6.9,1356,0.7,33.81
15.7,12.9,14.4,1689,0.3,226.08
5.2,5.3,7.1,1044,0.1,36.92
15.5,12.6,17.7,2278,0.1,274.35
12,10.7,16.3,1556,0.1,195.6
25.2,13.3,16.6,1467,0.6,418.32
15.5,13.5,18.8,1233,0.2,291.4
9.3,6.6,7.1,1044,0.3,66.03
4.8,3.2,7.2,1733,0,34.56
15.3,10.8,14.4,1689,0.6,220.32
15.4,11.6,14.8,1967,0.1,227.92
16.1,12.6,16.1,1656,0.4,259.21
14.8,11.8,15.1,1067,0.7,223.48
5.2,4.6,7.2,1733,0.9,37.44
15.6,11.8,16.1,1656,0.9,251.16
17.5,13.4,16.3,1556,0.2,285.25
16.2,13.1,17.3,1122,0.8,280.26
19.8,13,15.1,589,0.6,298.98
19.7,15.6,14.5,978,0.5,285.65
12.4,11.9,17.7,2278,0,219.48
4.6,3.4,6.1,722,0.1,28.06
9.9,11.2,15.7,1022,0.5,155.43
11.6,11.3,13.2,2122,0.9,153.12
14.5,8.9,14.8,1967,0.6,214.6
7.7,4.8,6,1322,0.3,46.2
16.3,12.1,16.6,1656,0.5,270.58
14.2,9.7,13.2,2122,0.3,187.44
23.7,14.9,18.8,1233,0.8,445.56
18.1,15.3,16.6,1656,0.7,300.46
16.4,12.8,14.8,1967,0.8,242.72
17.4,14.7,21.5,1667,0.3,374.1
5.3,4,5.4,1133,0.1,28.62
6.5,4.9,6,1322,0.2,39
18.8,14.8,17.3,1122,0.6,325.24
24.1,16.6,16.6,1656,0.9,400.06
16.5,12,13.2,2122,0.7,217.8
17.1,14,15.1,1656,0.8,258.21
14.7,11.9,16.2,1678,0.1,238.14
17.6,13.1,15.8,1522,0.9,278.08
4.8,3.5,6.4,911,1,30.72
7.1,5.4,15.1,1411,0.3,107.21
8.3,3.7,5.7,533,0,47.31
9.4,7.7,19.6,789,0.4,184.24
13.8,7.2,16.2,1678,0.7,223.56
20,15.8,16.5,1356,0.7,330
7.5,5.1,14.5,978,0.7,108.75
19.1,12.9,15.1,1656,0.7,288.41
9.7,9.3,14.4,1689,0.3,139.68
14.5,14.1,17.7,2278,0.1,256.65
4.3,3.2,6.1,722,1,26.23
8.2,5.4,6.4,911,0.5,52.48
22.1,14.6,16.6,1467,0.1,366.86
22.9,19.6,21.2,967,0.5,485.48
8.6,6.7,16.6,1656,0.2,142.76
25.2,15,16.1,689,0.4,405.72
14.5,13.2,16.5,1356,0,239.25
29.4,13.6,18.8,1233,1,552.72
14.6,16.8,21.5,1667,0.1,313.9
11.2,13.4,17.7,2278,0.8,198.24
16.2,10.2,13.9,767,0.5,225.18
6.3,6.7,13.2,2122,0.8,83.16
5.9,5.6,14.5,978,0.4,85.55
11.7,10.7,15.1,1656,0.1,176.67
15.5,12.6,16.5,1356,0.4,255.75
19.2,12.7,13.4,778,0.8,257.28
20.9,12.4,13.9,767,0.4,290.51
12.8,8.9,16.6,1467,0.9,212.48
19.5,16.2,21.5,1667,0.6,419.25
18.6,11,13.2,2122,0.8,245.52
18.5,14.8,15.1,1656,0.8,279.35
11.4,11.1,16.2,1678,0,184.68
8.2,4.9,6,600,0.5,49.2
9.2,9.6,14,2333,0.9,128.8
6.5,5.8,7.2,1733,0.8,46.8
15.9,15.4,16.2,1678,0.4,257.58
15.5,15.3,16.2,1678,0.1,251.1
7.9,5.9,7.2,1733,0.9,56.88
20.1,16,16.6,1467,0.9,333.66
3.8,7.8,13.2,2122,0.7,50.16
2.8,3.2,6.4,911,0.4,17.92
15.7,12.8,15.1,1656,0.2,237.07
6.5,5.3,6.4,911,0.6,41.6
21.5,13.5,16.6,1656,0.8,356.9
18.8,13.2,17.3,1122,0.8,325.24
10.7,15,21.5,1667,0.4,230.05
10.5,6.5,10.1,1522,0.6,106.05
16.8,12.7,16.3,1556,0.1,273.84
17.6,12.9,16.3,1556,0.1,286.88
11.8,10.4,16.6,1656,0.3,195.88
18.6,19.1,20.3,1011,0.8,377.58
9.9,4.7,10.4,500,0.9,102.96
14.2,13.1,15.1,1411,1,214.42
6.7,4.6,6,600,0.5,40.2
9.5,6.8,10.1,1522,0.6,95.95
17.8,12,14.4,1689,0.6,256.32
14,11.7,16.1,1656,0.6,225.4
12.1,4.8,14.8,1022,0.5,179.08
3.6,4.6,14.8,1022,1,53.28
12.8,6.8,7.2,1733,0.5,92.16
9.3,6.4,17.7,2278,0.4,164.61
13.3,10.1,15.1,1411,0.2,200.83
6.6,10.9,15.8,1522,0.1,104.28
12.1,12.2,16.3,1556,0.6,197.23
3.3,3.3,7.2,1733,0.3,23.76
4,4.9,6.1,722,0.5,24.4
19.1,12.6,13.4,778,0.9,255.94
7.6,9.8,13.2,2122,0.8,100.32
15.7,11.6,14.8,1967,0.3,232.36
7.1,6.5,16.2,1156,0.2,115.02
14.9,14.2,15.1,1411,0.2,224.99
3.1,2.8,5.4,1133,0.9,16.74
17.8,12.8,17.7,2278,0.8,315.06
12.4,9.9,16.2,1678,0.6,200.88
16.4,14.2,17.7,889,0.4,290.28
10.6,10.3,17.7,889,0.2,187.62
4.5,4.5,6,1322,0.6,27
11.9,8.1,13.2,2122,0.9,157.08
9.9,7.6,17.7,2278,0.4,175.23
8.3,4.8,14,2333,0.6,116.2
10.9,8.1,13.2,2122,0.8,143.88
12.9,10.8,17.7,2278,0.5,228.33
5.5,3.8,6.1,722,0.2,33.55
20.3,11.2,13.4,778,0.6,272.02
17.1,13.8,16.1,1656,0.1,275.31
23.2,13.3,19.6,789,0.4,454.72
13.5,11.9,15.1,1411,0.6,203.85
23.7,16,21.2,967,0.8,502.44
8.8,5.3,6.9,1356,0.7,60.72
20.9,13.3,14.1,556,0.6,294.69
14.3,13.6,17.7,2278,0.8,253.11
14.6,12.3,16.1,1656,0.5,235.06
13.5,11.7,18.8,1233,0.7,253.8
19.2,14.1,16.1,1656,0.5,309.12
4.9,3.8,5.4,1133,0.3,26.46
18.2,14.4,16.5,1356,0.6,300.3
4.7,4.4,6,600,0.5,28.2
20.9,13,15.1,1411,0.5,315.59
9.9,9.6,14,2333,0.8,138.6
19,14.1,16.3,1556,0.9,309.7
6.7,7.2,14,2333,0.7,93.8
15,16.7,16.2,1678,0.2,243
19.8,11.2,15.8,1522,0.8,312.84
15.5,12.2,13.2,2122,0.7,204.6
25,16.7,17.3,1122,0.6,432.5
4.7,3.9,4.9,689,0.2,23.03
20.6,19.8,17.7,2278,0.3,364.62
23.7,17.2,22.4,867,0.7,530.88
16.2,11.6,14.6,789,0.1,236.52
20.1,12.9,15.1,1656,0.5,303.51
6,6.5,15.1,1656,0.9,90.6
14.4,7.3,14,2333,0.5,201.6
2.2,2.4,6.1,722,0.8,13.42
18,12,16.1,1656,1,289.8
20.6,13.4,15.1,589,0.8,311.06
14.1,10.6,13.2,2122,0.5,186.12
23.2,18.6,22.4,867,0.4,519.68
15.5,12.1,15.1,1411,0,234.05
12.3,8.7,14,2333,0.7,172.2
27.6,18.4,19.6,789,0.7,540.96
13.5,8.5,14,2333,0.8,189
23.8,17.9,22.4,867,0.9,533.12
21.2,15,16.6,1656,0.1,351.92
9.1,6.5,7.1,1044,0.2,64.61
15.5,9.8,13.1,811,0.7,203.05
12.4,10.9,15.1,1411,0.6,187.24
27.3,13.9,15.1,589,0.1,412.23
18.9,10.6,14.6,789,0.2,275.94
8,4.1,6.9,1356,0.6,55.2
10,7.2,7.2,1733,0.7,72
25,20.5,21.5,1667,1,537.5
18,11.2,14.1,556,0.3,253.8
15.6,15.2,21.5,1667,0.1,335.4
8.3,8.6,15.1,1656,0.8,125.33
19.1,14.8,14.4,1689,0.3,275.04
21.9,17.3,17.7,889,0.1,387.63
5.9,4.1,9.7,1644,0.9,57.23
24.7,13.5,16.1,689,0.7,397.67
17.6,13.3,16.2,1156,0.8,285.12
19.7,13.4,14.8,1022,0.6,291.56
5.5,5.2,10.1,1522,0.3,55.55
10.3,7.5,14,2333,0.3,144.2
7.3,5.4,10.1,1522,0.4,73.73
23.6,16.1,16.5,1356,0,389.4
22.5,16,20.5,722,0.5,461.25
14.6,8.2,16.2,1678,0.1,236.52
20.2,14.6,17.7,2278,1,357.54
8.9,6.2,16.2,1678,0.8,144.18
8.5,5.2,16.2,1678,0.8,137.7
11.2,8.9,14,2333,1,156.8
16.7,12.8,15.1,1656,0.6,252.17
3.6,2.9,4.9,689,1,17.64
5.1,4,4.9,689,0.7,24.99
8.8,7.8,17.7,2278,0.9,155.76
2.7,2.3,6.9,1356,0.8,18.63
24.2,15.6,17.7,889,0.5,428.34
6.2,6.3,14.8,1967,0.5,91.76
14.2,11.4,15.8,1522,0.6,224.36
4.3,6.7,14,2333,0.2,60.2
23,14.1,17.7,889,0.2,407.1
17,6.6,7.8,989,0.4,132.6
11,8.8,14,2333,0.6,154
22.3,14.6,16.3,1556,0.3,363.49
21.8,16.4,17.3,1122,0.5,377.14
5,4.5,18.8,1233,1,94
18.6,12.9,19.6,789,0.8,364.56
20.7,15,16.3,1556,1,337.41
9,5.4,6,1322,0.1,54
21.4,17.5,17.7,2278,0.2,378.78
22.6,15.4,16.1,1656,1,363.86
23.3,22,22.4,867,0.5,521.92
16.8,11.3,16.2,1156,0.5,272.16
11.3,10.8,13.2,2122,0.6,149.16
16.4,9.8,14.6,789,0.8,239.44
17.1,11.2,13.9,767,0.5,237.69
22.6,16.5,16.5,1356,0.9,372.9
13,8.9,15.7,422,0.5,204.1
23,20,21.2,967,0.7,487.6
5,3.9,5.4,1133,0,27
16.1,12.4,15.7,1022,0.2,252.77
14.4,14,15.1,1411,0.5,217.44
23,9.7,19.6,789,0.7,450.8
20.1,10.1,15,1956,0.2,301.5
18.3,14,14.8,1967,0.4,270.84
18.8,10.9,14.1,556,0.6,265.08
26.9,16.1,22.4,867,0.9,602.56
23.9,16.8,17.2,1778,0.3,411.08
6.5,5,5.7,533,0.4,37.05
14.8,10.8,16.5,1356,0.9,244.2
25.6,19.9,19.6,789,0.5,501.76
7.8,5.8,7.2,1733,0.1,56.16
17.5,10.6,15.1,1067,0.2,264.25
15.6,11.1,14.8,1967,0.9,230.88
11.1,6.3,10.1,1522,0.8,112.11
21.5,16,17.7,889,0.3,380.55
5.9,6.6,14.8,1967,1,87.32
10.3,11.3,13.2,2122,0.7,135.96
16.4,15.7,16.2,1156,0.1,265.68
11.4,11.1,16.5,1356,0.9,188.1
17.7,14.8,17.7,2278,0.1,313.29
10.5,10.4,14,2333,0.8,147
9.5,5.6,6.8,767,0.6,64.6
14.1,12.4,18.8,1233,0.4,265.08
5.2,4.8,4.9,689,0.1,25.48
19.6,13.3,15.7,1022,0.8,307.72
5.9,5.6,14.8,1022,0.4,87.32
18.3,13.5,14.4,1689,0.1,263.52
5.9,5.4,7.2,1733,0.4,42.48
8.2,4.4,6.4,911,0.4,52.48
6.5,4.2,5.7,533,0.6,37.05
17.4,19.2,21.5,1667,0.7,374.1
10.2,10,17.7,2278,0.4,180.54
11.5,7.1,7.2,1733,0.5,82.8
17.6,10.5,16.2,1678,0.9,285.12
12.4,13.5,14,2333,0,173.6
16.9,11.7,14.4,1689,0.3,243.36
5.1,4.4,6,1322,0.4,30.6
18.1,10.8,13.9,767,0.3,251.59
19.5,13,14.4,1689,0.7,280.8
3.4,3.4,4.9,689,0.6,16.66
19.5,11.5,15.7,422,0.4,306.15
23.1,12.3,15.1,589,0.2,348.81
7.4,7.5,14.8,1967,0.6,109.52
10.6,16.7,20.3,1011,0.2,215.18
18.5,13.8,15.1,1067,0.3,279.35
7.2,3.9,6.4,911,0.7,46.08
12.6,12.2,17.7,2278,0,223.02
9.9,4.9,6,600,1,59.4
17,14.6,16.3,1556,0.2,277.1
6,6.3,7.1,1044,0.7,42.6
14.7,12.3,17.7,2278,0,260.19
19.8,12.5,13.2,2122,0.2,261.36
17,13.6,14.8,1967,0.6,251.6
9.4,8,17.7,2278,0.4,166.38
14.7,11,13.4,778,0,196.98
6.2,6.1,7.2,1733,0.9,44.64
21.8,14,17.7,889,0.1,385.86
4.1,3.8,4.9,689,0.1,20.09
5,4.8,6.4,911,0.9,32
17.4,12.3,14.4,1689,0.1,250.56
14.3,11.5,15.1,1067,0.4,215.93
20.3,14,16.5,1356,0.9,334.95
14,10.9,16.2,1156,0.8,226.8
7.4,6,6.4,911,0.7,47.36
15.1,9.5,13.9,767,0.9,209.89
12.7,13.7,17.7,2278,0,224.79
13.8,11.6,15.1,1656,0.3,208.38
11.4,9.2,14.8,1967,0.4,168.72
8.6,6.2,10.1,1522,0.3,86.86
4,3.5,14.8,1022,0.5,59.2
10.1,6.1,13.2,2122,0.2,133.32
3.4,3.6,7.2,1733,0.6,24.48
17.7,12.3,14.8,1967,0.5,261.96
18.1,15.7,17.7,2278,0.5,320.37
19.1,13.1,14.5,978,0,276.95
18.2,12.3,15.8,1522,0.8,287.56
5,4.8,6,1322,0.7,30
18.4,13.4,18.8,1233,0.6,345.92
5.5,4.1,5.7,533,0.7,31.35
13.8,12.7,13.2,2122,0.9,182.16
8.6,6.7,10.1,1522,0.1,86.86
3,3.2,14.8,1022,0.9,44.4
4.4,5.2,13.2,2122,0.9,58.08
23.4,15.2,16.3,1556,0.6,381.42
11,12.6,13.4,778,0.7,147.4
14.6,8.6,16.2,1156,0.1,236.52
10.1,7.3,14.5,978,0.4,146.45
9.5,12.3,17.7,2278,0.5,168.15
5.6,4.7,6.8,767,0.5,38.08
12.6,10.9,13.2,2122,1,166.32
18.7,15,16.6,1467,0.2,310.42
5.3,3.9,6,1322,0.7,31.8
16.8,8.7,20.5,722,1,344.4
14.7,6.8,7.8,989,0,114.66
17.2,13.4,15.1,1067,0.8,259.72
6.2,3.5,6.1,722,0.2,37.82
20.4,14,16.5,1356,0.7,336.6
6.8,4.3,6,1322,0.9,40.8
4.5,4.2,6,1322,1,27
23.2,11.7,19.6,789,0.1,454.72
5.7,4.4,9.7,1644,0.3,55.29
10.6,5.6,6.8,767,0.2,72.08
5.5,5,9.7,1644,0.3,53.35
3.4,5.6,6,1322,0.5,20.4
5.6,3.4,6.9,1356,0.4,38.64
17.6,9.4,15.7,422,0.8,276.32
15.2,12.3,16.1,1656,0.1,244.72
16.4,13.7,16.1,1656,0.9,264.04
21.1,18.6,20.3,1011,0.6,428.33
7.5,5.4,5.7,533,0.3,42.75
19.1,16.2,20.3,1011,0.4,387.73
6.3,4.8,9.7,1644,0.7,61.11
21.5,14.6,15.1,589,0.7,324.65
20,14.9,21.5,1667,0,430
5.6,4.1,7.8,989,0.3,43.68
15.4,12,15.8,1522,0,243.32
9.8,10.6,14.8,1967,0.4,145.04
6.7,4,5.7,533,0.9,38.19
9,8.8,14,2333,0.4,126
3.8,3.7,14,2333,0.1,53.2
9,10.3,13.2,2122,0.6,118.8
13.1,11.6,16.1,1656,0.7,210.91
18.1,10.9,15.8,1522,0.8,285.98
5.3,5,7.1,1044,0.1,37.63
6.2,6.4,7.1,1044,0.5,44.02
17.4,15.4,17.7,889,0.1,307.98
10.8,12.3,15.1,1411,0.9,163.08
5,4.9,7.2,1733,1,36
16,10.8,14.4,1689,0.6,230.4
12.8,12.7,16.2,1678,0.7,207.36
6.1,3.5,5.4,1133,0.8,32.94
24.8,14.4,19.6,789,0,486.08
14.9,13.4,17.7,2278,0.3,263.73
17.8,15,20.3,1011,0.2,361.34
4.2,2.5,7.8,989,0.6,32.76
17.5,10.3,13.2,2122,0.8,231
18.6,12,13.2,2122,0.4,245.52
14.5,12.2,16.2,1678,0.7,234.9
3.4,3.5,16.2,1678,0.3,55.08
13.4,13.4,15.1,1656,0.1,202.34
5.5,4.8,14.8,1022,0,81.4
19.3,11.5,13.4,778,0.8,258.62
8.5,5.3,6.4,911,0.3,54.4
25.2,17.8,21.2,967,0.1,534.24
3.2,3.4,17.2,1778,0.6,55.04
15.8,13.4,16.1,1656,0.9,254.38
17.4,10.8,16.2,1678,0.6,281.88
12,11,16.1,1656,0.8,193.2
11,12.8,17.7,2278,0.9,194.7
7.2,10.3,14.5,978,0.9,104.4
19.3,16.2,20.5,722,0.5,395.65
18.7,16.4,21.5,1667,0.6,402.05
17.1,8.8,16.2,1678,0.7,277.02
26.7,18.5,20.3,1011,0.1,542.01
12.6,4.9,15.1,589,0.7,190.26
6.8,7.6,14,2333,0.2,95.2
20.3,16.9,22.4,867,0.2,454.72
13.1,10.7,15.1,1656,0.4,197.81
15.8,13.1,17.7,2278,0.3,279.66
15.3,15.2,17.7,2278,0.3,270.81
6.3,5,6.9,1356,0.8,43.47
15.3,14.1,14.5,978,0.3,221.85
19.1,16.2,21.5,1667,0.5,410.65
7,5.5,10.4,500,0.6,72.8
4.7,3.2,14.8,1022,0.1,69.56
15.6,12.5,16.1,1656,0.7,251.16
9.2,6,6.8,767,0.7,62.56
20.8,12.2,16.2,1678,1,336.96
20.1,14.7,17.7,2278,0.9,355.77
22,16.2,21.5,1667,0.5,473
9.7,5.6,14,2333,0.2,135.8
7.4,4.1,6,1322,0.2,44.4
20.1,9.6,14.6,789,0.4,293.46
18.5,14.5,16.1,1656,0.2,297.85
7.6,4.4,5.4,1133,0.4,41.04
29.1,16,17.7,889,0.3,515.07
5.4,4.8,6,600,0.7,32.4
19.9,12.9,16.1,1656,0.3,320.39
20.1,13.3,16.1,1656,0.7,323.61
20.8,15.8,16.6,1467,0.6,345.28
15.6,12.2,13.2,2122,0.6,205.92
14.3,11.5,15.1,1411,0.9,215.93
13.6,12.8,16.2,1156,0.2,220.32
21.7,12.9,20.5,722,0.2,444.85
3.8,3.3,5.4,1133,0.6,20.52
2.2,4.4,5.4,1133,0.1,11.88
11.3,6.8,14,2333,0.2,158.2
15.1,15.1,17.7,2278,0.5,267.27
17.4,15.2,17.7,2278,0.4,307.98
3.9,3.5,5.4,1133,0,21.06
6.2,5.2,16.6,1656,0.3,102.92
7.9,4.5,6.9,1356,0.4,54.51
5.4,5.6,10.4,500,0.5,56.16
4.9,4.3,6.9,1356,0.7,33.81
5.9,4.7,6.4,911,0.7,37.76
20,15.6,20.3,1011,0.3,406
7,6.7,14.8,1967,0.7,103.6
18.1,9.7,14.6,789,0.8,264.26
15.4,13.6,14.5,978,0.6,223.3
7.4,4,19.6,789,1,145.04
6.5,4.6,6,600,0.5,39
10.8,9.8,14,2333,0.8,151.2
20.3,14.4,14.4,1689,0.4,292.32
15.3,9.7,14.8,1022,0.2,226.44
6.3,12.1,21.5,1667,0.1,135.45
5.3,5.5,13.2,2122,0.7,69.96
3.5,6.4,10.1,1522,0.1,35.35
23,14,14.4,1689,0.6,331.2
17.6,13.8,13.9,767,0.2,244.64
11.8,10.9,14.5,978,0.5,171.1
17.2,13,16.2,1678,0.4,278.64
6.4,5.4,7.2,1733,1,46.08
17.7,12.9,15.1,1656,0.2,267.27
3.5,4.2,14.1,2200,0.8,49.35
11.7,11.7,16.3,1556,0.9,190.71
6.4,5.7,7.2,1733,0.3,46.08
8.1,5.3,9.7,1644,0.1,78.57
15.1,14,14.4,1689,0.7,217.44
3.8,4.1,6,1322,0.7,22.8
9.6,6.7,15.8,1522,0.4,151.68
6.7,4.1,6.9,1356,0.9,46.23
13.3,10.4,16.3,1556,0.9,216.79
8.2,4,7.1,1044,0,58.22
23,15.7,21.5,1667,0.4,494.5
15.4,13.7,16.2,1156,0.7,249.48
19.6,14,16.2,1678,0.5,317.52
9.7,7.2,14,2333,0.7,135.8
20.4,11.9,13.9,767,0.8,283.56
9.9,6.9,14.8,1967,0.5,146.52
10.5,11.5,18.8,1233,0.5,197.4
4.8,3,9.7,1644,0.9,46.56
15.7,15.4,21.5,1667,0.3,337.55
12.4,10.6,16.2,1156,1,200.88
16.5,11.4,16.5,1356,0.9,272.25
4.1,8.1,15.8,1522,0.5,64.78
12.5,12.3,15.1,1656,0.1,188.75
17.8,13.3,16.3,1556,0.2,290.14
21,14.7,16.5,1356,0.7,346.5
16.3,10.9,15.1,1411,1,246.13
7.8,5,5.7,533,0.4,44.46
7.3,5.8,7.2,1733,0.2,52.56
7.4,6,7.1,1044,0.4,52.54
11,6.3,7.2,1733,0.1,79.2
19.9,13,14.8,1967,0.3,294.52
11.4,10.3,14.5,978,0.6,165.3
12.8,9.8,14.5,978,0.5,185.6
2.8,5,10.4,500,1,29.12
15.4,12.1,16.2,1678,0.8,249.48
19.7,10.7,13.9,767,1,273.83
22.5,12.6,14.5,978,0.2,326.25
17,12.6,15.1,1067,0.7,256.7
5.3,6.4,10.1,1522,0.3,53.53
7.3,7.3,10.1,1522,0.2,73.73
15.2,11.5,15.1,1411,1,229.52
19,12.3,16.6,1656,0.9,315.4
8.5,7,7.1,1044,0.9,60.35
4.5,2.4,5.4,1133,0.9,24.3
2.9,2.9,4.9,689,0.9,14.21
5,12.1,16.1,1656,0.1,80.5
23.8,18.4,22.4,867,0.9,533.12
13.8,9.8,14,2333,0.3,193.2
14.2,14.5,16.6,1656,0.1,235.72
20.1,11.5,14.8,1967,0.5,297.48
5.1,2.8,7.1,1044,0.5,36.21
7.2,6.1,7.2,1733,0.6,51.84
4.7,5.1,6.2,1311,0.7,29.14
16.3,12.3,16.3,1556,0.1,265.69
11.1,10.5,16.6,1656,0.1,184.26
20.2,16.3,21.5,1667,0.6,434.3
19.4,15.7,21.5,1667,0.9,417.1
26,15.5,16.1,689,0.8,418.6
18.3,12.4,14.8,1967,0.2,270.84
8.3,5.2,9.7,1644,0.2,80.51
17.5,12.4,15.8,1522,0.6,276.5
18.6,12.5,15.7,1022,0.7,292.02
16.6,12.9,16.2,1156,0.4,268.92
4.5,4.5,6.4,911,0.5,28.8
17.6,10.5,16.2,1156,0.9,285.12
15.8,13.5,16.2,1678,0.6,255.96
17.8,13.1,18.8,1233,0.6,334.64
17.5,16,21.5,1667,0.8,376.25
25.2,23,21.2,967,0.1,534.24
14.6,18.9,21.5,1667,0.4,313.9
21,11.7,13.1,811,0.8,275.1
16.6,13.8,15.1,1656,0.6,250.66
2.7,2.5,6.4,911,0.2,17.28
19.3,14.6,16.5,1356,0.3,318.45
8.6,8.6,14,2333,0.8,120.4
4.6,6.6,10.1,1522,0.7,46.46
18.2,14.1,15.1,1656,0.1,274.82
15.7,13.7,14.8,1022,0.6,232.36
10,9.8,21.2,967,0.2,212
16.8,11.9,16.2,1156,0.6,272.16
21.7,10.6,15.1,1067,0.4,327.67
9.7,10.9,15.8,1522,0.7,153.26
9.9,6.8,10.1,1522,0.1,99.99
8.2,11.7,13.2,2122,0,108.24
21.7,14.9,17.7,889,0.6,384.09
14.6,11.4,14.4,1689,0.9,210.24
5.1,5.2,10.4,500,0.2,53.04
15.6,15,16.3,1556,0.4,254.28
10.3,9.7,13.2,2122,0,135.96
22.3,14,15.1,589,1,336.73
9.4,9.9,17.7,2278,0.5,166.38
6.5,11.8,13.1,811,0.3,85.15
4.6,4.2,7.2,1733,0.9,33.12
26.7,17.8,22.4,867,0.2,598.08
17.5,21.1,20.3,1011,0.8,355.25
16.1,15.3,17.7,889,0,284.97
3.8,4.7,7.2,1733,0.7,27.36
8.8,5.9,14,2333,0.4,123.2
29.6,19,22.4,867,0.8,663.04
24.1,12.7,13.9,767,1,334.99
15.7,13.4,14.4,1689,0.4,226.08
24.1,12.4,15.7,422,0.8,378.37
16.1,12.8,14.8,1022,0.8,238.28
17.9,12,14.4,1689,0.7,257.76
15.8,17.5,20.3,1011,0.4,320.74
18.8,11.7,15.1,589,0.1,283.88
19.4,15.3,17.3,1122,0.6,335.62
6.2,5.7,7.2,1733,0.1,44.64
16.8,10.8,14,2333,0.1,235.2
6.7,5.5,7.1,1044,0.7,47.57
13.5,5.9,9.7,1644,0.2,130.95
20.7,15.3,17.7,2278,0.4,366.39
7.5,4.6,6,1322,0.7,45
6.2,4.2,18.8,1233,0.1,116.56
9.1,5.4,6.9,1356,0.7,62.79
2.9,2.3,5.4,1133,0.2,15.66
5.1,5.2,21.2,967,0.3,108.12
8.9,6.3,9.7,1644,0.9,86.33
9.3,10.7,14.5,978,0.6,134.85
15.4,12.3,15.8,1522,0.5,243.32
14.7,13.7,17.2,1778,0.5,252.84
18.1,14.1,16.6,1656,0.2,300.46
10.6,11.3,16.2,1678,0.5,171.72
3.6,3.6,6.9,1356,0,24.84
10.5,12.5,21.5,1667,0.8,225.75
8.3,8,14,2333,0,116.2
11.8,10.1,15.8,1522,0.5,186.44
3.3,2.7,4.9,689,0.5,16.17
15.1,9.1,15.1,1067,0.1,228.01
12.8,5,15.8,1522,0.2,202.24
16.4,18.7,20.3,1011,0.9,332.92
15.9,11.5,13.2,2122,0.1,209.88
25.2,16.7,21.2,967,0.6,534.24
23.2,15.8,17.3,1122,0.7,401.36
9.5,6.8,7.2,1733,0.6,68.4
7.7,7.8,6.9,1356,0.6,53.13
18.3,12.4,15.1,1656,0.5,276.33
18.3,14.3,16.1,1656,0.4,294.63
7,4.3,13.4,778,0.1,93.8
17.2,10.2,16.2,1156,0.6,278.64
10.2,8.7,14,2333,0.7,142.8
3,4,6,1322,0.9,18
11.1,6,6.8,767,0.2,75.48
18.5,13.3,14.8,1967,0.3,273.8
7.1,4.5,16.1,689,0.5,114.31
18.8,14,16.1,689,0.4,302.68
18.7,16.5,22.4,867,0.5,418.88
3.1,3.2,9.7,1644,0.2,30.07
5.1,3.5,6,1322,0.4,30.6
29.1,19.8,20.3,1011,0.1,590.73
33,18.9,22.4,867,0.1,739.2
18.5,12.9,16.3,1556,0.2,301.55
15.8,13.7,16.3,1556,0.5,257.54
11,12,21.5,1667,0.9,236.5
4,3.1,4.9,689,0.6,19.6
9.5,5.7,6.4,911,0,60.8
11.8,13.4,18.8,1233,0.9,221.84
4,4.1,4.9,689,0.7,19.6
6.3,4.9,6.1,722,0.4,38.43
5.6,4,6.8,767,0.9,38.08
10,6.3,9.7,1644,0,97
18.3,12.8,16.5,1356,0.8,301.95
14.4,13.8,15.8,1522,0.1,227.52
10.2,8.2,13.1,811,0.3,133.62
20.2,14.4,15.1,1411,0.1,305.02
7.8,5,14,2333,0.5,109.2
14,11.9,14.5,978,0.8,203
18.5,14.9,16.3,1556,0.9,301.55
7.2,4.5,6.9,1356,0.8,49.68
6.8,3.7,6.8,767,0.6,46.24
13.3,10.9,15.1,1656,0.2,200.83
12.4,7.3,10.4,500,0.8,128.96
12.9,11.9,14.1,2200,0.4,181.89
12.7,7.7,7.8,989,0.7,99.06
30.6,20.7,19.6,789,0.8,599.76
7.5,6.5,6.4,911,0.2,48
23.8,20.7,21.5,1667,0.8,511.7
13.5,11.8,14.8,1022,0,199.8
8,6.4,10.4,500,0.9,83.2
14.1,11.7,16.2,1156,0.2,228.42
12.4,11.7,15.8,1522,0,195.92
11.3,13.5,18.8,1233,0.3,212.44
4.6,6.9,14,2333,0.8,64.4
11.2,13.1,20.5,722,0.2,229.6
15.6,17.6,20.3,1011,0.8,316.68
17.9,13.3,16.2,1156,0.2,289.98
16.9,14.1,16.3,1556,0.9,275.47
3.2,3.5,7.2,1733,0.7,23.04
12,11.7,13.2,2122,0.6,158.4
5.9,7.3,16.2,1678,0.9,95.58
2.7,2.8,7.2,1733,0.8,19.44
2.6,2.1,6.1,722,0.1,15.86
18.8,16.5,17.3,1122,0.2,325.24
30.4,20.7,22.4,867,0.2,680.96
15.6,12,14.8,1967,0.5,230.88
14.8,13.2,16.5,1356,0.4,244.2
16.2,10,19.6,789,0.2,317.52
15.9,8.9,16.2,1678,0.3,257.58
16.8,16,22.4,867,0.6,376.32
21.8,10.5,19.6,789,0.4,427.28
19.6,17.7,21.5,1667,0.7,421.4
17.2,15.7,16.3,1556,0.2,280.36
7.3,4,6.9,1356,0.3,50.37
7.2,5,6.8,767,0.2,48.96
19.4,14.8,17.3,1122,0.3,335.62
3.2,2.7,4.9,689,0.8,15.68
16.3,14.4,15.1,1411,0.6,246.13
10.4,7.1,14,2333,0.2,145.6
6.9,5.2,14,2333,0.2,96.6
17.7,13.2,17.7,2278,0.7,313.29
23.2,18,21.5,1667,0.8,498.8
18.1,12.1,18.8,1233,0.4,340.28
18.5,12,14.8,1967,0.3,273.8
14,10,13.1,811,0.8,183.4
14.5,12.6,16.5,1356,0.8,239.25
16.1,11.5,16.2,1678,0.2,260.82
15.6,11.4,15.8,1522,0.9,246.48
7.2,5.8,7.2,1733,0.2,51.84
25.2,20.8,21.2,967,0.7,534.24
13.1,13.1,16.6,1656,0.8,217.46
5.2,4.7,7.2,1733,0.5,37.44
13.1,10.9,14.8,1967,0.5,193.88
11.6,12,18.8,1233,0.6,218.08
22.8,16.3,17.3,1122,0.9,394.44
17.6,18.2,20.3,1011,0.7,357.28
21.9,14.1,16.5,1356,0.1,361.35
4.5,3.4,4.9,689,0.2,22.05
14.4,12.3,16.1,1656,0.6,231.84
14.2,12.4,16.2,1678,0.7,230.04
17.8,11.6,15.8,1522,0.9,281.24
10.7,4.6,10.1,1522,0.4,108.07
15.4,12.6,17.7,2278,0.6,272.58
14.8,11.9,15.1,1067,0.3,223.48
5.4,2.9,6.1,722,0.9,32.94
7,9.1,14.8,1967,0.9,103.6
8.1,5.8,7.1,1044,0.2,57.51
15.7,14.6,15.1,589,0.3,237.07
13.5,9.7,13.2,2122,0.9,178.2
8.5,5.1,6.8,767,0.9,57.8
20.8,15,16.3,1556,0,339.04
6.8,4.8,6.9,1356,0.9,46.92
13.7,12.3,15.8,1522,0.3,216.46
13.4,12.4,16.6,1656,0.6,222.44
13.5,13.8,17.7,2278,0.5,238.95
14,12.3,16.3,1556,0,228.2
10.7,12.2,14.8,1967,0.9,158.36
13.6,7.7,10.4,500,0.6,141.44
6.2,4.4,7.1,1044,0,44.02
15.1,11.2,16.1,1656,0.8,243.11
14.7,13.9,15.8,1522,0.1,232.26
6.9,11.6,14.1,2200,0.8,97.29
14.5,9.9,13.1,811,0.4,189.95
19,11.5,13.1,811,0.1,248.9
13.3,14.6,20.5,722,0.9,272.65
20.1,14.3,16.6,1656,0.4,333.66
5.1,2.2,10.1,1522,0.9,51.51
17.8,12.7,15.8,1522,0.1,281.24
15.7,7.2,10.1,1522,0.9,158.57
13.6,11.8,16.1,1656,0.8,218.96
5.5,6,10.1,1522,0.3,55.55
22.3,11.4,14.1,556,0.2,314.43
7.5,4.5,5.4,1133,0.1,40.5
13.7,9.8,14,2333,0.6,191.8
16.4,12.2,14.8,1967,0.6,242.72
3.4,5.9,6.8,767,0.3,23.12
12.7,6.6,10.1,1522,0.1,128.27
8.9,6.4,6,600,0.5,53.4
20.9,14.6,16.3,1556,0,340.67
5.3,4.3,6.4,911,0.6,33.92
19.8,11,13.9,767,0.9,275.22
18.1,14.9,17.2,1778,0.1,311.32
16.1,12.4,14.4,1689,0.8,231.84
3.5,4.2,6.2,1311,0.6,21.7
2.4,1.9,7.1,1044,0.2,17.04
6.5,8.3,14,2333,0.5,91
5.5,3.7,6,600,1,33
18.7,14.4,16.3,1556,0.8,304.81
10.1,6.2,7.2,1733,0.7,72.72
5,4.4,5.4,1133,0,27
24.8,13.3,18.8,1233,0.7,466.24
12.7,6.5,7.2,1733,0.5,91.44
16.4,15.6,17.7,2278,0.3,290.28
3,2.4,5.4,1133,0.7,16.2
19.2,13.7,17.7,2278,0.5,339.84
18.9,12,14.1,556,0.6,266.49
22,17.9,20.3,1011,0.7,446.6
18.3,14.4,20.5,722,1,375.15
27.6,17.1,17.7,889,0.9,488.52
20.7,12.9,15.8,1522,0.3,327.06
6.9,5.1,5.7,533,0.2,39.33
15,11.3,15.8,1522,0.6,237
6.3,6.8,10.1,1522,0.8,63.63
21.4,14.4,16.1,689,0.9,344.54
9.9,6.9,7.2,1733,0.3,71.28
13.5,12,15.1,1411,0.8,203.85
12.9,9.2,15.1,589,0.4,194.79
21.6,18.8,21.2,967,0.9,457.92
20.2,15.9,16.6,1656,0.4,335.32
5.8,4.2,16.5,1356,0.6,95.7
17,12.8,16.1,1656,0.2,273.7
19.2,13.7,15.1,1656,0.6,289.92
2.8,1.8,9.7,1644,0.1,27.16
18.8,15.7,21.5,1667,0.6,404.2
19.9,13.3,13.2,2122,0.2,262.68
18.6,14.8,17.7,889,0.2,329.22
12.8,12.2,17.7,2278,0.6,226.56
11.2,8.2,16.2,1678,0.1,181.44
18.6,18.7,21.2,967,0.6,394.32
9.2,10.2,17.7,2278,0.5,162.84
11.9,12.2,14,2333,0.3,166.6
12,9.2,14.4,1689,0.3,172.8
12,12.7,16.3,1556,0.8,195.6
19,17.5,18.8,1233,0.3,357.2
13.8,8.9,14,2333,0.3,193.2
16.4,12.9,17.7,2278,0.4,290.28
17.3,17.2,21.5,1667,0.6,371.95
16.2,13.1,17.3,1122,0,280.26
13.1,12.8,17.7,2278,0.7,231.87
21.3,12.8,16.2,1156,0.3,345.06
7.4,3.9,6,1322,0.3,44.4
15.9,12.9,15.1,1411,0.7,240.09
14.7,12.5,15.1,1656,0.2,221.97
6.4,4.5,5.7,533,0.7,36.48
12.4,15.8,21.5,1667,0.1,266.6
25.2,19.6,22.4,867,0,564.48
7.1,5.4,4.9,689,0,34.79
12.1,7.2,7.8,989,0.8,94.38
7.3,7.9,17.3,1122,0.9,126.29
10.1,7,19.6,789,0.1,197.96
9.4,7.9,16.5,1356,0.6,155.1
19.9,16.2,17.7,2278,0.4,352.23
3.7,3.8,4.9,689,0.4,18.13
18.7,13.9,15.1,589,0.5,282.37
20.1,14.7,15.1,1656,0.4,303.51
8,4.2,5.7,533,0.4,45.6
7,5.8,15.8,1522,0.4,110.6
7.7,6.8,7.2,1733,0.8,55.44
4.7,3.5,6,600,0.7,28.2
6.2,9.7,14.6,789,0.1,90.52
12.1,5.7,9.7,1644,0.7,117.37
16.1,13.3,16.5,1356,0.1,265.65
10.1,5.9,7.1,1044,0.4,71.71
14.7,10.8,16.2,1156,1,238.14
14.7,10.6,21.5,1667,0.4,316.05
15.2,10.4,13.2,2122,1,200.64
9.7,5.8,6.8,767,0.5,65.96
17.3,12.8,15.1,1656,0.1,261.23
4.4,3.1,4.9,689,0.6,21.56
11.3,12.5,16.3,1556,0.1,184.19
14.4,12.4,15.7,1022,0.2,226.08
11.2,11.4,16.1,1656,0.2,180.32
20.3,16.3,21.5,1667,0.9,436.45
18.5,16.1,16.6,1467,0.1,307.1
5.4,5,10.4,500,0.3,56.16
8.1,3.7,5.7,533,0.5,46.17
16.8,12.5,16.2,1156,0.1,272.16
18.2,11.4,15.8,1522,0.2,287.56
7.2,3.5,21.2,967,0.9,152.64
7.5,5.1,6,1322,0,45
11.2,7,7.8,989,0.4,87.36
7.6,5,5.7,533,0.1,43.32
18.3,10.6,15.8,1522,0.6,289.14
17.9,13,14.5,978,0.1,259.55
22.2,16.9,21.5,1667,0,477.3
3.5,5.5,6.9,1356,0.1,24.15
5.5,5,7.1,1044,0.4,39.05
9.2,11.9,14.1,2200,0.1,129.72
16.6,16.3,21.5,1667,0.8,356.9
22.6,18.9,22.4,867,0.9,506.24
5.4,4.4,7.2,1733,0.1,38.88
7.6,6.3,16.2,1678,0.1,123.12
24.4,13.7,17.7,889,0.9,431.88
14.9,14.4,16.5,1356,0.3,245.85
32.3,18.7,22.4,867,0.8,723.52
3.1,2,4.9,689,0.1,15.19
17.3,14.4,16.3,1556,1,281.99
7.1,5.1,6.9,1356,1,48.99
18.2,14.3,15.1,1067,0,274.82
9.3,5.1,7.1,1044,0.5,66.03
14.3,11.9,17.7,2278,0.2,253.11
4.3,4.7,6,1322,0,25.8
18,11.4,14.4,1689,0.1,259.2
15.9,14.1,15.8,1522,0.1,251.22
12.5,11.8,15.1,1656,0.5,188.75
3.3,3.3,13.9,767,0.8,45.87
6.7,5,6,1322,0.8,40.2
20.5,15.4,16.1,1656,0.1,330.05
9.4,6,6.9,1356,0.8,64.86
3.6,3.6,6.9,1356,0.2,24.84
3.5,3.5,7.2,1733,0.8,25.2
16.5,10.8,15.1,1656,0.5,249.15
16,11.3,14.4,1689,0.7,230.4
5.1,3.4,6.8,767,0.9,34.68
3.4,3.5,6,600,0.6,20.4
16.2,10,14.6,789,0.2,236.52
8,5.8,10.1,1522,0.5,80.8
22.6,17.9,17.7,889,0.8,400.02
23.2,14.8,16.3,1556,0.9,378.16
4.7,4.1,10.1,1522,0.1,47.47
9.9,5.8,10.1,1522,0.6,99.99
13.7,13,16.1,1656,0.8,220.57
15.6,11.5,15.1,1411,0.3,235.56
16.9,14.4,15.1,1067,0.3,255.19
7.4,8.9,20.5,722,0.2,151.7
28.3,19.9,20.3,1011,0.2,574.49
8.6,5.5,10.1,1522,0.5,86.86
12.6,5.1,14.5,978,0.7,182.7
19.2,13.2,18.8,1233,0,360.96
23,14.6,15.1,589,0.9,347.3
27.4,20.2,21.2,967,0,580.88
9.5,10.7,16.1,1656,0.8,152.95
21.6,13.2,15,1956,0.3,324
16.3,11,13.1,811,0.8,213.53
8.6,5.3,6.9,1356,0.2,59.34
3,2.3,4.9,689,0.3,14.7
16.1,11.2,15.1,1067,0.6,243.11
4.6,3.3,6.9,1356,0.2,31.74
11.2,5.7,7.8,989,1,87.36
13.1,12.4,16.6,1656,0.6,217.46
18.5,13.9,15.1,1411,0.2,279.35
11.4,8.4,14,2333,1,159.6
5.2,6.7,14.8,1022,0.9,76.96
12.3,12.1,14.8,1967,0.9,182.04
17.9,11.8,19.6,789,0.5,350.84
13.6,6.5,9.7,1644,0.7,131.92
20.7,15.2,16.3,1556,0.5,337.41
19.6,12.5,13.4,778,0.6,262.64
15.8,12.6,16.2,1678,0.7,255.96
9.4,11.3,16.6,1467,0.1,156.04
12,14.2,21.5,1667,0.6,258
20.9,16.8,21.2,967,0.9,443.08
19.5,13,16.2,1678,0.6,315.9
10.2,6.7,18.8,1233,0.5,191.76
12.2,13.5,17.7,2278,0.9,215.94
3.8,4.5,14.8,1022,0.3,56.24
37.9,16.7,20.5,722,1,776.95
14.9,17.6,20.3,1011,0.9,302.47
4.2,7.1,7.1,1044,0.6,29.82
6.1,4.6,15.1,1411,0.7,92.11
26.2,18.1,22.4,867,0.8,586.88
18.9,14.3,15.8,1522,1,298.62
14.5,12.4,17.7,2278,0.1,256.65
21.5,16.9,17.7,889,0.6,380.55
14.5,12.7,13.1,811,0.6,189.95
8.3,5.7,6,600,0.4,49.8
20.4,13.7,17.3,1122,0.6,352.92
18.1,13.2,14.4,1689,0.3,260.64
11.1,9.3,14,2333,0.7,155.4
16.2,11.3,16.1,1656,0.5,260.82
14.8,13.4,16.1,1656,0.7,238.28
27.8,11,16.1,689,1,447.58
10.6,9.5,14,2333,0.9,148.4
18.7,13.5,16.2,1678,0.9,302.94
16.5,12.3,17.3,1122,0.7,285.45
11,7.2,10.1,1522,0.9,111.1
17.9,13.4,14.1,556,0.1,252.39
8.7,6.9,16.6,1656,0.2,144.42
3.6,3.1,14,2333,0.5,50.4
17.5,14,16.6,1656,0.2,290.5
12.4,11.6,15.1,1067,0.8,187.24
13.4,9,14,2333,0.5,187.6
15,12.5,15.1,1656,0.6,226.5
19,15.1,17.7,2278,0.8,336.3
9.2,6,15.1,1067,0.2,138.92
19.9,15.1,16.6,1656,0.1,330.34
7.8,5.3,6.9,1356,0.4,53.82
5,4.6,6,1322,0.3,30
11.9,8.7,14,2333,0.8,166.6
19.4,17.8,21.5,1667,0.9,417.1
5.4,5.5,15.8,1522,0.2,85.32
30.7,18.3,21.2,967,0.1,650.84
4.3,6.5,7.2,1733,0.5,30.96
17.2,13.3,14.4,1689,0.5,247.68
13.7,11.9,14.1,556,0.7,193.17
2.9,2.6,6.1,722,0.9,17.69
17.1,14.9,16.6,1656,0.9,283.86
16.6,12.6,13.9,767,0.5,230.74
16.4,12,16.2,1156,0.7,265.68
12.1,12.6,15.1,1656,0.8,182.71
12.7,11.7,17.7,2278,0.6,224.79
10.8,10.6,16.2,1156,0.5,174.96
22.7,13.7,19.6,789,0.5,444.92
5,4,5.4,1133,0.7,27
19.7,12.6,14.8,1967,0.4,291.56
4.8,3.4,13.9,767,0.6,66.72
22.8,13.9,18.8,1233,0.4,428.64
10.2,10.5,13.2,2122,0.2,134.64
18.4,14.9,16.1,1656,0.5,296.24
4,3.5,14.8,1022,0.6,59.2
4.9,4.7,7.1,1044,0.1,34.79
17.5,12.7,17.7,2278,0.4,309.75
11.5,7.9,20.5,722,0.7,235.75
17,13.7,17.3,1122,0.4,294.1
6.5,5.8,10.1,1522,0.1,65.65
5,4,5.4,1133,0.4,27
18.6,13.8,16.6,1656,0.4,308.76
16,14.8,17.7,2278,0.9,283.2
6.5,5.2,7.2,1733,0.5,46.8
13.1,10,14.8,1967,1,193.88
13.8,6.6,7.8,989,0.2,107.64
12.1,10.1,14,2333,0.5,169.4
12,11.5,17.7,2278,0.7,212.4
18.5,13,15.1,1067,0.2,279.35
24.9,15.7,19.6,789,0.8,488.04
3.7,2.8,4.9,689,0.1,18.13
20.4,15.3,18.8,1233,0.1,383.52
7.9,5.7,7.2,1733,1,56.88
7.5,6,10.4,500,0.9,78
17.1,12.4,16.1,1656,0.7,275.31
5.6,4.7,6,1322,0.2,33.6
21.2,15.7,20.3,1011,0.9,430.36
7.4,6.1,6,600,0.9,44.4
20,12.9,15.1,1411,0.6,302
13,10.6,13.2,2122,0.7,171.6
15,11.5,13.1,811,0.8,196.5
21.7,17.4,17.3,1122,0.1,375.41
6.5,4.2,5.4,1133,0.4,35.1
13.3,12.4,16.6,1656,0.5,220.78
19.8,15.2,16.3,1556,0.2,322.74
13.2,12,15.1,1656,0.8,199.32
12.2,11.9,16.1,1656,0.7,196.42
19.9,11.3,17.7,2278,0.4,352.23
10.1,11.7,15.8,1522,0,159.58
8,10.4,13.2,2122,0.4,105.6
16.2,12.4,15.1,1656,0.3,244.62
22.7,16.8,18.8,1233,0.7,426.76
10.5,7.2,13.1,811,1,137.55
7,5.9,6.4,911,0.7,44.8
12.2,16.3,21.5,1667,0.2,262.3
10.4,10.7,17.7,2278,0.5,184.08
11.2,13.4,15.1,1656,0.3,169.12
7,9.7,13.2,2122,0.9,92.4
19.6,18.8,20.3,1011,0.8,397.88
16.5,16.1,17.7,2278,0.3,292.05
19.8,14.8,16.6,1467,0.6,328.68
12,10.4,16.1,1656,0.9,193.2
23.1,13.2,15.1,1411,0.5,348.81
12.3,10.1,16.2,1678,0.3,199.26
25.7,16.5,16.6,1656,0.8,426.62
7.2,5.3,6.9,1356,0.3,49.68
8.4,9.3,17.7,2278,0.3,148.68
7.2,4.8,6.1,722,0.9,43.92
11.8,12.6,16.3,1556,0.7,192.34
16.4,12.3,16.2,1678,0.3,265.68
15,10.8,14.4,1689,0.8,216
8,5.1,6,1322,0.3,48
16.7,11.6,13.1,811,0.9,218.77
14.4,12.8,15.8,1522,0.8,227.52
4.8,3.9,17.2,1778,0.1,82.56
7.3,6.1,6.4,911,0.7,46.72
9,6.2,14.4,1689,0.3,129.6
10.6,8.7,14.8,1967,0.4,156.88
29,13.5,19.6,789,0.3,568.4
21.8,14.2,16.1,689,1,350.98
17.2,11.5,13.9,767,0.7,239.08
11.5,14.3,21.5,1667,1,247.25
23.8,14.4,18.8,1233,0.5,447.44
17.8,11.5,15.1,1067,0.9,268.78
18.4,10.1,15.7,422,0.3,288.88
3.2,2.8,7.2,1733,0.2,23.04
4.6,4.6,10.1,1522,0.1,46.46
26.8,17.4,22.4,867,0.3,600.32
21.5,14.9,18.8,1233,0.6,404.2
10.5,11.1,15.8,1522,0.7,165.9
7.4,4.8,6,1322,0.3,44.4
13.7,10.3,14.8,1967,0.6,202.76
5.2,4.7,6.9,1356,1,35.88
6,5.6,10.1,1522,0.4,60.6
6.7,4.5,6.8,767,0.9,45.56
19.5,11.6,14.4,1689,0.2,280.8
13.3,15.6,20.5,722,0.3,272.65
11.6,11.3,16.6,1467,0.5,192.56
5.4,4.9,19.6,789,0.6,105.84
15,12,17.7,2278,0.9,265.5
7.4,5.5,6.9,1356,0.6,51.06
31,16.7,21.5,1667,0.7,666.5
25.9,18.6,20.3,1011,0.3,525.77
23.4,14.1,16.6,1467,0.4,388.44
8.3,5.6,6.4,911,0.3,53.12
19.4,16.7,20.5,722,0.3,397.7
5.3,4.1,6.9,1356,0,36.57
13.1,13.8,21.5,1667,0.5,281.65
4.6,3.1,4.9,689,0.9,22.54
10.3,7.1,10.1,1522,0.2,104.03
19.3,11.3,16.1,1656,0,310.73
17.3,12.6,15.1,1656,0.8,261.23
20.2,15,16.6,1467,0.8,335.32
20.8,16.5,21.5,1667,0.2,447.2
17.7,13,15.1,1067,0.8,267.27
16.8,10.5,21.2,967,0.3,356.16
7.4,4.9,6,1322,0.9,44.4
17.9,12.7,15.1,1411,0.4,270.29
7.5,5.5,6.9,1356,0.8,51.75
18.7,11.7,14.4,1689,0.7,269.28
17.1,12.7,16.1,689,0.4,275.31
8.8,5.3,7.2,1733,0.9,63.36
17.9,13.2,16.6,1656,0.3,297.14
15.8,14.1,17.7,2278,0.7,279.66
10.5,4.9,10.4,500,0,109.2
16.3,11.6,15.1,1067,0.3,246.13
19.3,15.4,16.5,1356,0.3,318.45
11.8,10,14.5,978,0.3,171.1
10.8,11.5,13.2,2122,0.6,142.56
18.1,15.4,17.7,2278,0.1,320.37
16.5,14.1,18.8,1233,0.5,310.2
14,13.8,16.1,1656,0.9,225.4
17.2,13.4,14.5,978,0.7,249.4
11.6,10.9,13.2,2122,0.3,153.12
16.7,11.3,14.4,1689,0.3,240.48
8.7,3.9,14,2333,0.8,121.8
28.6,17.6,22.4,867,0.9,640.64
16.2,13,15.8,1522,0.8,255.96
27.4,14.5,15.1,589,0.5,413.74
16.5,13.2,15.1,589,0.6,249.15
19.2,12.4,18.8,1233,0.4,360.96
12.3,11.2,13.2,2122,0.3,162.36
21.2,16.1,17.7,2278,0.2,375.24
9.7,5.9,6.9,1356,0.4,66.93
2.6,2.8,5.4,1133,0.7,14.04
12.5,8.6,14,2333,0.8,175
6.7,5.6,15.8,1522,0.3,105.86
12.8,6.7,9.7,1644,0.6,124.16
14.9,11.8,16.1,689,0,239.89
8.7,4.2,15.1,1411,0.5,131.37
20.8,14.4,15.1,589,0.9,314.08
6.4,9.6,16.3,1556,0.7,104.32
18.2,11.5,14,2333,0.7,254.8
8.4,6.1,6.4,911,0.8,53.76
6.5,5.2,6.1,722,0.9,39.65
16.6,13.4,16.6,1656,0.5,275.56
15.1,13.1,16.1,1656,0.7,243.11
13.9,10.9,16.1,1656,0,223.79
2.6,1.4,9.7,1644,0.7,25.22
17,12.1,14.8,1022,0.7,251.6
9,5.6,7.1,1044,0.6,63.9
13.6,7.2,7.8,989,0.3,106.08
16.8,8.2,16.2,1678,0,272.16
19.1,14.6,16.5,1356,0.6,315.15
18.3,15.3,16.5,1356,0,301.95
14.4,10.8,14.8,1967,0.8,213.12
13,14,17.7,2278,0.2,230.1
10.3,4.9,7.2,1733,0.1,74.16
11.3,9.6,16.1,1656,0,181.93
12.1,13.5,13.4,778,0.8,162.14
13.2,6.3,10.1,1522,0.1,133.32
6.5,5.3,6,1322,0.9,39
7.8,4.5,6,1322,1,46.8
5.9,4.2,7.8,989,0.8,46.02
17.1,12.5,13.2,2122,0.4,225.72
17.3,12.7,15.1,1656,0.5,261.23
9.6,4.5,6.8,767,0.5,65.28
12.5,7.5,14.8,1022,0.8,185
17.5,11,15.1,1067,0.2,264.25
26.7,18.6,22.4,867,0.6,598.08
20.9,15.7,17.2,1778,0.7,359.48
14.7,12,14.5,978,0.5,213.15
10.2,8.6,15.8,1522,0.8,161.16
17.9,12.2,14.8,1967,0,264.92
18.2,12.5,15.1,1656,0.5,274.82
3.7,3.3,6.2,1311,0.5,22.94
10.9,8.1,14,2333,0.9,152.6
11.1,11.4,17.7,889,0.6,196.47
12.9,11.1,14.5,978,0.2,187.05
24.7,15.3,18.8,1233,0.8,464.36
15.2,12.5,15.1,1067,0.7,229.52
15.5,11.4,14.1,556,0.2,218.55
17.2,13.5,15.8,1522,0.9,271.76
7.3,6.1,7.2,1733,0.7,52.56
18,12.4,15.1,1067,0.4,271.8
16.8,13.3,16.6,1656,0.1,278.88
15.3,8.5,14,2333,0.1,214.2
33,11.2,14.8,1022,0.8,488.4
18.6,17.7,21.5,1667,0.8,399.9
8.6,5.2,6.4,911,0.6,55.04
6.3,7.5,14,2333,0.3,88.2
22.8,17.1,20.3,1011,0.8,462.84
12,10.5,15.1,1411,0.1,181.2
16.9,14.5,15.8,1522,0.3,267.02
7,4.5,6.8,767,0.2,47.6
13.5,11,16.5,1356,0.1,222.75
22.2,16.5,16.6,1656,0.7,368.52
5,4.8,14.6,789,0.2,73
10.6,12.1,16.3,1556,0.6,172.78
7.9,5.1,6.8,767,0.4,53.72
9.2,8.1,16.2,1678,0.9,149.04
6,4,6.8,767,0.9,40.8
16.1,14.8,17.7,2278,0.6,284.97
16,13,16.2,1678,0.4,259.2
24.3,18.7,20.3,1011,0.4,493.29
36.7,17.9,17.7,889,0.9,649.59
7.7,5.8,15.1,1411,0.5,116.27
6.5,5.9,7.1,1044,0.3,46.15
4.7,3.5,15,1956,0.1,70.5
6.6,5,6.1,722,0.8,40.26
22.4,15.8,17.7,889,0.7,396.48
3.2,4,5.4,1133,0.2,17.28
8.2,6,15.1,1067,0.1,123.82
21.5,10,15.7,422,0,337.55
3.4,5,6.2,1311,0,21.08
4.4,3.3,5.4,1133,0,23.76
21.2,13.3,14.1,556,0,298.92
25.2,13.7,16.1,689,0.1,405.72
6.7,4.4,7.1,1044,0.3,47.57
9.5,10.7,17.7,2278,0.1,168.15
9.8,7.7,15.1,1411,0,147.98
6.8,3.8,5.4,1133,0.9,36.72
22.9,16.6,21.2,967,0.6,485.48
17.1,15.1,17.7,2278,1,302.67
3,4.2,7.2,1733,0.3,21.6
8.6,5.1,6.9,1356,0.7,59.34
21.4,14.4,15.1,1411,0.1,323.14
12.4,12.1,16.6,1656,0,205.84
15.1,12.2,15.8,1522,1,238.58
20.9,13.1,16.1,1656,0.4,336.49
7.1,3.5,6.4,911,0.6,45.44
14.8,9.8,14,2333,0,207.2
4.7,5.6,17.7,2278,0.7,83.19
8.1,4.6,6,600,0.1,48.6
16.8,9.1,14,2333,0.4,235.2
5.1,3.6,7.8,989,0.9,39.78
15.6,13.1,16.6,1656,0.4,258.96
11.4,12.1,14.4,1689,0.4,164.16
17.5,15.2,16.1,1656,0.8,281.75
8,5.8,6.9,1356,0.7,55.2
18.3,11.8,15.1,1067,0.4,276.33
20,12.5,14.1,556,0.6,282
15.6,10.6,14.8,1967,0,230.88
13.8,11.8,13.9,767,0.8,191.82
9.6,7,14.5,978,0.7,139.2
11.1,5.7,7.8,989,0,86.58
10.2,12.3,17.2,1778,1,175.44
13.3,11.7,16.2,1156,0.5,215.46
6.7,5.4,6.4,911,0.6,42.88
3.4,3.5,6,1322,0.9,20.4
24.1,10.8,19.6,789,0.8,472.36
14.8,12.7,16.6,1656,0.3,245.68
15.4,11.3,17.3,1122,0.2,266.42
31.3,17.4,17.7,889,0.7,554.01
17.6,12.8,13.4,778,0.7,235.84
15,15.4,21.5,1667,0.7,322.5
8.5,6.2,13.9,767,0.3,118.15
5.9,2.8,5.4,1133,0.4,31.86
12.6,7.9,14,2333,0.3,176.4
6.8,5,7.2,1733,0.9,48.96
8.3,7.2,18.8,1233,0.7,156.04
2.8,2.1,5.4,1133,0.8,15.12
15.2,8,15.7,422,0.1,238.64
6.3,2.7,14.8,1022,0.6,93.24
17.8,10.2,15.8,1522,0.9,281.24
8.1,5.9,7.1,1044,0.7,57.51
15.5,13.5,15.1,1411,0.5,234.05
11.2,11,16.2,1156,0.4,181.44
7.6,8.9,14.1,2200,0.5,107.16
20.6,15.2,18.8,1233,0.3,387.28
17.4,11.3,15.7,422,0.4,273.18
19.5,13,14.6,789,0.1,284.7
12,12.9,15.1,1656,0.5,181.2
8.4,4.3,6.1,722,0.7,51.24
7,4.6,7.2,1733,0,50.4
16.6,12.9,16.1,1656,0.3,267.26
11.6,13,17.7,2278,0.4,205.32
12.6,6.7,14.6,789,0.6,183.96
16.1,13.9,16.6,1467,0.4,267.26
22.4,15.3,16.5,1356,0.1,369.6
5.7,4.8,10.4,500,0.4,59.28
18.8,13.1,16.5,1356,0.6,310.2
20.7,15.4,16.5,1356,0.9,341.55
8.8,12.2,21.5,1667,0,189.2
19.8,12.8,14.8,1967,0.6,293.04
5.1,5.6,14.8,1967,0.3,75.48
15.3,12.7,14.5,978,0.2,221.85
12.7,13.2,16.2,1678,0.3,205.74
8,7.5,14.8,1967,0.3,118.4
17.1,13.9,16.5,1356,0.7,282.15
8,5.8,16.1,1656,0.8,128.8
8.5,5.3,6.9,1356,0.8,58.65
11.5,14.1,17.7,2278,0.2,203.55
4.5,5.4,10.1,1522,0.9,45.45
19.9,15.1,16.6,1467,0.7,330.34
7.5,5.6,6,1322,0.9,45
7.9,5.8,7.2,1733,0.9,56.88
18.4,14.4,16.6,1467,0.9,305.44
8.9,5.7,6.1,722,0.8,54.29
8.1,6.4,6.4,911,0.3,51.84
12.7,11.8,20.3,1011,0.6,257.81
9.4,3.8,5.7,533,0.9,53.58
17.1,12.7,15.8,1522,0.3,270.18
3.6,2.4,4.9,689,0.5,17.64
11,12.1,16.3,1556,0.2,179.3
6.3,3.8,15.1,1411,0.4,95.13
16.8,14,14.8,1967,0.1,248.64
18.2,13,15.8,1522,0.4,287.56
26,15.3,17.7,889,0.6,460.2
6.8,4.7,15.7,422,0.4,106.76
2.4,3,6.1,722,0.6,14.64
3.3,3.1,7.2,1733,1,23.76
19.7,10.9,15.1,589,0,297.47
14.8,16.1,16.5,1356,1,244.2
11.2,17.6,20.5,722,0.4,229.6
6,4.7,5.4,1133,0.2,32.4
6.8,4.7,6,1322,0.6,40.8
16.3,10.3,19.6,789,0.8,319.48
7.6,5.4,10.1,1522,0.9,76.76
28.2,18.4,22.4,867,0.9,631.68
6.9,4.9,6.9,1356,0.2,47.61
10,7,14.5,978,0.6,145
4.3,2.5,4.9,689,0.6,21.07
17.7,10.5,13.1,811,0.7,231.87
15.1,12.6,16.1,1656,0.8,243.11
13.3,11.4,14.5,978,0.5,192.85
15.5,11.3,15.7,422,0.6,243.35
8.6,5.2,14.8,1967,0.9,127.28
7.6,4,6.4,911,0.7,48.64
18.2,12,15.1,1411,0.7,274.82
13.9,11.1,16.3,1556,0.9,226.57
7.2,5.3,7.2,1733,1,51.84
8.1,6.3,9.7,1644,0.7,78.57
12.1,7,7.8,989,0.5,94.38
12.5,13.2,16.3,1556,1,203.75
5,6.1,18.8,1233,0.6,94
15.9,12.3,14.4,1689,0.9,228.96
21.3,16.9,20.5,722,0.3,436.65
3,3.9,6.4,911,0.7,19.2
7.9,9.7,13.2,2122,0.9,104.28
16.1,10.3,14.6,789,0.8,235.06
3.8,3.6,9.7,1644,0.9,36.86
25,17,21.5,1667,0.4,537.5
14,15.3,16.3,1556,0.3,228.2
20.5,15.9,16.3,1556,0.8,334.15
5.7,5,6,1322,1,34.2
10.5,5.8,10.1,1522,0.8,106.05
21.7,14.8,15.1,589,0.2,327.67
6.5,3.6,5.7,533,0.8,37.05
17.9,13.8,17.7,889,0.6,316.83
13.5,9.1,16.2,1678,0.1,218.7
7.6,4.8,6,600,0.4,45.6
16.2,10.2,13.4,778,0.2,217.08
15.3,11.1,14.4,1689,0.3,220.32
19,15.6,21.5,1667,0.1,408.5
15.3,12.4,16.1,689,0.7,246.33
12.3,12.2,16.1,1656,0.5,198.03
9.2,7.7,14.8,1967,0.1,136.16
5.4,10.6,16.3,1556,0.4,88.02
15.2,13.5,15.1,1656,0.2,229.52
12.5,6.6,13.9,767,0.3,173.75
16.9,11.3,15.1,1411,0.8,255.19
18.4,14.7,16.6,1656,0.4,305.44
5.4,3.5,15,1956,0.8,81
17.8,13,14.4,1689,0.8,256.32
10.4,5.4,7.8,989,1,81.12
4.7,5.1,5.7,533,0.9,26.79
16.9,12.7,14.8,1967,0.8,250.12
12.8,13.6,15.1,1067,0.6,193.28
18.6,11.6,13.2,2122,0.8,245.52
7.1,5.2,9.7,1644,0.5,68.87
26.7,18.6,20.3,1011,1,542.01
25.2,13,19.6,789,0.3,493.92
4,3.4,7.2,1733,0.8,28.8
14.5,7,7.8,989,0.9,113.1
7.3,5.3,17.7,2278,0.6,129.21
8,4.9,7.1,1044,0.2,56.8
16.7,13.2,17.7,2278,0.2,295.59
17,13.6,16.1,1656,0,273.7
19,11.7,14.4,1689,0,273.6
22.3,13.1,17.3,1122,0,385.79
22.5,15.9,16.6,1656,0.7,373.5
17.6,9.6,14,2333,0.3,246.4
5.4,3.8,7.2,1733,0.1,38.88
14.1,13.4,18.8,1233,0.4,265.08
3.8,4.5,5.4,1133,0.4,20.52
20.4,18.2,22.4,867,0.3,456.96
16,12.3,15.1,1411,0.9,241.6
19.5,13.6,16.3,1556,0.2,317.85
14.3,10.1,13.1,811,0.6,187.33
14.7,9.8,13.1,811,0.2,192.57
15.8,13.2,15.8,1522,1,249.64
6.8,5.3,6,1322,0.1,40.8
21.9,16.7,20.3,1011,0.6,444.57
12,6.3,9.7,1644,0.5,116.4
16.8,9.8,15.1,1656,0.9,253.68
5.3,8.4,13.2,2122,0.8,69.96
10.9,14,17.7,889,0.9,192.93
14.4,6.5,10.1,1522,0.7,145.44
16.3,13.5,18.8,1233,0.7,306.44
17,15.1,17.7,2278,0.1,300.9
23.1,18.8,21.5,1667,0,496.65
23.3,14.5,16.5,1356,0.1,384.45
11.2,11.9,14.4,1689,0.4,161.28
6,4.9,17.7,2278,0.3,106.2
25.7,13.8,16.3,1556,0.5,418.91
14.3,13.6,15.1,1656,0.5,215.93
2.2,2.1,6.8,767,0.2,14.96
10.3,6.3,6.9,1356,0.5,71.07
17,10.8,13.4,778,0.5,227.8
8.4,5.8,9.7,1644,0.2,81.48
7.3,6,7.1,1044,0.4,51.83
9.3,8.2,13.1,811,0.3,121.83
11.5,12.5,17.7,2278,0.6,203.55
15.5,8.5,14.6,789,0.9,226.3
7.5,5.7,5.7,533,0.6,42.75
7.7,3.8,6,1322,0,46.2
18.9,17.3,20.3,1011,0.3,383.67
12.5,17,21.5,1667,1,268.75
12.8,11,18.8,1233,0.8,240.64
10.3,6.6,15.7,422,0.9,161.71
8.7,6.5,13.2,2122,0.2,114.84
18.3,14.8,14.8,1022,0,270.84
20.1,13.7,16.3,1556,0.8,327.63
11.6,12.9,17.7,2278,1,205.32
12.1,5.7,10.1,1522,0.6,122.21
22.2,15,14.8,1022,0,328.56
8.7,4.8,6.4,911,0.7,55.68
13.6,11.1,16.2,1156,0.6,220.32
6.2,5.4,6.9,1356,0.9,42.78
19.1,13.8,14.4,1689,0.9,275.04
16.1,11.8,14.5,978,0.4,233.45
21.5,12.7,14.8,1967,0.6,318.2
16.9,14,15.1,1656,0.8,255.19
11.5,13.2,15.8,1522,0.2,181.7
20.8,16,16.3,1556,0.2,339.04
26.4,17.3,22.4,867,0.7,591.36
28,15.9,17.7,889,0.6,495.6
16.5,12.6,15.1,1656,0.3,249.15
12.4,9.7,14,2333,1,173.6
7.3,4.7,5.7,533,0.9,41.61
15.2,12.5,14.8,1022,0.6,224.96
15.2,10.9,14.6,789,0.9,221.92
21,13.7,17.3,1122,0.8,363.3
17.2,14.4,16.6,1656,0.5,285.52
14.3,10.2,19.6,789,0.3,280.28
4,3.2,5.4,1133,0.2,21.6
14.2,13.3,17.7,2278,0.8,251.34
21.6,13.5,13.9,767,0.5,300.24
11.5,8.9,14,2333,0.8,161
19.4,17.1,21.2,967,0.9,411.28
25.6,18.4,20.3,1011,0.2,519.68
11.3,12.5,15.1,1656,0.8,170.63
12.3,7.5,14,2333,0.5,172.2
22.7,18.1,20.3,1011,0.2,460.81
22.2,10.5,14.6,789,0.7,324.12
19.2,13.3,15.1,589,0.3,289.92
20.6,18,21.2,967,0.1,436.72
9.9,6.3,7.1,1044,0.3,70.29
10.7,11.2,13.2,2122,0.9,141.24
18.4,13.2,14.8,1022,0.6,272.32
14.3,9.5,13.1,811,0.9,187.33
12.9,9.9,17.7,2278,0.2,228.33
2.7,4.8,6.1,722,0.2,16.47
5.1,3,6.1,722,0.2,31.11
12.3,13.4,16.3,1556,0.2,200.49
24.6,16.7,17.7,889,0.6,435.42
8.6,5.2,10.1,1522,0.3,86.86
14.6,8.4,13.2,2122,0.6,192.72
9.4,8,10.4,500,0.8,97.76
13.4,11.8,16.2,1678,0.2,217.08
5.3,3.4,6,1322,0.8,31.8
13.6,11.5,16.1,1656,0.7,218.96
14.6,9.7,14,2333,0.1,204.4
19,14.2,16.3,1556,0.1,309.7
14.2,10.8,16.2,1678,0.7,230.04
12.5,11.2,16.1,1656,0.9,201.25
20.5,15.4,21.5,1667,0.5,440.75
7.5,5.9,7.2,1733,0.9,54
4.3,5.2,10.1,1522,0.9,43.43
11.8,11,13.2,2122,0.1,155.76
7.1,5.4,15.1,1411,0.7,107.21
22.1,13.5,17.3,1122,0.6,382.33
6.4,3.7,6.1,722,0.4,39.04
16,13,15.1,1067,0.2,241.6
13.1,11,16.6,1656,0.2,217.46
14.1,12.2,14.4,1689,0.3,203.04
17.6,15,18.8,1233,0.4,330.88
14.3,12.2,16.1,1656,0.5,230.23
6.6,5.6,6,1322,0.5,39.6
4,6.5,15.8,1522,0.6,63.2
3.5,2.4,5.4,1133,0.9,18.9
27.8,14.2,17.7,889,0.3,492.06
22.1,15.4,16.3,1556,0.9,360.23
4.4,2.2,4.9,689,0.8,21.56
14,11.8,16.2,1156,0.5,226.8
4.1,3.7,7.8,989,0.4,31.98
14.4,12.3,14,2333,0.5,201.6
20.2,14.4,16.3,1556,0.5,329.26
7.2,5.1,5.7,533,0.8,41.04
6.2,5.6,7.2,1733,0,44.64
6.8,3.8,6.1,722,0.9,41.48
22,17.2,21.2,967,0.3,466.4
27.2,12,14.8,1022,0.5,402.56
5.6,6.2,10.1,1522,0.5,56.56
5.9,4.3,5.4,1133,0.8,31.86
15,13.7,17.7,2278,0.8,265.5
12.9,7.7,9.7,1644,0.6,125.13
14,14.9,20.3,1011,0.3,284.2
8.5,5.4,6.9,1356,0.7,58.65
19.8,15.8,17.7,2278,0,350.46
10,5.9,16.5,1356,0.6,165
13.5,9.5,13.1,811,0.1,176.85
20.1,14.2,16.5,1356,0.6,331.65
29,19.3,21.2,967,1,614.8
15.1,11.4,14.4,1689,0.3,217.44
12.5,10.8,16.1,1656,0.1,201.25
21.1,19.7,21.2,967,0.7,447.32
15.8,12.3,14.4,1689,0.4,227.52
16.9,10.1,14.8,1967,0.3,250.12
8.8,10.5,14.8,1967,0.6,130.24
3.2,3.6,7.2,1733,0.9,23.04
16.7,14.9,16.6,1467,0.7,277.22
7.5,5.8,7.1,1044,0.4,53.25
18.2,10.9,16.1,689,0.9,293.02
6.4,5.8,7.2,1733,0.9,46.08
14.9,19.7,20.3,1011,0.9,302.47
2.5,3,6.9,1356,0.6,17.25
6.8,3,6,1322,0.1,40.8
18.2,9.9,15,1956,0.7,273
18.7,14.8,15.1,1656,0.9,282.37
16.6,15,17.7,2278,0.8,293.82
21.7,14.1,16.1,689,0.8,349.37
19.5,16,16.5,1356,0.4,321.75
19.1,13,15.1,1656,0.6,288.41
14.3,13.3,15.1,1411,0.3,215.93
14.7,13.9,20.3,1011,0.4,298.41
9,6,6.9,1356,0.6,62.1
18.2,17.4,15.8,1522,0.6,287.56
11.7,9.6,14,2333,0.9,163.8
4.2,3.5,6,1322,1,25.2
18.5,13.7,16.1,1656,0.9,297.85
27.6,18.6,20.3,1011,0.7,560.28
13.6,7.2,15.7,422,0.7,213.52
24,14,16.1,689,0.4,386.4
15.7,13.4,16.5,1356,0.5,259.05
5.6,5.6,6.2,1311,0.8,34.72
7.3,7.2,14,2333,0.8,102.2
15.2,14.9,17.7,2278,0.8,269.04
16.8,12.1,14.5,978,0.1,243.6
10.4,7.5,14,2333,0.8,145.6
23.6,16.5,16.5,1356,0.7,389.4
13.4,9.5,13.1,811,1,175.54
15,11.6,14.4,1689,0.8,216
9.3,4.8,14.8,1022,0.7,137.64
26.6,16.6,16.1,689,0.6,428.26
13.1,12.5,14.5,978,0.5,189.95
7.9,2.8,7.1,1044,0.2,56.09
8.2,5.8,7.2,1733,0.9,59.04
9.7,10,16.1,1656,0.6,156.17
19.2,12.3,14.5,978,0.7,278.4
19.7,17.6,20.3,1011,1,399.91
8.4,9,16.1,1656,0.5,135.24
11.9,10.4,13.2,2122,0,157.08
27.8,19.3,22.4,867,0,622.72
16.1,13.2,15.1,1411,0.9,243.11
16.7,12.7,14.8,1967,0.8,247.16
13.4,13,16.6,1656,0.8,222.44
8.9,8.9,20.5,722,0.3,182.45
13.6,11.2,13.2,2122,0.1,179.52
19.2,12.6,16.1,1656,0.3,309.12
18,16.9,16.2,1678,0.3,291.6
5.2,4.5,5.4,1133,0.6,28.08
17,11.8,16.1,1656,0.3,273.7
16.7,13.1,13.4,778,0.2,223.78
7.7,5.9,6.4,911,0.1,49.28
7,3.6,5.4,1133,0.7,37.8
17,16.5,21.5,1667,0.4,365.5
19.3,16.2,21.5,1667,0.5,414.95
17.8,11.3,16.1,1656,0.9,286.58
23.3,19.5,20.3,1011,0.9,472.99
15.9,12.8,15.1,1067,0.2,240.09
16.2,11.7,18.8,1233,0.1,304.56
3,2.7,6.8,767,0.5,20.4
17.4,18.1,16.3,1556,0.3,283.62
14.9,12.6,15.1,1656,0.1,224.99
17.1,13,16.5,1356,0.7,282.15
16.2,10.6,13.2,2122,0.6,213.84
18.8,14.2,18.8,1233,0.9,353.44
11.8,10,15.8,1522,0.2,186.44
25.3,15,17.7,889,0.8,447.81
17,11.3,15.1,1067,0.4,256.7
21.2,16.8,17.7,889,0.8,375.24
16.5,12.3,18.8,1233,0.7,310.2
12.3,7,7.8,989,0.4,95.94
3.5,3,6.1,722,0.7,21.35
18.7,12.6,14.4,1689,0,269.28
5.7,8.7,14,2333,0,79.8
19.4,11.2,16.2,1678,0,314.28
17.5,17,20.3,1011,0.5,355.25
19.7,12.9,18.8,1233,0.3,370.36
8.5,6.5,10.1,1522,0.8,85.85
16.9,11.3,14.4,1689,0.6,243.36
8.5,6,7.1,1044,0.5,60.35
9.4,8,14.8,1967,0.8,139.12
13.1,9.1,14,2333,0.8,183.4
18,12.1,13.2,2122,0.6,237.6
15.1,9.5,14.5,978,0.7,218.95
8,5.9,6.1,722,0.8,48.8
4.9,4.6,7.2,1733,0.1,35.28
12.6,13.5,15.1,1656,0.5,190.26
7.3,5.4,6.9,1356,0.3,50.37
12.3,7.2,10.1,1522,0,124.23
23.1,13.2,19.6,789,0.6,452.76
5.6,4.7,7.2,1733,0.7,40.32
3.3,3.2,7.2,1733,0.4,23.76
4.2,5.3,7.2,1733,0.4,30.24
6.2,5.4,7.2,1733,0.8,44.64
17.5,13,13.4,778,1,234.5
18.8,13.3,13.9,767,0.9,261.32
10.2,5.9,6.1,722,0.5,62.22
16.5,12.6,14.6,789,0.4,240.9
12.7,8.9,21.2,967,0.8,269.24
18.1,13,15.1,1656,1,273.31
12.5,14.3,14.4,1689,0.2,180
12.3,12.7,14.5,978,0.4,178.35
19,12,13.2,2122,0.3,250.8
7.3,4.5,6.9,1356,0.3,50.37
2.7,4.9,7.1,1044,0.1,19.17
2.7,2.8,6,1322,0.8,16.2
9.7,9.9,16.2,1156,0.5,157.14
26,14.1,16.1,689,0.5,418.6
14.3,12.8,13.9,767,0.1,198.77
8.7,5.1,6.4,911,0.6,55.68
14.3,9.1,15.7,422,0.4,224.51
23.2,11.4,20.5,722,0.9,475.6
6.1,4.8,7.2,1733,0.5,43.92
9.9,10.7,14,2333,0.7,138.6
8.6,4.3,5.4,1133,0.6,46.44
14.9,12.3,13.1,811,0.1,195.19
19.5,12.4,14.1,556,0,274.95
11,8.4,14.6,789,0.7,160.6
18.2,13.9,17.7,2278,0.5,322.14
5.4,5.5,9.7,1644,0.3,52.38
23.4,17.8,21.2,967,0.7,496.08
17.8,12.9,16.2,1678,0.9,288.36
9.4,13.2,17.7,2278,0.3,166.38
6.7,10.8,15.8,1522,1,105.86
10.4,13.8,21.5,1667,0.9,223.6
13.8,11.3,16.2,1678,0.9,223.56
16.8,7.6,14,2333,1,235.2
15.1,11.7,14.4,1689,0.8,217.44
14.4,12.3,16.1,1656,0.7,231.84
13.8,13.4,16.1,1656,0.3,222.18
17.8,13.1,15.8,1522,0.3,281.24
20.7,14.6,17.7,2278,0.4,366.39
19.2,16.7,21.5,1667,0.6,412.8
4.2,2.8,6,1322,0.2,25.2
14.5,7.1,7.8,989,0.9,113.1
18.1,12.5,14.8,1967,0.6,267.88
16.7,12,14.4,1689,0.3,240.48
17.8,14.1,16.1,1656,0.9,286.58
13.1,15.2,16.1,1656,0.3,210.91
16,13.3,16.3,1556,0.3,260.8
16.8,10.1,16.2,1156,0.8,272.16
16.1,13.2,17.7,2278,0.5,284.97
16,12.6,14.8,1967,0.2,236.8
19,12.5,13.9,767,0.8,264.1
5.5,4.5,6,1322,0,33
23.3,16.8,20.5,722,0.1,477.65
4.7,3.4,6.9,1356,1,32.43
17.5,14.7,17.7,889,0.9,309.75
11.7,8.8,13.2,2122,0.3,154.44
9.2,5.5,14.5,978,0.8,133.4
17.1,12.1,14.6,789,0.8,249.66
18.6,15.5,20.3,1011,0.8,377.58
19.8,13,17.7,889,1,350.46
18.3,12.6,16.3,1556,0.8,298.29
8.4,5,5.7,533,0.4,47.88
10.4,9.6,17.7,2278,0.5,184.08
17.1,13.8,16.5,1356,0.6,282.15
13.5,11.6,13.2,2122,0.4,178.2
17.8,17.2,20.3,1011,0.8,361.34
30.5,14.5,15.8,1522,0.6,481.9
18.3,13.7,14.4,1689,0.5,263.52
16.8,10.3,14.4,1689,0,241.92
6.4,6.5,10.1,1522,0.7,64.64
10.5,9.1,16.2,1678,1,170.1
5.9,4.5,6,600,0.2,35.4
13.7,12.3,16.6,1656,0.2,227.42
10,6.5,10.1,1522,0.2,101
4.1,6.7,17.2,1778,0.8,70.52
15.7,12.4,15.1,1656,0.7,237.07
10.1,9.6,15.1,1656,1,152.51
14.8,9.1,16.2,1678,1,239.76
25.9,20.1,19.6,789,0.5,507.64
11.4,10.1,15.1,1411,0.5,172.14
16.2,13.7,15.1,1656,0.6,244.62
17.9,13.9,14.4,1689,0.9,257.76
8.4,6.2,6.8,767,0.2,57.12
5.7,6.4,14.1,2200,0.7,80.37
11,6.4,14,2333,0.7,154
19,7.4,13.4,778,0.8,254.6
23.7,13.4,16.2,1678,0.5,383.94
14.2,7.1,10.1,1522,0.6,143.42
8.4,5.2,6,1322,0.4,50.4
9.6,6.5,7.1,1044,0.4,68.16
4.3,4.1,7.2,1733,0.2,30.96
4.2,5.3,9.7,1644,0.7,40.74
19.3,14.8,16.6,1467,0.8,320.38
15.8,7.1,16.2,1678,0.1,255.96
19.8,15.7,18.8,1233,0.3,372.24
12.7,7.5,14,2333,0,177.8
22.3,15.8,17.7,889,0.3,394.71
10.5,16.9,21.5,1667,0,225.75
9.2,7.4,10.1,1522,0.9,92.92
18.1,10.2,14.1,556,0.6,255.21
18.8,11.4,17.3,1122,0.3,325.24
10.4,5,14,2333,0.3,145.6
14.5,10.3,14,2333,1,203
14,13.6,14.8,1967,0.5,207.2
29.4,22.4,22.4,867,1,658.56
11.7,8.8,14,2333,0.1,163.8
25.7,16,17.7,889,0.2,454.89
13.7,10.3,13.2,2122,0.2,180.84
23,13.7,15.1,589,0.1,347.3
19.1,13.6,15.1,589,0.8,288.41
11.3,6.6,7.1,1044,0,80.23
18.6,13.2,16.1,1656,0.2,299.46
2.7,2,6.8,767,0.9,18.36
17.7,8.5,15.7,422,0.4,277.89
20.5,15.1,17.3,1122,0,354.65
14.3,11.2,13.2,2122,0.7,188.76
17.2,12.6,15.1,1067,0.8,259.72
8.6,7,14.8,1022,0.3,127.28
21.5,14.4,16.1,689,0.4,346.15
11.2,9.8,16.1,1656,0.5,180.32
17.3,16.9,17.7,2278,1,306.21
24,16.8,21.5,1667,0.4,516
5.4,4.7,6.8,767,0.4,36.72
19.4,14.5,16.6,1656,0.4,322.04
3.3,3.2,4.9,689,0.3,16.17
4.9,4.1,6.9,1356,0.1,33.81
6,5.4,17.7,2278,0.3,106.2
15.6,10.8,13.9,767,0.4,216.84
9.3,5.9,6.1,722,0.6,56.73
19.2,16.7,21.5,1667,0.2,412.8
15,10.6,15.1,1656,0.8,226.5
6,4.6,6,600,0.9,36
16.1,11.8,16.1,1656,0.3,259.21
4.8,4.5,6,600,0.4,28.8
4.8,4.4,5.4,1133,0.1,25.92
4.7,4.7,6,1322,0.1,28.2
16.7,11.6,14.4,1689,0.6,240.48
16.7,14.2,15.1,1411,0.8,252.17
21.6,18,20.3,1011,0.3,438.48
15.9,10.4,15.1,1067,0.6,240.09
17.7,18.8,16.2,1156,0.4,286.74
17.7,17.1,20.3,1011,0,359.31
