"CW","CLR","SD","D","PLOT","BLOCK"
5.566,0.315018315,350,26.5,1,1
5.374,0.540856031,350,36.2,1,1
5.091,0.624,350,26.5,1,1
4.902,0.654320988,350,33.5,1,1
4.74,0.580952381,350,30.8,1,1
4.401,0.58436214,350,31,1,1
4.076,0.578475336,350,27.5,1,1
3.994,0.473170732,350,29.6,1,1
3.807,0.790123457,350,27.5,1,1
3.773,0.603305785,350,32.2,1,1
3.753,0.415019763,350,26,1,1
3.088,0.45112782,350,25.5,1,1
2.359,0.669565217,350,9.6,1,1
1.762,0.290178571,350,26.4,1,1
5.911,0.396825397,750,5.9,3,1
5.787,0.665467626,750,38.5,3,1
5.344,0.821086262,750,43,3,1
4.964,0.55862069,750,38.1,3,1
4.933,0.796551724,750,35.3,3,1
4.314,0.644067797,750,5.3,3,1
4.259,0.698360656,750,30.8,3,1
4.186,0.503355705,750,35,3,1
4.017,0.371428571,750,28,3,1
3.881,0.512727273,750,32,3,1
3.774,0.664206642,750,35.4,3,1
3.768,0.358885017,750,28.8,3,1
3.661,0.724137931,750,32,3,1
3.636,0.371237458,750,33.8,3,1
3.625,0.594501718,750,35.3,3,1
3.505,0.560283688,750,26.7,3,1
3.323,0.552901024,750,32.3,3,1
3.119,0.514388489,750,26.5,3,1
3.024,0.578231293,750,31.4,3,1
3.017,0.676923077,750,5.2,3,1
2.885,0.496376812,750,30.5,3,1
2.877,0.4375,750,5.8,3,1
2.821,0.324723247,750,30.6,3,1
2.753,0.328025478,750,35.4,3,1
2.657,0.594982079,750,25.4,3,1
2.608,0.832167832,750,25.4,3,1
2.465,0.513986014,750,30.2,3,1
2.451,0.455172414,750,26.5,3,1
2.309,0.446601942,750,29.1,3,1
1.41,0.411764706,750,6.7,3,1
7.366,0.690763052,325,38.1,17,1
6.959,0.574468085,325,38.5,17,1
6.902,0.721115538,325,38.3,17,1
6.524,0.652,325,38.7,17,1
6.203,0.600694444,325,41.3,17,1
6.18,0.708333333,325,44,17,1
5.913,0.573221757,325,43,17,1
5.76,0.555970149,325,39.1,17,1
5.625,0.607003891,325,35.5,17,1
5.1,0.696774194,325,20.8,17,1
4.98,0.614864865,325,44.1,17,1
3.981,0.706319703,325,30,17,1
1.98,0.486486486,325,8.4,17,1
4.928,0.736040609,1200,22.3,5,2
3.718,0.816849817,1200,38.3,5,2
3.354,0.442477876,1200,40.8,5,2
3.3,0.709433962,1200,28,5,2
3.179,0.221311475,1200,32.5,5,2
3.064,0.654676259,1200,27.1,5,2
3.037,0.283276451,1200,34.7,5,2
2.932,0.73015873,1200,39.3,5,2
2.916,0.722846442,1200,38.8,5,2
2.879,0.345394737,1200,36.7,5,2
2.814,0.402877698,1200,28.5,5,2
2.689,0.325581395,1200,41.5,5,2
2.629,0.590405904,1200,31.5,5,2
2.605,0.379182156,1200,28.8,5,2
2.392,0.603571429,1200,25.6,5,2
2.304,0.6,1200,25.6,5,2
2.268,0.48943662,1200,32.6,5,2
2.169,0.645390071,1200,32.2,5,2
2.115,0.227424749,1200,30.5,5,2
2.098,0.527272727,1200,28.5,5,2
2.067,0.627240143,1200,37.7,5,2
1.995,0.688172043,1200,27,5,2
1.97,0.557971014,1200,25,5,2
1.903,0.75177305,1200,26.5,5,2
1.882,0.216981132,1200,22.6,5,2
1.835,0.6367713,1200,18.6,5,2
1.805,0.356617647,1200,20.7,5,2
1.74,0.668202765,1200,16.8,5,2
1.733,0.51119403,1200,24,5,2
1.715,0.598455598,1200,23.5,5,2
1.665,0.685344828,1200,21.4,5,2
1.663,0.548951049,1200,30.9,5,2
1.649,0.755102041,1200,19.8,5,2
1.622,0.580310881,1200,18.5,5,2
1.606,0.573913043,1200,19.1,5,2
1.599,0.720930233,1200,24.8,5,2
1.584,0.665441176,1200,21.5,5,2
1.581,0.616858238,1200,22.4,5,2
1.566,0.618677043,1200,20,5,2
1.56,0.641732283,1200,32.4,5,2
1.554,0.661202186,1200,18.8,5,2
1.468,0.395480226,1200,13.1,5,2
1.448,0.415929204,1200,10.1,5,2
1.425,0.281045752,1200,13.9,5,2
1.339,0.537190083,1200,32.4,5,2
1.307,0.61682243,1200,15.4,5,2
1.297,0.477011494,1200,15,5,2
1.216,0.527027027,1200,17.7,5,2
5.353,0.585034014,950,51.1,7,2
4.856,0.79787234,950,30.1,7,2
3.805,0.566037736,950,29.2,7,2
3.227,0.759036145,950,29,7,2
3.215,0.587030717,950,33.5,7,2
3.175,0.325732899,950,39.6,7,2
3.17,0.598639456,950,37.5,7,2
3.148,0.436567164,950,29.4,7,2
3.131,0.332179931,950,43.3,7,2
3.108,0.231660232,950,36.1,7,2
2.806,0.6900369,950,29.3,7,2
2.744,0.665441176,950,31.6,7,2
2.692,0.1875,950,36,7,2
2.685,0.557142857,950,34.5,7,2
2.621,0.173431734,950,31.2,7,2
2.548,0.419811321,950,21.6,7,2
2.496,0.272058824,950,34.5,7,2
2.426,0.244604317,950,35.1,7,2
2.422,0.284210526,950,37.2,7,2
2.32,0.210332103,950,23.4,7,2
2.236,0.167315175,950,35.9,7,2
2.162,0.614814815,950,26.5,7,2
2.156,0.565836299,950,32.6,7,2
2.147,0.160958904,950,31.3,7,2
1.966,-0.202970297,950,25.9,7,2
1.862,0.416666667,950,17.6,7,2
1.851,0.663157895,950,29.3,7,2
1.85,0.419708029,950,23.3,7,2
1.801,0.534031414,950,23.6,7,2
1.776,0.677304965,950,25.9,7,2
1.76,0.429118774,950,29.5,7,2
1.725,0.248062016,950,20.9,7,2
1.654,0.704845815,950,16.2,7,2
1.566,0.604982206,950,24.5,7,2
1.509,0.833333333,950,9.1,7,2
1.505,0.54954955,950,18.5,7,2
1.368,0.445378151,950,19.9,7,2
1.276,0.244047619,950,12.5,7,2
3.936,0.534090909,825,41.9,8,2
3.923,0.446308725,825,38.3,8,2
3.376,0.444067797,825,15.8,8,2
3.352,0.51048951,825,38.4,8,2
3.103,0.346938776,825,39,8,2
3.096,0.653284672,825,35.6,8,2
3.037,0.512915129,825,32.4,8,2
2.976,0.566433566,825,42,8,2
2.855,0.438538206,825,37.4,8,2
2.832,0.319298246,825,34.4,8,2
2.644,0.362989324,825,39.9,8,2
2.617,0.326086957,825,19.9,8,2
2.453,0.22614841,825,38,8,2
2.449,0.514492754,825,29,8,2
2.378,0.452145215,825,39.1,8,2
2.267,0.641025641,825,38.7,8,2
2.244,0.175438596,825,34.9,8,2
2.23,0.830985915,825,28.5,8,2
2.131,0.3046875,825,33.1,8,2
2.113,0.387959866,825,29.1,8,2
2.091,0.275409836,825,31.3,8,2
2.048,0.444839858,825,27,8,2
1.951,0.577946768,825,23.9,8,2
1.937,0.291803279,825,29,8,2
1.937,0.244966443,825,42.8,8,2
1.925,0.2,825,32.3,8,2
1.898,0.665427509,825,27.1,8,2
1.861,0.223404255,825,30.3,8,2
1.716,0.171755725,825,24.4,8,2
1.572,0.441558442,825,15.8,8,2
1.512,0.3183391,825,26.9,8,2
1.445,0.464285714,825,20.2,8,2
1.266,0.262357414,825,19.9,8,2
8.444,0.853333333,575,37.2,10,2
7.338,0.43359375,575,34.3,10,2
6.715,0.37037037,575,16.8,10,2
6.508,0.536082474,575,27.2,10,2
6.272,0.418410042,575,34.2,10,2
5.742,0.266129032,575,36.9,10,2
5.655,0.333333333,575,41.7,10,2
5.597,0.469230769,575,37.8,10,2
5.405,0.284644195,575,40.8,10,2
4.552,0.795918367,575,29.3,10,2
4.401,0.73828125,575,31.4,10,2
4.212,0.324110672,575,42.9,10,2
3.76,0.737051793,575,37,10,2
3.714,0.235772358,575,29.3,10,2
3.505,0.703862661,575,38.4,10,2
3.353,0.747368421,575,14.1,10,2
3.311,0.805714286,575,19.6,10,2
3.28,0.604562738,575,37.7,10,2
3.241,0.703883495,575,29.3,10,2
3.126,0.550239234,575,27.6,10,2
2.967,0.866666667,575,23.8,10,2
2.828,0.502673797,575,19.5,10,2
1.703,0.362962963,575,14.9,10,2
6.374,0.319298246,1150,37.4,11,2
6.176,0.571428571,1150,47.6,11,2
5.162,0.419607843,1150,35.1,11,2
4.93,0.685950413,1150,31.2,11,2
4.888,0.437062937,1150,37,11,2
4.784,0.493562232,1150,39.7,11,2
4.778,0.275641026,1150,40.2,11,2
4.533,0.683333333,1150,33.1,11,2
4.474,0.222929936,1150,18.8,11,2
4.289,0.706161137,1150,21.2,11,2
4.263,0.694174757,1150,31.1,11,2
4.256,0.653846154,1150,30.4,11,2
4.068,0.634920635,1150,26.8,11,2
4.034,0.259541985,1150,27.2,11,2
3.951,0.235955056,1150,33,11,2
3.87,0.406360424,1150,31.9,11,2
3.771,0.454166667,1150,24.6,11,2
3.749,0.548262548,1150,25.3,11,2
3.675,0.248979592,1150,31.7,11,2
3.513,0.37593985,1150,31.8,11,2
3.502,0.596296296,1150,26.3,11,2
3.449,0.232472325,1150,26.8,11,2
3.423,0.773809524,1150,22.9,11,2
3.393,0.596638655,1150,21.3,11,2
3.373,0.684981685,1150,30.2,11,2
3.324,0.666666667,1150,20.3,11,2
3.302,0.61023622,1150,24.1,11,2
3.289,0.152173913,1150,25,11,2
3.192,0.384180791,1150,21.7,11,2
3.118,0.665322581,1150,28,11,2
3.11,0.616724739,1150,31.5,11,2
3.033,0.621052632,1150,29.3,11,2
3.022,0.631818182,1150,17.7,11,2
2.897,0.756880734,1150,16.6,11,2
2.793,0.665413534,1150,25,11,2
2.74,0.515,1150,18.4,11,2
2.654,0.371308017,1150,18.8,11,2
2.586,0.713207547,1150,24.7,11,2
2.355,0.728033473,1150,22.5,11,2
2.227,0.453125,1150,24.9,11,2
2.109,0.746724891,1150,21.1,11,2
1.878,0.252380952,1150,16.5,11,2
1.772,0.431279621,1150,16.6,11,2
1.762,0.672043011,1150,19,11,2
0.986,0.492307692,1150,13.4,11,2
0.696,0.228448276,1150,16.1,11,2
6.727,0.637096774,650,36.7,12,2
5.995,0.487272727,650,35.1,12,2
5.882,0.849372385,650,36,12,2
5.603,0.781690141,650,36.5,12,2
5.44,0.591695502,650,34.3,12,2
5.257,0.665354331,650,29.3,12,2
4.85,0.627737226,650,30.5,12,2
4.81,0.812080537,650,33.8,12,2
4.538,0.731060606,650,34.4,12,2
4.481,0.58974359,650,27.2,12,2
4.31,0.721311475,650,32.5,12,2
4.239,0.307392996,650,29.5,12,2
4.062,0.679841897,650,27.5,12,2
3.842,0.788461538,650,31.6,12,2
3.804,0.595818815,650,42.2,12,2
3.7,0.644927536,650,15,12,2
3.665,0.433098592,650,34.2,12,2
3.635,0.82527881,650,29.3,12,2
3.628,0.78,650,29.7,12,2
3.621,0.804979253,650,37.6,12,2
3.469,0.847457627,650,21.5,12,2
3.277,0.816849817,650,30,12,2
3.243,0.387218045,650,29.8,12,2
2.982,0.812734082,650,24,12,2
2.845,0.210810811,650,16.7,12,2
2.629,0.652027027,650,28,12,2
6.278,0.243902439,700,23.4,13,2
5.825,0.596666667,700,34.2,13,2
5.556,0.625396825,700,46.2,13,2
5.364,0.736641221,700,34.5,13,2
5.085,0.75261324,700,38.3,13,2
4.754,0.627906977,700,25.3,13,2
4.671,0.717105263,700,30.1,13,2
4.628,0.791044776,700,32.6,13,2
4.435,0.175895765,700,40,13,2
4.318,0.655555556,700,34.6,13,2
3.949,0.799295775,700,35.3,13,2
3.882,0.636963696,700,39.8,13,2
3.836,0.616236162,700,24.2,13,2
3.774,0.485148515,700,34.3,13,2
3.668,0.617241379,700,35.4,13,2
3.623,0.907142857,700,29.8,13,2
3.318,0.457777778,700,28.7,13,2
3.276,0.647058824,700,19.8,13,2
3.274,0.636363636,700,31.4,13,2
3.124,-0.395833333,700,30.3,13,2
2.998,0.659340659,700,30.2,13,2
2.834,0.553846154,700,8.7,13,2
2.641,0.344262295,700,28,13,2
2.434,0.49537037,700,24.5,13,2
2.264,0.523333333,700,27.6,13,2
1.986,0.222222222,700,14,13,2
1.856,0.596774194,700,14.3,13,2
1.419,0.703703704,700,9.3,13,2
6.437,0.570957096,525,49,15,2
5.821,0.69,525,43.2,15,2
5.592,0.555183946,525,38,15,2
5.185,0.686468647,525,38.7,15,2
5.129,0.526315789,525,41.3,15,2
5.059,0.724137931,525,33.1,15,2
5.016,0.616352201,525,41.5,15,2
4.379,0.806853583,525,39.5,15,2
4.349,0.829581994,525,41,15,2
4.301,0.438848921,525,34.1,15,2
4.252,0.717687075,525,30.6,15,2
4.053,0.460714286,525,31.5,15,2
3.898,0.720136519,525,35.5,15,2
3.885,0.610687023,525,31.8,15,2
3.526,0.540069686,525,25.3,15,2
3.215,0.656666667,525,20.7,15,2
2.66,0.625,525,5.6,15,2
2.413,0.408783784,525,29.4,15,2
2.387,0.655172414,525,11,15,2
1.794,0.308510638,525,10.8,15,2
1.412,0.616666667,525,6.5,15,2
6.947,0.634686347,875,42.8,16,2
6.593,0.449477352,875,25.2,16,2
6.517,0.597069597,875,41.7,16,2
5.821,0.578181818,875,40,16,2
5.624,0.6171875,875,42.8,16,2
5.392,0.566137566,875,34.2,16,2
5.385,0.664,875,40,16,2
5.165,0.511811024,875,21,16,2
4.844,0.512915129,875,37,16,2
4.767,0.58974359,875,35.1,16,2
4.698,0.513089005,875,29.3,16,2
4.605,0.615384615,875,6.6,16,2
4.575,0.339285714,875,28.6,16,2
4.473,0.609756098,875,50,16,2
4.293,0.634920635,875,7.8,16,2
4.245,0.611320755,875,33.5,16,2
4.185,0.726415094,875,29.2,16,2
4.088,0.374468085,875,30.6,16,2
4.016,0.784688995,875,27.3,16,2
3.906,0.675889328,875,35.2,16,2
3.856,0.666666667,875,16,16,2
3.778,0.541353383,875,19.8,16,2
3.596,0.452961672,875,32.7,16,2
3.552,0.774058577,875,28,16,2
3.54,0.71257485,875,19.5,16,2
3.472,0.394308943,875,29,16,2
3.434,0.534313725,875,18.2,16,2
3.083,0.509803922,875,12.1,16,2
3.07,0.650224215,875,21,16,2
3.027,0.772727273,875,27.2,16,2
2.78,0.602040816,875,10.9,16,2
2.39,0.770491803,875,12.8,16,2
2.307,0.679738562,875,15.7,16,2
2.122,0.626794258,875,21.5,16,2
1.745,0.763313609,875,14.7,16,2
7.333,0.508833922,500,44.2,2,3
6.541,0.848341232,500,43,2,3
6.538,0.636734694,500,34.8,2,3
6.501,0.842323651,500,35.9,2,3
6.032,0.672131148,500,35.7,2,3
5.749,0.669683258,500,34,2,3
5.159,0.593220339,500,19,2,3
4.408,0.833333333,500,14.4,2,3
4.396,0.514925373,500,19.9,2,3
4.339,0.46,500,17,2,3
4.197,0.532258065,500,28.7,2,3
4.071,0.680327869,500,18.1,2,3
3.85,0.616216216,500,27.8,2,3
3.734,0.360323887,500,31.8,2,3
3.347,0.640909091,500,31.8,2,3
3.284,0.593939394,500,28,2,3
3.188,0.434782609,500,10.6,2,3
3.144,0.456140351,500,10.5,2,3
3.075,0.708920188,500,22,2,3
2.703,0.521276596,500,13.9,2,3
6.718,0.606694561,400,39.1,3,3
6.261,0.774074074,400,34.1,3,3
4.932,0.788944724,400,23.5,3,3
4.59,0.760956175,400,24.3,3,3
4.569,0.730375427,400,31.3,3,3
4.528,0.701960784,400,34.4,3,3
4.519,0.826254826,400,31.9,3,3
4.166,0.705426357,400,30.8,3,3
4.09,0.458333333,400,13.8,3,3
3.966,0.7125,400,28,3,3
3.946,0.696850394,400,29.9,3,3
3.302,0.657657658,400,11.5,3,3
2.915,0.712765957,400,9.6,3,3
2.861,0.785234899,400,8.2,3,3
2.749,0.755186722,400,27,3,3
2.548,0.739495798,400,22.3,3,3
7.058,0.780172414,250,44.6,5,3
6.164,0.765873016,250,37,5,3
5.612,0.630630631,250,36.9,5,3
4.641,0.834024896,250,33.9,5,3
4.341,0.838888889,250,19.4,5,3
3.895,0.791139241,250,24.7,5,3
3.813,0.672131148,250,31.4,5,3
3.631,0.526315789,250,15.5,5,3
3.39,0.921182266,250,23.3,5,3
2.395,0.776649746,250,18,5,3
7.211,0.859205776,575,39,6,3
5.352,0.694690265,575,39,6,3
4.935,0.861313869,575,44.1,6,3
4.84,0.672131148,575,42.5,6,3
4.84,0.754045307,575,36.7,6,3
4.779,0.597039474,575,31.4,6,3
4.775,0.834645669,575,34.4,6,3
4.645,0.517857143,575,29.7,6,3
4.602,0.632286996,575,29,6,3
4.37,0.742063492,575,33.3,6,3
4.323,0.715189873,575,25.7,6,3
4.137,0.631799163,575,33.5,6,3
3.908,0.52293578,575,10.7,6,3
3.798,0.803571429,575,17.1,6,3
3.796,0.748953975,575,30.8,6,3
3.674,0.772727273,575,33.2,6,3
3.571,0.859872611,575,15.5,6,3
3.55,0.702380952,575,40.8,6,3
3.504,0.6,575,16.9,6,3
2.857,0.732142857,575,9,6,3
2.47,0.539473684,575,18.4,6,3
2.315,0.106796117,575,10.3,6,3
2,0.516129032,575,9,6,3
7.869,0.588541667,350,40,8,3
6.887,0.504672897,350,36.6,8,3
6.836,0.723684211,350,45.7,8,3
6.574,0.720379147,350,54.4,8,3
6.222,0.591836735,350,21.1,8,3
6.013,0.71657754,350,20,8,3
5.81,0.774907749,350,35,8,3
5.711,0.590551181,350,39,8,3
5.141,0.735772358,350,39,8,3
5.114,0.711111111,350,18.5,8,3
4.354,0.690647482,350,19.4,8,3
4.157,0.557142857,350,15.8,8,3
3.898,0.671532847,350,16.6,8,3
3.821,0.666666667,350,11.7,8,3
8.137,0.732919255,250,48.8,9,3
7.774,0.724528302,250,45,9,3
7.472,0.794979079,250,36.3,9,3
6.882,0.508,250,40,9,3
6.054,0.743169399,250,19.3,9,3
4.941,0.476744186,250,16.9,9,3
4.924,0.633165829,250,22.1,9,3
4.766,0.660606061,250,18.5,9,3
4.698,0.683760684,250,16.7,9,3
3.009,0.74025974,250,14.2,9,3
9.053,0.817275748,200,44.4,10,3
8.779,0.801369863,200,36.8,10,3
8.616,0.716894977,200,57,10,3
7.383,0.350877193,200,43.5,10,3
7.161,0.55465587,200,47,10,3
6.147,0.820960699,200,35.3,10,3
4.332,0.653846154,200,12.8,10,3
3.059,0.56122449,200,10.4,10,3
7.198,0.608,175,13,12,3
6.157,0.586092715,175,40.1,12,3
5.808,0.64,175,12.9,12,3
5.408,0.704761905,175,19,12,3
5.316,0.790996785,175,32.5,12,3
5.005,0.851711027,175,46,12,3
5.003,0.825095057,175,44.3,12,3
8.049,0.75,450,47,13,3
6.269,0.763779528,450,44.6,13,3
6.101,0.716723549,450,40,13,3
5.974,0.527131783,450,47.1,13,3
5.617,0.618881119,450,45.9,13,3
5.239,0.694029851,450,32.5,13,3
4.861,0.60483871,450,35,13,3
4.673,0.801393728,450,35.6,13,3
4.493,0.736486486,450,31.5,13,3
4.418,0.534883721,450,26,13,3
4.33,0.82527881,450,35.1,13,3
4.306,0.580152672,450,46.3,13,3
4.277,0.736263736,450,35.5,13,3
4.063,0.700892857,450,18.7,13,3
3.094,0.757709251,450,16.7,13,3
2.906,0.524193548,450,10.1,13,3
1.853,0.710843373,450,8,13,3
1.357,0.257142857,450,9,13,3
6.981,0.703125,600,35.5,14,3
6.893,0.588850174,600,48,14,3
6.789,0.680365297,600,40.4,14,3
6.653,0.693290735,600,49.7,14,3
6.232,0.718045113,600,45.7,14,3
5.292,0.733695652,600,18.9,14,3
5.167,0.808943089,600,31.6,14,3
5.138,0.905405405,600,32.5,14,3
4.804,0.73006135,600,17.6,14,3
4.695,0.754032258,600,31.5,14,3
4.51,0.516556291,600,13.2,14,3
4.204,0.648351648,600,25.3,14,3
4.196,0.722727273,600,19.5,14,3
4.079,0.836448598,600,25,14,3
3.888,0.74829932,600,14.1,14,3
3.373,0.574324324,600,13.5,14,3
3.323,0.616071429,600,31.7,14,3
3.204,0.778301887,600,22,14,3
2.957,0.773399015,600,25.8,14,3
2.916,0.717277487,600,21.7,14,3
2.676,0.62195122,600,10,14,3
2.494,0.148648649,600,11,14,3
2.376,0.803846154,600,25.3,14,3
2.289,0.862831858,600,19.4,14,3
5.231,0.841628959,750,38.7,16,3
5.195,0.905454545,750,42.6,16,3
4.958,0.752136752,750,40.5,16,3
4.494,0.779661017,750,8.5,16,3
4.344,0.635897436,750,40.8,16,3
4.127,0.489361702,750,30.8,16,3
4.097,0.78680203,750,32.8,16,3
3.718,0.714285714,750,35,16,3
3.69,0.831730769,750,26.9,16,3
3.402,0.792079208,750,26.2,16,3
3.349,0.541666667,750,32,16,3
3.299,0.86328125,750,29.1,16,3
3.198,0.777777778,750,15.5,16,3
3.191,0.641221374,750,32.3,16,3
3.092,0.751592357,750,27.2,16,3
2.936,0.752212389,750,12.5,16,3
2.923,0.576530612,750,26.5,16,3
2.69,0.573684211,750,16.5,16,3
2.462,0.678861789,750,25.2,16,3
2.4,0.613496933,750,18.9,16,3
2.323,0.472906404,750,17.2,16,3
2.276,0.656410256,750,17.9,16,3
2.243,0.68,750,26.5,16,3
2.24,0.621052632,750,15,16,3
2.099,0.724867725,750,20.8,16,3
2.058,0.610859729,750,22.3,16,3
2.041,0.845360825,750,11.2,16,3
2.021,0.766990291,750,23.5,16,3
1.749,0.595890411,750,19.5,16,3
1.578,0.711538462,750,9.5,16,3
6.285,0.88030888,600,34,17,3
5.676,0.779591837,600,37.6,17,3
5.646,0.625550661,600,41.8,17,3
4.122,0.866425993,600,36,17,3
3.893,0.783898305,600,32.4,17,3
3.801,0.805194805,600,36.5,17,3
3.717,0.804081633,600,30.6,17,3
3.716,0.446280992,600,29,17,3
3.667,0.827225131,600,29,17,3
3.652,0.489082969,600,29,17,3
3.585,0.6796875,600,34.7,17,3
3.466,0.696682464,600,25,17,3
3.375,0.81124498,600,26.4,17,3
3.341,0.791208791,600,35,17,3
3.231,0.45049505,600,24.3,17,3
2.964,0.588235294,600,13.3,17,3
2.752,0.685279188,600,21.2,17,3
2.744,0.383495146,600,31.2,17,3
2.112,0.796078431,600,26.7,17,3
2.093,0.803030303,600,18.5,17,3
2.091,0.663793103,600,21.2,17,3
1.932,0.755760369,600,21.7,17,3
1.807,0.394957983,600,25.8,17,3
1.779,0.666666667,600,18.3,17,3
9.955,0.9,75,60.5,19,3
7.962,0.788732394,75,57.5,19,3
6.536,0.768292683,75,31.6,19,3
7.889,0.67032967,700,47,20,3
7.321,0.866666667,700,48.5,20,3
6.696,0.793522267,700,46,20,3
5.53,0.751131222,700,41.1,20,3
4.307,0.663934426,700,24,20,3
4.178,0.800947867,700,19,20,3
3.916,0.647577093,700,26.1,20,3
3.826,0.697278912,700,31.4,20,3
3.69,0.687022901,700,29.2,20,3
3.652,0.820610687,700,35.3,20,3
3.64,0.811594203,700,25.7,20,3
3.258,0.810810811,700,32.5,20,3
3.251,0.83127572,700,29.5,20,3
3.237,0.774305556,700,24.9,20,3
3.165,0.709401709,700,26.7,20,3
3.141,0.756183746,700,28.5,20,3
3.127,0.901408451,700,22.9,20,3
3.003,0.59,700,23.5,20,3
2.989,0.667953668,700,21.8,20,3
2.855,0.668181818,700,24.5,20,3
2.833,0.526717557,700,14.5,20,3
2.765,0.5256917,700,20.3,20,3
2.439,0.616216216,700,17.8,20,3
2.345,0.462121212,700,12,20,3
2.278,0.765027322,700,16.3,20,3
2.088,0.550632911,700,15.8,20,3
1.916,0.547325103,700,17,20,3
1.742,0.710144928,700,8.6,20,3
7.045,0.828947368,875,45.2,23,3
5.674,0.761904762,875,41.8,23,3
5.273,0.79757085,875,39.4,23,3
5.216,0.818493151,875,33,23,3
5.161,0.793918919,875,41.6,23,3
4.591,0.662962963,875,35.6,23,3
4.114,0.692579505,875,42.2,23,3
3.998,0.703557312,875,34.1,23,3
3.912,0.558333333,875,32.5,23,3
3.853,0.742105263,875,23.1,23,3
3.791,0.743190661,875,30.9,23,3
3.699,0.595041322,875,27,23,3
3.64,0.798449612,875,29,23,3
3.483,0.835294118,875,27,23,3
3.483,0.791946309,875,34.4,23,3
3.28,0.550660793,875,29.3,23,3
3.241,0.647286822,875,37.3,23,3
3.239,0.854545455,875,39.9,23,3
3.191,0.851405622,875,34.2,23,3
3.163,0.795180723,875,23.4,23,3
3.121,0.721115538,875,24,23,3
3.036,0.636363636,875,11.8,23,3
3.005,0.629032258,875,23.4,23,3
2.932,0.691275168,875,31.1,23,3
2.72,0.744525547,875,27.1,23,3
2.617,0.846473029,875,26.6,23,3
2.508,0.73015873,875,30.6,23,3
2.489,0.4375,875,28.6,23,3
2.291,0.770491803,875,27.5,23,3
1.993,0.503649635,875,14.4,23,3
1.956,0.807692308,875,25.3,23,3
1.823,0.580645161,875,24.3,23,3
1.769,0.871111111,875,21.3,23,3
1.708,0.865284974,875,19.3,23,3
1.698,0.653846154,875,5.9,23,3
6.635,0.686792453,375,51.1,24,3
5.766,0.637735849,375,36.3,24,3
5.518,0.777777778,375,32,24,3
4.649,0.873913043,375,26.7,24,3
4.283,0.726415094,375,34.6,24,3
4.251,0.803418803,375,30.4,24,3
3.864,0.842519685,375,33.4,24,3
3.62,0.668122271,375,30.6,24,3
3.538,0.856481481,375,29.4,24,3
3.301,0.8359375,375,30.5,24,3
3.277,0.433333333,375,33.9,24,3
3.128,0.787401575,375,34.5,24,3
2.856,0.695,375,21.6,24,3
2.84,0.736040609,375,25.9,24,3
2.789,0.84765625,375,31.9,24,3
6.363,0.733067729,400,46.6,25,3
5.873,0.84063745,400,38.4,25,3
5.284,0.841698842,400,35.9,25,3
4.325,0.708333333,400,30.1,25,3
3.988,0.879844961,400,40.5,25,3
3.872,0.814229249,400,37.7,25,3
3.743,0.688259109,400,36.7,25,3
3.134,0.755364807,400,29.5,25,3
3.115,0.748571429,400,18.7,25,3
3.101,0.72173913,400,30.3,25,3
2.95,0.436548223,400,17.6,25,3
2.795,0.693069307,400,23.5,25,3
2.585,0.816753927,400,24.8,25,3
2.237,0.381355932,400,14.3,25,3
2.191,0.7734375,400,15,25,3
1.174,0.777777778,400,8.7,25,3
8.816,0.767857143,625,32,2,4
8.061,0.855421687,625,44.5,2,4
7.628,0.865116279,625,33.6,2,4
7.491,0.931451613,625,35.3,2,4
7.245,0.930041152,625,34.7,2,4
7.163,0.924050633,625,38.2,2,4
6.154,0.862348178,625,40.5,2,4
5.924,0.887254902,625,31,2,4
5.893,0.880530973,625,37.6,2,4
5.784,0.751243781,625,28.4,2,4
5.689,0.872727273,625,39.4,2,4
5.336,0.85915493,625,27.8,2,4
4.911,0.493087558,625,30.9,2,4
4.889,0.839779006,625,19.9,2,4
4.724,0.806930693,625,29.1,2,4
4.703,0.741626794,625,30,2,4
4.609,0.732394366,625,24.8,2,4
4.578,0.422641509,625,27.5,2,4
4.008,0.707446809,625,19.3,2,4
3.611,0.873134328,625,15.5,2,4
3.467,0.797468354,625,10.1,2,4
3.192,0.813186813,625,15.2,2,4
3.152,0.817460317,625,13.3,2,4
3,0.673758865,625,16.4,2,4
2.777,0.360759494,625,16.6,2,4
7.801,0.843049327,700,37.1,3,4
7.013,0.73853211,700,25.8,3,4
6.979,0.904977376,700,33.3,3,4
6.294,0.88362069,700,32.6,3,4
5.657,0.901785714,700,40.8,3,4
5.56,0.853080569,700,35.4,3,4
5.381,0.44600939,700,29.8,3,4
5.151,0.695238095,700,12.9,3,4
4.725,0.745454545,700,23.4,3,4
4.69,0.873239437,700,27.4,3,4
4.508,0.834951456,700,22.6,3,4
4.342,0.804232804,700,24.1,3,4
4.194,0.399082569,700,28.3,3,4
3.884,0.857142857,700,12,3,4
3.832,0.781512605,700,13.2,3,4
3.825,0.796875,700,24.5,3,4
3.76,0.889655172,700,17.5,3,4
3.502,0.855263158,700,13.3,3,4
3.484,0.736842105,700,17.1,3,4
3.406,0.911917098,700,20.6,3,4
3.344,0.878661088,700,28.1,3,4
3.099,0.745945946,700,19.4,3,4
3.014,0.85915493,700,17.6,3,4
2.995,0.46031746,700,27.2,3,4
2.942,0.81865285,700,21.2,3,4
2.574,0.656716418,700,9.5,3,4
2.402,0.725806452,700,11,3,4
2.233,0.637362637,700,11.2,3,4
8.816,0.740909091,500,37.1,4,4
7.707,0.68487395,500,35.4,4,4
7.099,0.838427948,500,34.8,4,4
6.229,0.819905213,500,33.9,4,4
5.932,0.840816327,500,32,4,4
5.772,0.782122905,500,23.6,4,4
5.755,0.802030457,500,21.2,4,4
5.752,0.882352941,500,26.2,4,4
5.512,0.759803922,500,28.1,4,4
5.472,0.813397129,500,29.7,4,4
5.422,0.801886792,500,38.5,4,4
5.228,0.827411168,500,22.7,4,4
4.919,0.904109589,500,26.4,4,4
4.616,0.891625616,500,29.4,4,4
4.413,0.843317972,500,24.1,4,4
3.965,0.820512821,500,15.5,4,4
3.85,0.726368159,500,27.9,4,4
3.505,0.856481481,500,21.9,4,4
3.471,0.791044776,500,16.4,4,4
3.132,0.802816901,500,16.3,4,4
11.722,0.736607143,450,40.4,5,4
8.231,0.886554622,450,33.4,5,4
7.853,0.862944162,450,35,5,4
6.953,0.730337079,450,29.3,5,4
6.677,0.904761905,450,33,5,4
6.547,0.791111111,450,41.4,5,4
6.421,0.818181818,450,34.9,5,4
6.357,0.612149533,450,36.9,5,4
5.942,0.752808989,450,25,5,4
5.39,0.864,450,16.3,5,4
5.008,0.844720497,450,21.7,5,4
4.874,0.862745098,450,30.8,5,4
4.653,0.844444444,450,17.8,5,4
4.638,0.723076923,450,25.1,5,4
4.578,0.695945946,450,16.5,5,4
4.514,0.838383838,450,28.7,5,4
4.467,0.802690583,450,32.1,5,4
3.373,0.646464646,450,12.6,5,4
6.41,0.779411765,475,36.9,7,4
6.09,0.494845361,475,33.8,7,4
5.941,0.68018018,475,33.1,7,4
5.825,0.633928571,475,33.6,7,4
5.7,0.884422111,475,27.6,7,4
5.672,0.917948718,475,29.6,7,4
5.59,0.76076555,475,28.8,7,4
5.539,0.663157895,475,27.5,7,4
5.099,0.785714286,475,22.3,7,4
5.075,0.854700855,475,36.8,7,4
4.921,0.648535565,475,35,7,4
4.846,0.6875,475,12.9,7,4
4.726,0.668224299,475,32,7,4
4.669,0.751091703,475,34.6,7,4
4.644,0.595744681,475,25.3,7,4
4.244,0.562091503,475,19.4,7,4
4.029,0.472636816,475,25.6,7,4
3.867,0.664921466,475,25,7,4
1.848,0.727272727,475,6.7,7,4
6.637,0.815384615,700,29.5,9,4
5.311,0.874015748,700,21.2,9,4
5.186,0.724770642,700,34.6,9,4
4.968,0.63255814,700,29.1,9,4
4.844,0.61025641,700,25.8,9,4
4.817,0.728506787,700,28.4,9,4
4.559,0.670807453,700,22.1,9,4
4.338,0.483516484,700,24.9,9,4
4.233,0.794258373,700,26.8,9,4
4.19,0.464088398,700,23.4,9,4
4.103,0.483333333,700,14.5,9,4
4.09,0.38071066,700,29,9,4
4.026,0.856060606,700,14.4,9,4
3.908,0.605839416,700,19.4,9,4
3.804,0.699029126,700,26.7,9,4
3.758,0.731428571,700,26.2,9,4
3.712,0.698564593,700,26.3,9,4
3.687,0.816793893,700,16,9,4
3.34,0.366666667,700,22,9,4
3.01,0.685393258,700,11,9,4
3.01,0.762162162,700,22,9,4
3.002,0.395209581,700,25.9,9,4
2.974,0.674528302,700,23.5,9,4
2.952,0.691729323,700,13.7,9,4
2.881,0.696078431,700,11.7,9,4
2.84,0.675925926,700,14.2,9,4
2.602,0.874015748,700,13,9,4
2.262,0.742857143,700,11.2,9,4
5.591,0.701492537,450,27,11,4
5.455,0.693989071,450,26.9,11,4
4.895,0.421800948,450,34.5,11,4
4.838,0.520179372,450,37.8,11,4
4.827,0.699570815,450,33.9,11,4
4.651,0.651162791,450,18.5,11,4
4.525,0.735632184,450,24,11,4
4.239,0.538834951,450,31.1,11,4
4.161,0.832535885,450,35.1,11,4
4.105,0.675925926,450,28.8,11,4
3.648,0.630252101,450,18.6,11,4
3.436,0.648648649,450,15.8,11,4
3.408,0.746153846,450,17.9,11,4
3.216,0.612745098,450,33.7,11,4
3.169,0.541666667,450,17.3,11,4
3.018,0.522875817,450,14,11,4
2.218,0.7125,450,5.4,11,4
1.883,0.315789474,450,4.5,11,4
6.526,0.831417625,575,39,13,4
6.057,0.845814978,575,33.2,13,4
6.037,0.805687204,575,32.8,13,4
5.565,0.746724891,575,39.7,13,4
5.429,0.84079602,575,27.7,13,4
5.422,0.793577982,575,36,13,4
5.286,0.852791878,575,25.3,13,4
5.203,0.82464455,575,32.5,13,4
4.845,0.451162791,575,25.1,13,4
4.668,0.584415584,575,19.9,13,4
4.645,0.730392157,575,23.6,13,4
4.377,0.64321608,575,22.4,13,4
4.319,0.711764706,575,18,13,4
4.192,0.840182648,575,25.6,13,4
3.641,0.777070064,575,19.7,13,4
3.532,0.810344828,575,32.6,13,4
3.497,0.873786408,575,19.3,13,4
3.133,0.697297297,575,21.5,13,4
2.997,0.572815534,575,12.2,13,4
2.908,0.68852459,575,23.5,13,4
2.739,0.803680982,575,20.8,13,4
2.676,0.790123457,575,14.5,13,4
1.785,0.52,575,4.5,13,4
7.259,0.873362445,400,32.1,14,4
6.971,0.75708502,400,44.1,14,4
6.62,0.842975207,400,38.4,14,4
5.848,0.758754864,400,33.7,14,4
5.829,0.651982379,400,37.9,14,4
5.482,0.804166667,400,29,14,4
5.424,0.77593361,400,36,14,4
5.306,0.827102804,400,32.3,14,4
4.703,0.734939759,400,31.5,14,4
4.402,0.790123457,400,31.7,14,4
4.394,0.883838384,400,27.6,14,4
4.301,0.800847458,400,28.3,14,4
4.238,0.82278481,400,26,14,4
3.328,0.795698925,400,18.1,14,4
3.326,0.704697987,400,18.3,14,4
2.804,0.764705882,400,18.7,14,4
7.92,0.827586207,350,42,15,4
7.046,0.566666667,350,27.6,15,4
6.465,0.898373984,350,38.5,15,4
6.453,0.857819905,350,33.8,15,4
6.217,0.738738739,350,21.2,15,4
6.02,0.865306122,350,36,15,4
5.453,0.770833333,350,39.4,15,4
5.181,0.866071429,350,36.2,15,4
4.72,0.671875,350,21.1,15,4
4.623,0.899082569,350,28,15,4
4.487,0.838297872,350,33.5,15,4
4.439,0.738693467,350,26.7,15,4
3.225,0.820512821,350,12.3,15,4
2.857,0.682539683,350,7.5,15,4
7.562,0.894736842,675,27.5,17,4
3.451,0.780269058,500,30.8,25,4
3.438,0.800813008,500,31.6,25,4
3.291,0.600840336,500,32.5,25,4
2.633,0.708154506,500,28.2,25,4
2.563,0.584070796,500,23.8,25,4
2.53,0.433333333,500,25.9,25,4
5.132,0.858131488,1025,32.3,1,5
4.758,0.32244898,1025,27.9,1,5
4.679,0.805309735,1025,31.2,1,5
4.581,0.476987448,1025,31.3,1,5
4.304,0.631578947,1025,21.4,1,5
4.204,0.463414634,1025,27.3,1,5
4.184,0.774193548,1025,28.3,1,5
4.008,0.280851064,1025,28,1,5
3.829,0.467948718,1025,14,1,5
3.733,0.620915033,1025,25.4,1,5
3.625,0.376623377,1025,30.1,1,5
3.608,0.393617021,1025,16.2,1,5
3.599,0.792307692,1025,14.6,1,5
3.551,0.536585366,1025,15,1,5
3.533,0.522875817,1025,15.7,1,5
3.475,0.351351351,1025,26.6,1,5
3.473,0.79338843,1025,14.3,1,5
3.4,0.506382979,1025,23.5,1,5
3.325,0.38028169,1025,28.8,1,5
3.321,0.759615385,1025,20.8,1,5
3.276,0.736196319,1025,14.2,1,5
3.273,0.517241379,1025,18.3,1,5
3.194,0.225988701,1025,23.5,1,5
3.193,0.722689076,1025,19.1,1,5
3.179,0.445,1025,20.4,1,5
3.112,0.462962963,1025,15.9,1,5
3.104,0.288990826,1025,24.8,1,5
3.092,0.442922374,1025,24.3,1,5
2.978,0.313043478,1025,11.7,1,5
2.972,0.607929515,1025,19.8,1,5
2.958,0.93258427,1025,12.3,1,5
2.929,0.587912088,1025,17.8,1,5
2.925,0.905263158,1025,13.7,1,5
2.838,0.418269231,1025,18.8,1,5
2.785,0.575181666,1025,17.8,1,5
2.666,0.593607306,1025,24.7,1,5
2.614,0.714285714,1025,13.7,1,5
2.6,0.928571429,1025,15.2,1,5
2.324,0.543046358,1025,15.2,1,5
2.121,0.58045977,1025,15.6,1,5
1.98,0.694444444,1025,9.7,1,5
5.725,0.317757009,750,28.3,3,5
5.673,0.301369863,750,30.5,3,5
5.319,0.465686275,750,26.7,3,5
5.123,0.389671362,750,25.2,3,5
4.809,0.426008969,750,29.9,3,5
4.668,0.274336283,750,25.8,3,5
4.514,0.429906542,750,28,3,5
4.469,0.399141631,750,28,3,5
4.217,0.315555556,750,25.7,3,5
4.093,0.351111111,750,26.9,3,5
3.986,0.670940171,750,29.7,3,5
3.978,0.43231441,750,28.5,3,5
3.913,0.841121495,750,21.4,3,5
3.631,0.419811321,750,26.5,3,5
3.57,0.536842105,750,8.8,3,5
3.569,0.451612903,750,19.2,3,5
3.513,0.795454545,750,17.4,3,5
3.333,0.46875,750,16.5,3,5
3.234,0.361386139,750,20.9,3,5
3.206,0.427230047,750,27.5,3,5
3.169,0.491803279,750,12.3,3,5
3.1,0.395833333,750,4.9,3,5
3.022,0.269767442,750,26.5,3,5
2.874,0.76,750,6.8,3,5
2.567,0.578947368,750,6.9,3,5
2.354,0.52,750,15,3,5
2.192,0.578313253,750,10.6,3,5
2.118,0.746666667,750,10,3,5
2.016,0.403225806,750,5.7,3,5
1.875,0.428571429,750,5.4,3,5
5.36,0.30964467,650,26.8,5,5
5.293,0.464912281,650,35.5,5,5
4.97,0.404166667,650,32.7,5,5
4.807,0.44,650,23.5,5,5
4.312,0.345132743,650,27.4,5,5
4.215,0.383647799,650,23.2,5,5
4.215,0.490196078,650,1,5,5
4.051,0.418502203,650,30.8,5,5
4.01,0.378151261,650,29.9,5,5
3.963,0.5,650,33.7,5,5
3.89,0.402061856,650,22.9,5,5
3.804,0.493273543,650,29.1,5,5
3.799,0.5,650,25.7,5,5
3.516,0.333333333,650,28,5,5
3.492,0.333333333,650,22.3,5,5
3.49,0.392996109,650,25.9,5,5
3.413,0.488721805,650,13.2,5,5
3.361,0.356435644,650,21.6,5,5
3.279,0.437229437,650,23.4,5,5
3.261,0.3,650,11,5,5
3.104,0.450704225,650,23.2,5,5
3.063,0.399159664,650,29.2,5,5
3.035,0.270114943,650,23.6,5,5
2.934,0.789215686,650,26.8,5,5
2.186,0.106060606,650,11,5,5
2.164,0.231884058,650,12.1,5,5
5.431,0.428571429,775,37.7,7,5
4.99,0.320175439,775,32.5,7,5
4.555,0.45971564,775,30,7,5
4.54,0.409090909,775,30.4,7,5
4.272,0.389380531,775,28.4,7,5
3.978,0.40625,775,22.4,7,5
3.86,0.357512953,775,22.8,7,5
3.839,0.487684729,775,25.4,7,5
3.826,0.511013216,775,34.1,7,5
3.765,0.338164251,775,28.4,7,5
3.723,0.677570093,775,24.8,7,5
3.616,0.891566265,775,11.2,7,5
3.491,0.477678571,775,25.6,7,5
3.456,0.526785714,775,27.2,7,5
3.413,0.236686391,775,19.6,7,5
3.372,0.399061033,775,25.4,7,5
3.218,0.430493274,775,24.5,7,5
3.215,0.37037037,775,18.2,7,5
3.166,0.723004695,775,19.2,7,5
3.035,0.835443038,775,9,7,5
2.788,0.685185185,775,8.1,7,5
2.741,0.587878788,775,17.5,7,5
2.664,0.724637681,775,8.1,7,5
2.45,0.304347826,775,7.4,7,5
2.42,0.352941176,775,20,7,5
2.116,0.5,775,12.9,7,5
2.11,0.341772152,775,9.8,7,5
1.991,0.585365854,775,11.8,7,5
1.893,0.368421053,775,20.9,7,5
1.63,0.730769231,775,3.1,7,5
1.528,0.931034483,775,3.5,7,5
5.417,0.389380531,725,33.3,8,5
4.326,0.43776824,725,29.9,8,5
4.173,0.420849421,725,30.1,8,5
4.11,0.334801762,725,28.4,8,5
4.077,0.882352941,725,12.9,8,5
4.009,0.474654378,725,25.3,8,5
3.865,0.368421053,725,27.6,8,5
3.675,0.785087719,725,23.9,8,5
3.651,0.419087137,725,30.4,8,5
3.649,0.735682819,725,28.9,8,5
3.625,0.547085202,725,27.3,8,5
3.588,0.423529412,725,25.7,8,5
3.533,0.344594595,725,20.9,8,5
3.408,0.325688073,725,22.4,8,5
3.352,0.424489796,725,24.8,8,5
3.339,0.421800948,725,21.1,8,5
3.219,0.342105263,725,29.2,8,5
3.193,0.331658291,725,21,8,5
3.192,0.582010582,725,17.4,8,5
3.158,0.149068323,725,14.6,8,5
3.103,0.379310345,725,24.6,8,5
3.032,0.432926829,725,19.6,8,5
3.017,0.906077348,725,20.7,8,5
2.722,0.368932039,725,26,8,5
2.68,0.135338346,725,15.8,8,5
2.656,0.350961538,725,21.1,8,5
2.545,0.496932515,725,12.4,8,5
2.334,0.373831776,725,11.5,8,5
1.81,0.84,725,2.7,8,5
4.635,0.4375,850,32,10,5
4.556,0.457399103,850,31.7,10,5
4.448,0.638211382,850,33.6,10,5
4.099,0.826446281,850,17.3,10,5
3.989,0.455555556,850,27.2,10,5
3.958,0.414225941,850,33.2,10,5
3.929,0.430379747,850,26.8,10,5
3.884,0.165957447,850,33.4,10,5
3.749,0.555045872,850,29.1,10,5
3.691,0.315315315,850,31.1,10,5
3.537,0.416309013,850,26.9,10,5
3.504,0.511961722,850,23.2,10,5
3.443,0.449541284,850,22.2,10,5
3.435,0.251162791,850,27.4,10,5
3.422,0.409090909,850,27.9,10,5
3.353,0.46728972,850,26.5,10,5
3.35,0.655172414,850,11.7,10,5
3.347,0.328638498,850,24,10,5
3.292,0.244541485,850,25.4,10,5
3.287,0.402597403,850,30.5,10,5
3.243,0.414814815,850,11.9,10,5
3.239,0.840909091,850,7,10,5
2.921,0.554621849,850,26.9,10,5
2.907,0.565517241,850,13.3,10,5
2.897,0.589108911,850,19.3,10,5
2.894,0.756410256,850,10,10,5
2.862,0.427672956,850,16.8,10,5
2.833,0.537234043,850,20.9,10,5
2.75,0.276595745,850,12.7,10,5
2.737,0.538461538,850,23.2,10,5
2.643,0.535714286,850,7.8,10,5
2.477,0.580310881,850,20,10,5
2.343,0.585585586,850,11.8,10,5
2.164,0.454545455,850,18.7,10,5
4.486,0.404081633,675,33.1,12,5
4.408,0.486956522,675,32.4,12,5
4.264,0.304347826,675,27.5,12,5
4.228,0.39408867,675,24.8,12,5
3.958,0.47008547,675,25.5,12,5
3.889,0.398190045,675,26.1,12,5
3.841,0.347826087,675,20,12,5
3.809,0.271028037,675,26,12,5
3.758,0.261627907,675,22.3,12,5
3.748,0.348017621,675,24.3,12,5
3.695,0.336633663,675,25.4,12,5
3.567,0.646090535,675,23.3,12,5
3.509,0.308370044,675,26.3,12,5
3.46,0.87755102,675,12.2,12,5
3.37,0.868421053,675,12.1,12,5
3.363,0.383495146,675,18.3,12,5
3.351,0.2760181,675,26.4,12,5
3.318,0.449339207,675,24.6,12,5
3.245,0.333333333,675,27.6,12,5
3.093,0.356828194,675,30.1,12,5
2.986,0.425641026,675,19.1,12,5
2.756,0.504385965,675,22.3,12,5
2.756,0.305936073,675,23.4,12,5
2.597,0.757142857,675,6.7,12,5
2.486,0.882352941,675,3.8,12,5
2.146,0.448598131,675,9.5,12,5
1.682,0.739130435,675,2.6,12,5
5.101,0.509803922,675,31,13,5
4.952,0.487394958,675,32,13,5
4.272,0.432773109,675,31,13,5
4.21,0.559633028,675,25.6,13,5
4.141,0.336244541,675,24.2,13,5
4.008,0.423423423,675,23.2,13,5
3.966,0.351851852,675,26.7,13,5
3.96,0.370892019,675,29.4,13,5
3.842,0.468253968,675,17.6,13,5
3.794,0.418803419,675,24.9,13,5
3.697,0.721153846,675,13.9,13,5
3.643,0.502369668,675,22.8,13,5
3.611,0.460465116,675,22.8,13,5
3.543,0.674528302,675,24,13,5
3.501,0.298076923,675,22.9,13,5
3.306,0.484304933,675,21.3,13,5
3.283,0.082417582,675,27.2,13,5
3.268,0.418604651,675,16.7,13,5
3.249,0.588516746,675,23.8,13,5
3.158,0.439461883,675,26.7,13,5
3.118,0.458536585,675,19.7,13,5
3.111,0.343589744,675,20.8,13,5
2.967,0.341013825,675,21.5,13,5
2.918,0.56122449,675,20,13,5
2.82,-0.103448276,675,23.9,13,5
2.776,0.574879227,675,19.8,13,5
2.473,0.260638298,675,13.9,13,5
5.629,0.525490196,825,36,14,5
5.109,0.369863014,825,30.5,14,5
4.743,0.631355932,825,29.8,14,5
4.519,0.632978723,825,20.5,14,5
4.392,0.419047619,825,26.9,14,5
4.332,0.434210526,825,29.6,14,5
4.22,0.552631579,825,21.5,14,5
4.168,0.473404255,825,22.1,14,5
4.159,0.392694064,825,27.4,14,5
4.06,0.292237443,825,23.8,14,5
3.951,0.409574468,825,21.8,14,5
3.937,0.36744186,825,22.8,14,5
3.611,0.310810811,825,31.3,14,5
3.578,0.666666667,825,15.6,14,5
3.535,0.313609467,825,21.8,14,5
3.449,0.464788732,825,29.6,14,5
3.441,0.383259912,825,28.6,14,5
3.388,0.474285714,825,19.8,14,5
3.074,0.361502347,825,22.5,14,5
3.064,0.435233161,825,21.1,14,5
2.985,0.666666667,825,5.8,14,5
2.862,0.228915663,825,18.5,14,5
2.85,0.792746114,825,18,14,5
2.834,0.307317073,825,21.3,14,5
2.797,0.838983051,825,15.2,14,5
2.773,0.851851852,825,12.7,14,5
2.69,0.484536082,825,11.6,14,5
2.661,0.52,825,10,14,5
2.391,0.523178808,825,15,14,5
2.261,0.374045802,825,11.8,14,5
2.256,0.542253521,825,14.1,14,5
2.037,0.638554217,825,8.2,14,5
1.808,0.9,825,3,14,5
5.466,0.440528634,800,33.6,16,5
4.766,0.38,800,25.7,16,5
4.664,0.384259259,800,28.4,16,5
4.603,0.446601942,800,28.7,16,5
4.587,0.527638191,800,25.6,16,5
4.472,0.447761194,800,26.4,16,5
4.268,0.526066351,800,25.7,16,5
4.161,0.320574163,800,30.1,16,5
3.99,0.485981308,800,23.8,16,5
3.848,0.433862434,800,20.7,16,5
3.823,0.68852459,800,18.9,16,5
3.791,0.669902913,800,12.2,16,5
3.781,0.352678571,800,25.9,16,5
3.704,0.485436893,800,19.2,16,5
3.657,0.370731707,800,26.5,16,5
3.588,0.570776256,800,25.5,16,5
3.564,0.480916031,800,15.9,16,5
3.518,0.483870968,800,24,16,5
3.463,0.410526316,800,22.9,16,5
3.437,0.336448598,800,25.9,16,5
3.382,0.426086957,800,26.4,16,5
3.361,0.578947368,800,19.8,16,5
3.341,0.3632287,800,23.4,16,5
3.173,0.57037037,800,13.7,16,5
3.118,0.486956522,800,22.3,16,5
3.08,0.442622951,800,21,16,5
2.937,0.345,800,25.7,16,5
2.828,0.229813665,800,17.4,16,5
2.485,0.788819876,800,15.7,16,5
2.325,0.612903226,800,6.6,16,5
1.896,0.75,800,6.5,16,5
1.436,0.80952381,800,1.6,16,5
5.642,0.850622407,700,31.2,18,5
4.928,0.382608696,700,28.2,18,5
4.379,0.563318777,700,28.6,18,5
4.32,0.425438596,700,30,18,5
4.174,0.453744493,700,25.4,18,5
4.114,0.254901961,700,23.8,18,5
4.086,0.544186047,700,28.1,18,5
3.863,0.488789238,700,26.1,18,5
3.834,0.324074074,700,26.1,18,5
3.68,0.452830189,700,24.3,18,5
3.566,0.299435028,700,21.9,18,5
3.479,0.664670659,700,17.3,18,5
3.435,0.638709677,700,14.5,18,5
3.362,0.300970874,700,21,18,5
3.308,0.842592593,700,13.7,18,5
3.297,0.414414414,700,28.5,18,5
3.295,0.394366197,700,22,18,5
3.257,0.87962963,700,15.8,18,5
3.222,0.360189573,700,24.7,18,5
3.203,0.881818182,700,12.7,18,5
3.141,0.557823129,700,17.5,18,5
3.093,0.291079812,700,22,18,5
2.953,0.293814433,700,18.9,18,5
2.831,0.89516129,700,11.6,18,5
2.821,0.56626506,700,17.2,18,5
2.805,0.401785714,700,24.3,18,5
2.783,0.402061856,700,21.5,18,5
2.77,0.324561404,700,17.7,18,5
1.893,0.793103448,700,3.8,18,5
1.873,0.269662921,700,18,18,5
6.44,0.511811024,900,32.4,19,5
4.915,0.280542986,900,29.4,19,5
4.891,0.484018265,900,32.2,19,5
4.611,0.348017621,900,29.2,19,5
4.515,0.493333333,900,28.2,19,5
4.262,0.379310345,900,26.6,19,5
4.013,0.224719101,900,23.5,19,5
3.865,0.294392523,900,27.9,19,5
3.697,0.366666667,900,21.1,19,5
3.605,0.430555556,900,25.7,19,5
3.585,0.414414414,900,27.7,19,5
3.582,0.395744681,900,26.3,19,5
3.518,0.475206612,900,32.6,19,5
3.513,0.323529412,900,22.3,19,5
3.489,0.235023041,900,23.6,19,5
3.44,0.359090909,900,29,19,5
3.383,0.338235294,900,22.6,19,5
3.333,0.829787234,900,14.4,19,5
3.208,0.306818182,900,17,19,5
3.189,0.327683616,900,17.8,19,5
3.135,0.721153846,900,11.9,19,5
3.1,0.355855856,900,24.6,19,5
2.994,0.393203883,900,20.7,19,5
2.883,0.374429224,900,24,19,5
2.86,0.608490566,900,20.3,19,5
2.827,0.419087137,900,26.7,19,5
2.777,0.346153846,900,21.7,19,5
2.695,0.388349515,900,17.7,19,5
2.514,0.613207547,900,23.1,19,5
2.513,0.337837838,900,13.2,19,5
2.379,0.789156627,900,14,19,5
2.329,0.454022989,900,15.4,19,5
2.286,0.458715596,900,13.1,19,5
2.225,0.555555556,900,6.2,19,5
1.736,0.413043478,900,13.1,19,5
1.597,0.632352941,900,17.2,19,5
6.993,0.525,675,28.3,21,5
6.929,0.545454545,675,25.6,21,5
6.745,0.416666667,675,25.8,21,5
6.592,0.577889447,675,21.6,21,5
6.517,0.553846154,675,28.9,21,5
6.319,0.430051813,675,27.1,21,5
6.165,0.62345679,675,28.5,21,5
2.65,0.8,2344.444444,8.6,1,1
1.55,0.68,2344.444444,3.1,1,1
0.64,0.38,1600,6.6,2,1
2.634,0.25,1600,9.6,2,1
2.562,0.31,1600,7,2,1
3.095,0.45,1600,14.4,2,1
4.5985,0.56,1600,22.5,2,1
3.18,0.45,1600,17.6,2,1
3.215,0.34,1600,8.7,2,1
4.456,0.53,1600,13.6,2,1
3.8145,0.44,1600,14.4,2,1
2.1485,0.34,1600,11.3,2,1
1.4235,0.48,1600,7.5,2,1
2.999,0.43,1600,10.4,2,1
2.4795,0.38,1600,11.4,2,1
4.009,0.29,1600,5.3,2,1
2.4365,0.36,1600,11.2,2,1
1.342,0.22,1600,6.4,2,1
1.1525,0.07,1600,6.8,2,1
3.935,0.63,1600,14.5,2,1
3.5,0.42,1600,6.3,2,1
1.895,0.34,1600,9.2,2,1
3.065,0.6,1600,8.3,2,1
2.23,0.72,1600,15.7,2,1
3.065,0.56,1600,15.5,2,1
2.025,0.6,1600,9.2,2,1
3.56,0.5,1600,17,2,1
3.5045,0.23,1600,13.1,2,1
2.084,0.43,1600,10.5,2,1
3.3475,0.51,1600,17.3,2,1
1.805,0.35,1600,8.1,2,1
2.5125,0.49,1600,10.8,2,1
2.8585,0.36,1600,15.7,2,1
1.8615,0.29,1600,10.4,2,1
2.8735,0.25,1600,16.2,2,1
2.8865,0.43,1600,10.5,2,1
2.422,0.45,1600,10.4,2,1
2.248,0.37,1600,12.5,2,1
2.2145,0.48,1600,9.5,2,1
2.7015,0.37,1600,9.6,2,1
2.605,0.19,1600,14.1,2,1
1.677,0.2,1600,10.8,2,1
4.701,0.42,1600,18.5,2,1
3.4735,0.31,1600,15.1,2,1
3.4715,0.22,1600,15.4,2,1
3.666,0.41,1600,18.6,2,1
3.662,0.44,1600,15.5,2,1
3.722,0.45,1600,13.6,2,1
3.316,0.23,1600,9.5,2,1
4.1075,0.44,1600,18.1,2,1
4.3055,0.38,1600,14.1,2,1
3.291,0.27,1600,10.5,2,1
4.763,0.52,1600,22.1,2,1
3.16,0.2,1600,13.9,2,1
2.884,0.24,1600,10.1,2,1
4.4195,0.38,1600,15.7,2,1
2.392,0.34,1600,10.8,2,1
3.2575,0.49,1600,12.4,2,2
2.834,0.24,1600,9.3,2,2
2.7225,0.18,1600,9.3,2,2
1.795,0.43,1600,10.7,2,2
4.308,0.55,1600,20,2,2
2.928,0.16,1600,11.8,2,2
3.8205,0.47,1600,18,2,2
4.777,0.53,1600,11.4,2,2
4.5335,0.66,1600,16.7,2,2
1.8165,0.32,1600,9.7,2,2
2.191,0.35,1600,12.4,2,2
3.005,0.31,1600,14.2,2,2
3.67,0.8,1600,8.2,2,2
4.855,0.59,1600,19,2,2
3.2925,0.59,1600,18.5,2,2
2.396,0.2,1600,13.6,2,2
3.659,0.51,1600,20.4,2,2
3.336,0.33,1600,12.5,2,2
5.41,0.4,1600,21.1,2,2
3.464,0.41,1600,14.6,2,2
4.8075,0.66,1600,20.9,2,2
4.4455,0.47,1600,16.6,2,2
4.708,0.5,1600,19.1,2,2
2.7095,0.59,1600,12.5,2,2
3.40075,0.44,1600,12.7,2,2
1.953,0.55,1600,9.8,2,2
3.128,0.33,1600,15.6,2,2
4.164,0.47,1600,12.7,2,2
2.258,0.31,1600,7.3,2,2
2.764,0.29,1600,7.1,2,2
4.818,0.49,1600,12.8,2,2
3.22,0.39,1600,13.7,2,2
3.7385,0.44,1600,15.9,2,2
2.945,0.44,1600,14.1,2,2
3.035,0.33,1600,11.4,2,2
2.285,0.27,1600,8.1,2,2
3.653,0.52,1600,13,2,2
4.085,0.52,1600,11.9,2,2
2.8585,0.27,1600,9.7,2,2
5.198,0.65,1600,18.7,2,2
4.2925,0.45,1600,17.5,2,2
1.2315,0.07,1600,4.8,2,2
2.32,0.38,1600,8.1,2,2
1.832,0.52,1600,5.1,2,2
3.2445,0.47,1600,11.6,2,2
2.4305,0.69,1600,9.2,2,2
2.5965,0.49,1600,9.8,2,2
2.3455,0.46,1600,6.7,2,2
2.295,0.1,1600,8.3,2,2
2.461,0.4,1600,16.4,2,2
5.166,0.33,1600,16.2,2,2
4.0845,0.35,1600,14.2,2,2
3.433,0.45,1600,11.5,2,2
3.533,0.32,1600,11,2,2
2.49,0.57,1600,8.3,2,2
0.71,0.43,1600,9.1,2,2
1.585,0.28,1600,6.9,2,2
2.0975,0.35,1600,17.2,2,2
4.5825,0.38,1600,11.1,2,2
2.5155,0.43,1600,11.2,2,2
3.9125,0.19,1600,14.2,2,2
2.7505,0.24,1600,8.9,2,2
2.8325,0.33,1600,12.3,2,2
3.999,0.53,1600,16.2,2,2
1.903,0.88,1477.777778,4.5,3,2
1.51,0.3,2155.555556,5.8,4,2
2.965,0.23,2155.555556,8.7,4,2
3.207,0.73,2155.555556,8.7,4,2
3.3445,0.7,2155.555556,13.2,4,2
1.66,0.18,2155.555556,4.1,4,2
1.795,0.43,2155.555556,4.7,4,2
2.5,0.21,2155.555556,6.9,4,2
2.04,0.44,2155.555556,3,4,2
2.435,0.6,2155.555556,5.2,4,2
3.505,0.63,2155.555556,7.5,4,2
3.225,0.23,2155.555556,7.8,4,2
3.71,0.46,2155.555556,8,4,2
2.71,0.47,2155.555556,4.3,4,2
2.745,0.32,2155.555556,6.9,4,2
2.795,0.23,2155.555556,6.8,4,2
1.915,0.63,2155.555556,4.9,4,2
3.14,0.34,2155.555556,6.5,4,2
3.365,0.41,2155.555556,6.3,4,2
3.485,0.42,2155.555556,6.3,4,2
1.795,0.37,2155.555556,6.6,4,2
2.085,0.4,2155.555556,6.8,4,2
4.06,0.79,1022.222222,18.2,14,2
4,0.77,1022.222222,20.7,14,2
6.5,0.62,1022.222222,28.9,14,2
4.8,0.68,1022.222222,22.2,14,2
5.8,0.81,1022.222222,29.6,14,2
6.85,0.61,1022.222222,16.2,14,2
6.85,0.52,1022.222222,32.1,14,2
6.826,0.83,788.8888889,27.1,15,2
4.5375,0.58,788.8888889,12.3,15,2
3.0065,0.54,788.8888889,9.9,15,2
2.751,0.38,788.8888889,5,15,2
2.38,0.43,788.8888889,8.9,15,2
4.4015,0.41,788.8888889,10.3,15,2
4.337,0.78,788.8888889,19.3,15,2
5.2105,0.79,788.8888889,23.8,15,2
4.4495,0.8,788.8888889,22.3,15,2
4.1415,0.62,788.8888889,9.4,15,2
6.555,0.8,788.8888889,32.9,15,2
1.75,0.76,488.8888889,2.5,16,2
1.3,0.86,488.8888889,2.9,16,2
1.65,0.82,488.8888889,2.7,16,2
1.9,0.82,488.8888889,2.5,16,2
2,0.71,488.8888889,4.8,16,2
2.1,0.81,488.8888889,4.8,16,2
3.15,0.8,488.8888889,6.2,16,2
5.45,0.78,488.8888889,24.6,16,2
6.05,0.84,488.8888889,29.2,16,2
5.55,0.71,488.8888889,22.2,16,2
5.05,0.69,488.8888889,23.3,16,2
4.7,0.8,488.8888889,19.2,16,2
4.15,0.62,488.8888889,21.2,16,2
5.2,0.58,488.8888889,15.1,16,2
5.55,0.87,488.8888889,24.5,16,2
6.49,0.83,488.8888889,25.5,16,2
6.25,0.81,488.8888889,33.3,16,2
7.12,0.74,488.8888889,18.4,16,2
7.505,0.71,488.8888889,33.4,16,2
3.125,0.49,488.8888889,6.2,16,2
3.125,0.6,488.8888889,6.2,16,2
1.48,0.71,488.8888889,5.9,16,2
6.445,0.67,488.8888889,11.2,16,2
1.705,0.81,488.8888889,2.5,16,2
5.97,0.89,488.8888889,17.2,16,2
2.515,0.77,488.8888889,5.4,16,2
1.8,0.82,488.8888889,2.9,16,2
2.815,0.72,488.8888889,3.1,16,2
4.84,0.58,488.8888889,13.5,16,2
5.13,0.81,488.8888889,24.6,16,2
4.82,0.83,488.8888889,29,16,2
6.223,0.75,488.8888889,26.8,16,2
4.867,0.41,488.8888889,23,16,2
4.8895,0.84,488.8888889,36.4,16,2
2.101,0.74,488.8888889,5.8,16,2
1.971,0.84,488.8888889,2.2,16,2
1.6445,0.86,488.8888889,3.6,16,2
2.2005,0.77,488.8888889,4.5,16,2
3.675,0.55,1611.111111,7,17,2
3.2,0.77,1611.111111,11,17,2
3.42,0.72,1611.111111,8.3,17,2
3.5,0.73,1611.111111,5.2,17,2
3.645,0.75,1611.111111,11.1,17,2
2.48,0.7,1611.111111,3.1,17,2
2.035,0.74,1611.111111,3.7,17,2
1.84,0.49,1611.111111,2.8,17,2
1.405,0.46,1611.111111,3.2,17,2
2.4625,0.84,1611.111111,6.5,17,2
2.2915,0.75,1611.111111,7.3,17,2
2.233,0.77,1611.111111,6.8,17,2
2.0725,0.75,1611.111111,3.7,17,2
3.2385,0.76,1611.111111,8.8,17,2
3.013,0.83,1611.111111,8.2,17,2
2.512,0.88,1611.111111,5.3,17,2
2.4305,0.79,1611.111111,4,17,2
2.516,0.85,1611.111111,6.2,17,2
2.8025,0.68,1611.111111,11.3,17,2
3.3425,0.54,1611.111111,7.6,17,2
2.173,0.81,1611.111111,2.7,17,2
2.5725,0.82,1611.111111,6.4,17,2
2.811,0.85,1611.111111,5,17,2
2.669,0.9,1611.111111,5.6,17,2
1.613,0.62,1611.111111,3.3,17,2
1.9295,0.86,1611.111111,3.8,17,2
1.56,0.95,1611.111111,3.2,17,2
1.779,0.78,1611.111111,3.5,17,2
1.8085,0.69,1611.111111,4.3,17,2
2.781,0.7,1611.111111,5.2,17,2
2.39,0.9,1611.111111,5,17,2
2.3675,0.75,1611.111111,7.4,17,2
2.256,0.84,1611.111111,6.4,17,2
2.318,0.69,1611.111111,4.7,17,2
2.228,0.75,1611.111111,4.7,17,2
2.7805,0.72,1611.111111,8.4,17,2
5.263,0.82,1611.111111,20.4,17,2
5.12,0.65,1611.111111,10.2,17,2
2.218,0.73,1955.555556,10.7,21,2
2.5375,0.7,1955.555556,10.8,21,2
1.6585,0.65,1955.555556,5.9,21,2
1.096,0.57,1955.555556,4.3,21,2
2.4495,0.16,1955.555556,7.2,21,2
2.5475,0.6,1955.555556,16.3,21,2
2.613,0.52,1955.555556,2.7,21,2
2.4125,0.41,1955.555556,16.6,21,2
1.4285,0.44,1955.555556,2.8,21,2
1.889,0.38,1955.555556,8.6,21,2
2.5545,0.46,1955.555556,10.2,21,2
2.6555,0.31,1955.555556,6.1,21,2
2.6725,0.41,1955.555556,11.1,21,2
2.518,0.18,1955.555556,10.3,21,2
2.3375,0.46,1955.555556,9.4,21,2
2.4655,0.27,1955.555556,6.6,21,2
2.7505,0.38,1955.555556,11,21,2
2.25,0.46,1955.555556,6.1,21,2
1.8095,0.56,1955.555556,4.8,21,2
3.13,0.48,1955.555556,14.1,21,2
2.129,0.72,1955.555556,3,21,2
2.523,0.65,1955.555556,9.6,21,2
2.3295,0.67,1955.555556,3.5,21,2
2.585,0.3,1955.555556,5,21,2
2.465,0.49,1955.555556,10.3,21,2
2.285,0.67,1955.555556,15.9,21,2
2.47,0.64,1955.555556,25.1,21,3
4.945,0.62,1955.555556,24.8,21,3
5.42,0.75,1955.555556,33.8,21,3
3.405,0.81,1955.555556,12.6,21,3
3.725,0.75,1955.555556,5.8,21,3
2.245,0.77,1955.555556,14.8,21,3
4.575,0.81,1955.555556,14.2,21,3
2.88,0.36,1955.555556,22,21,3
2.92,0.63,1955.555556,4.3,21,3
2.425,0.71,1955.555556,4.5,21,3
1.675,0.65,1955.555556,4.8,21,3
2.335,0.79,1955.555556,17.4,21,3
3.21,0.78,1955.555556,15.8,21,3
3.125,0.8,1477.777778,5.4,22,3
3.125,0.8,1477.777778,7.5,22,3
3.125,0.81,1477.777778,5.9,22,3
1.865,0.66,1477.777778,7,22,3
1.555,0.67,1477.777778,4.5,22,3
5.095,0.65,1477.777778,26.5,22,3
5.165,0.71,1477.777778,27.4,22,3
2.14,0.73,1477.777778,5.9,22,3
3.045,0.78,1477.777778,6.1,22,3
2.65,0.55,1477.777778,3.2,22,3
2.09,0.47,1477.777778,2.5,22,3
1.9,0.69,1477.777778,3.8,22,3
2.195,0.63,1477.777778,3.5,22,3
1.835,0.44,1477.777778,5.5,22,3
1.925,0.26,1477.777778,4,22,3
2.225,0.7,1477.777778,5.7,22,3
2.22,0.24,1477.777778,3.5,22,3
1.615,0.29,1477.777778,3.1,22,3
2.92,0.72,1477.777778,5.3,22,3
2.66,0.28,1477.777778,3.5,22,3
2.385,0.69,1477.777778,8,22,3
2.645,0.73,1477.777778,10.2,22,3
2.865,0.2,1477.777778,4.5,22,3
2.38,0.3,1477.777778,7.8,22,3
6.835,0.65,1477.777778,19.2,22,3
4.995,0.66,1477.777778,28.2,22,3
3.77,0.85,1477.777778,9.8,22,3
5.565,0.72,1477.777778,22.2,22,3
5.975,0.72,1477.777778,22.3,22,3
1.33,0.16,1477.777778,3.4,22,3
6.46,0.76,1477.777778,23.4,22,3
6.545,0.82,1477.777778,31.4,22,3
5.41,0.75,1477.777778,27.1,22,3
1.35,0.26,1477.777778,2.8,22,3
2.11,0.46,1477.777778,5.5,22,3
1.835,0.42,1477.777778,6.5,22,3
2.225,0.75,1477.777778,5.5,22,3
2.985,0.64,1477.777778,6.5,22,3
2.86,0.55,1477.777778,9.2,22,3
2.32,0.64,1477.777778,7.3,22,3
1.675,0.42,1477.777778,3.7,22,3
4.445,0.83,1477.777778,27.7,22,3
4.755,0.67,1477.777778,29.2,22,3
3.705,0.73,1477.777778,11.5,22,3
3.305,0.41,1477.777778,6.9,22,3
2.3,0.66,1477.777778,3.7,22,3
1.73,0.78,1477.777778,2.6,22,3
2.095,0.56,1477.777778,6.1,22,3
4.865,0.81,1477.777778,15.8,22,3
4.865,0.8,1477.777778,14.9,22,3
3.01,0.5,1477.777778,5,22,3
2.595,0.32,1477.777778,2.9,22,3
5.75,0.79,1477.777778,18.4,22,3
1.945,0.5,1766.666667,17.6,26,3
1.855,0.32,1766.666667,13.6,26,3
2.225,0.44,1766.666667,10.5,26,3
2.325,0.35,1766.666667,15.3,26,3
1.56,0.36,1766.666667,8.4,26,3
2.595,0.37,1766.666667,16.3,26,3
1.545,0.31,1766.666667,5.9,26,3
2.025,0.34,1766.666667,11.2,26,3
1.615,0.55,1766.666667,6.5,26,3
1.375,0.24,1766.666667,8.1,26,3
1.22,0.18,1766.666667,6.4,26,3
2.115,0.48,1766.666667,8.5,26,3
2.355,0.51,1766.666667,14.1,26,3
2.575,0.48,1766.666667,10,26,3
2.665,0.24,1766.666667,5.2,26,3
2.46,0.34,1766.666667,13.4,26,3
2.575,0.44,1766.666667,14.4,26,3
2.665,0.39,1766.666667,12.1,26,3
2.06,0.58,1766.666667,11.1,26,3
2.065,0.3,1766.666667,16.1,26,3
2.195,0.33,1766.666667,4.3,26,3
2.96,0.48,1766.666667,6.1,26,3
2.915,0.29,1766.666667,15.6,26,3
3.83,0.37,1766.666667,19.1,26,3
3.14,0.28,1766.666667,15.6,26,3
1.855,0.63,1766.666667,5.3,26,3
2.635,0.56,1766.666667,6.2,26,3
2.735,0.36,1766.666667,20.1,26,3
2.175,0.52,1766.666667,17,26,3
2.585,0.64,1766.666667,8.6,26,3
2.865,0.52,1766.666667,15.6,26,3
2.82,0.57,1766.666667,18.6,26,3
2.75,0.36,1766.666667,20.2,26,3
2.265,0.68,1766.666667,12.2,26,3
3.76,0.64,1766.666667,7,26,3
2.965,0.52,1766.666667,11.6,26,3
3.665,0.61,1766.666667,20.7,26,3
3.55,0.6,1766.666667,21.1,26,3
4.495,0.61,1766.666667,12.8,26,3
3.655,0.6,1766.666667,10.6,26,3
4.24,0.42,1766.666667,22.6,26,3
3.11,0.73,1766.666667,5.4,26,3
2.785,0.42,1766.666667,12.8,26,3
2.74,0.39,1766.666667,15.4,26,3
3.7,0.76,1766.666667,11,26,3
2.935,0.53,1766.666667,5.6,26,3
2.175,0.5,1766.666667,10.9,26,3
2.655,0.45,1766.666667,10.8,26,3
2.98,0.38,1766.666667,12.4,26,3
3.605,0.33,1766.666667,12.3,26,3
1.93,0.2,1766.666667,9.5,26,3
1.875,0.22,1766.666667,10.9,26,3
3.99,0.33,1766.666667,12.9,26,3
3.915,0.19,1766.666667,10.7,26,3
4.61,0.07,1766.666667,14.2,26,3
5.62,0.46,1766.666667,20.7,26,3
4.53,0.7,1766.666667,21.8,26,3
5.01,0.72,1766.666667,12.5,26,3
3.8,0.63,1766.666667,13.5,26,3
2.17,0.39,1766.666667,3.6,26,3
3.74,0.62,1766.666667,14.4,26,3
3.985,0.57,1766.666667,14.1,26,3
4.03,0.48,1766.666667,13.4,26,3
3.785,0.41,1766.666667,15.2,26,3
4.71,0.69,1766.666667,14.5,26,3
3.665,0.61,1766.666667,17.3,26,3
3.195,0.62,1766.666667,7.8,26,3
2.87,0.39,1766.666667,12.2,26,3
3.715,0.45,1766.666667,14.2,26,3
3.49,0.58,1766.666667,14.2,26,3
3.975,0.28,1766.666667,11,26,3
3.61,0.28,1766.666667,12.2,26,3
4.155,0.69,1766.666667,15.3,26,3
4.185,0.6,1766.666667,8.8,26,3
3.5,0.34,1766.666667,10.2,26,3
2.2,0.51,1766.666667,6.5,26,3
2.97,0.72,1766.666667,12,26,3
3.45,0.42,1766.666667,20.8,26,3
3.79,0.58,1766.666667,19.5,26,4
3.545,0.43,1766.666667,8.2,26,4
2.67,0.66,1766.666667,10,26,4
3.2,0.57,1766.666667,9,26,4
4.065,0.36,1766.666667,12.4,26,4
4.31,0.5,1766.666667,22.5,26,4
3.67,0.36,1766.666667,9.7,26,4
5.695,0.77,1766.666667,19.2,26,4
5.37,0.66,1766.666667,16.3,26,4
2.745,0.6,1766.666667,3.6,26,4
2.745,0.37,1766.666667,13.4,26,4
5.02,0.58,1511.111111,28.1,32,4
3.49,0.4,1511.111111,15.3,32,4
2.145,0.65,1511.111111,6.3,32,4
2.2,0.31,1511.111111,16,32,4
2.48,0.33,1511.111111,20.4,32,4
3.015,0.42,1511.111111,19.5,32,4
2.39,0.62,1511.111111,8.7,32,4
2.07,0.61,1511.111111,6.1,32,4
3.11,0.69,1511.111111,6.4,32,4
2.885,0.42,1511.111111,4.8,32,4
4.04,0.36,1511.111111,19.1,32,4
4.215,0.5,1511.111111,19.2,32,4
2.19,0.78,1511.111111,6.7,32,4
2.805,0.61,1511.111111,14.6,32,4
3.5,0.55,1511.111111,14.2,32,4
3.845,0.23,1511.111111,15.4,32,4
2.545,0.33,1511.111111,13.1,32,4
3.015,0.6,1511.111111,15.6,32,4
3.48,0.38,1511.111111,18.5,32,4
2.265,0.37,1511.111111,9.5,32,4
3.55,0.38,1511.111111,18.3,32,4
2.265,0.35,1766.666667,11.9,33,4
2.24,0.49,1766.666667,13.2,33,4
2.485,0.43,1766.666667,14.7,33,4
0.9,0.25,1766.666667,5.9,33,4
1.45,0.36,1766.666667,9,33,4
1.31,0.41,1766.666667,14.7,33,4
3.085,0.64,1766.666667,15.1,33,4
3.615,0.52,1766.666667,17.3,33,4
4.35,0.36,1766.666667,18.7,33,4
2.23,0.25,1766.666667,10.6,33,4
3.165,0.43,1766.666667,12.6,33,4
2.84,0.4,1766.666667,11.3,33,4
1.77,0.45,1766.666667,7,33,4
2.66,0.51,1766.666667,9,33,4
3.49,0.4,1766.666667,18.8,33,4
3.21,0.45,1766.666667,13.3,33,4
3.245,0.4,1766.666667,16.8,33,4
2.085,0.38,1766.666667,6.5,33,4
2.675,0.37,1766.666667,11.4,33,4
3.215,0.53,1766.666667,14.2,33,4
2.295,0.04,1766.666667,14.8,33,4
1.51,0.14,1766.666667,9.5,33,4
2.795,0.25,1766.666667,12.7,33,4
2.475,0.3,1766.666667,10.5,33,4
4.135,0.61,1766.666667,19.9,33,4
1.715,0.39,1766.666667,7.1,33,4
1.925,0.31,1766.666667,10.2,33,4
2.365,0.4,1766.666667,10.9,33,4
3.07,0.56,1766.666667,14.1,33,4
2.855,0.44,1766.666667,15.9,33,4
2.785,0.54,1766.666667,13.2,33,4
3.295,0.49,1766.666667,14.6,33,4
1.785,0.68,1766.666667,6,33,4
2.725,0.54,1766.666667,15.3,33,4
2.305,0.29,1766.666667,7.6,33,4
2.425,0.31,1766.666667,6.9,33,4
3.4,0.44,1766.666667,11,33,4
2.875,0.26,1766.666667,8.6,33,4
3.795,0.62,1766.666667,15.6,33,4
1.3,0.19,1766.666667,7.2,33,4
2.32,0.32,1766.666667,13.7,33,4
3.69,0.6,1766.666667,19.4,33,4
4.5695,0.65,1766.666667,17.5,33,4
3.15,0.53,1766.666667,9.8,33,4
3.37,0.63,1766.666667,9.5,33,4
3.935,0.57,1766.666667,13.3,33,4
3.615,0.61,1766.666667,12,33,4
3.565,0.66,1766.666667,12.2,33,4
3.475,0.22,1766.666667,6.2,33,4
2.86,0.64,1766.666667,12.4,33,4
2.92,0.44,1766.666667,11.6,33,4
3.495,0.58,1766.666667,15.3,33,4
3.695,0.33,1766.666667,15.2,33,4
3.305,0.31,1766.666667,10.5,33,4
2.7,0.39,1766.666667,11.4,33,4
3.22,0.34,1766.666667,18.6,33,4
2.675,0.4,1766.666667,10.8,33,4
1.62,0.21,1766.666667,9.5,33,4
2.9,0.41,1766.666667,15.9,33,4
3.125,0.64,1766.666667,16.2,33,4
1.1,0.48,1766.666667,8.7,33,4
2.195,0.66,1766.666667,13.7,33,4
3.595,0.53,1766.666667,21,33,4
3.32,0.6,1766.666667,15.4,33,4
3.17,0.36,1766.666667,15.8,33,4
3.06,0.31,1766.666667,16.4,33,4
2.255,0.25,1766.666667,10.7,33,4
1.935,0.06,1766.666667,7.5,33,4
2.755,0.35,1766.666667,13.2,33,4
2.035,0.29,1766.666667,8.9,33,4
2.18,0.17,1766.666667,8.8,33,4
1.635,0.26,1766.666667,7.8,33,4
4.65,0.57,1766.666667,22.3,33,4
2.015,0.55,1766.666667,6.9,33,4
2.02,0.41,1766.666667,8.6,33,4
3.08,0.46,1766.666667,13.3,33,4
2.905,0.57,1766.666667,10.3,33,4
3.16,0.56,1766.666667,14.3,33,4
3.71,0.45,1766.666667,16,33,4
2.815,0.35,1766.666667,12.6,33,4
3.215,0.54,1766.666667,17.3,33,4
1.23,0.58,1766.666667,5.2,33,4
2.63,0.29,1766.666667,14.1,33,4
2.97,0.45,1766.666667,14.1,33,4
2.795,0.45,1766.666667,14.1,33,4
2.425,0.42,1766.666667,12.6,33,4
2.35,0.32,1766.666667,7.8,33,4
2.24,0.47,1766.666667,15.6,33,4
2.445,0.21,1766.666667,12.5,33,4
2.74,0.57,1766.666667,12.9,33,4
2.46,0.44,1766.666667,9.7,33,4
2.055,0.27,1766.666667,7.6,33,4
1.56,0.28,1766.666667,6.7,33,4
2.99,0.31,1766.666667,13.9,33,4
3.045,0.28,1766.666667,12.3,33,4
2.71,0.41,1766.666667,8.5,33,4
2.45,0.35,1766.666667,10.6,33,4
4.055,0.51,1766.666667,17.7,33,4
2.205,0.27,1766.666667,6.6,33,4
3.305,0.37,1766.666667,10.8,33,4
3.41,0.43,1766.666667,16.6,33,4
2.28,0.3,1766.666667,8.5,33,4
3.655,0.49,1766.666667,16.5,33,4
3.535,0.22,1766.666667,15.9,33,4
3.615,0.3,1766.666667,15.4,33,4
2.755,0.47,1766.666667,10.9,33,4
2.82,0.53,1766.666667,15.2,33,4
2.945,0.42,1766.666667,9.9,33,4
1.835,0.45,1766.666667,7,33,4
2.72,0.45,1766.666667,13.2,33,4
2.315,0.37,1766.666667,6,33,4
3.75,0.58,1766.666667,15.6,33,4
2.545,0.28,1766.666667,4.8,33,4
1.99,0.25,1766.666667,8.3,33,4
2.945,0.46,1766.666667,17.3,33,4
2.595,0.34,1766.666667,16,33,4
2.485,0.43,1766.666667,9.4,33,4
1.125,0.69,1766.666667,3.7,33,4
1.25,0.64,1766.666667,3.8,33,4
2.78,0.47,1766.666667,13.3,33,4
2.345,0.49,1766.666667,6.4,33,4
3.09,0.34,1766.666667,13.8,33,4
3.345,0.45,1766.666667,19.6,33,4
2.645,0.34,1766.666667,12.8,33,4
2.26,0.49,1766.666667,6,33,4
3,0.83,1733.333333,4.8,35,4
4.725,0.72,1733.333333,12.7,35,4
4.57,0.82,1733.333333,19,35,4
2.995,0.82,1733.333333,6.5,35,4
2.8,0.83,1733.333333,9,35,4
2.89,0.72,1733.333333,5.1,35,4
3.07,0.82,1733.333333,5.8,35,4
2.955,0.73,1733.333333,7.1,35,4
2.61,0.66,1733.333333,6,35,4
2.53,0.93,1733.333333,3.5,35,4
4.11,0.57,1088.888889,15,36,4
5.245,0.16,1088.888889,16.6,36,4
4.78,0.9,1644.444444,18.6,37,5
2.155,0.77,1644.444444,4.4,37,5
2.155,0.77,1644.444444,4.4,37,5
3.175,0.9,1644.444444,11.4,37,5
3.33,0.67,1644.444444,7.2,37,5
1.925,0.85,1644.444444,3.7,37,5
1.625,0.53,1644.444444,5.6,37,5
1.925,0.71,1644.444444,6.3,37,5
2.425,0.8,1644.444444,4,37,5
2.375,0.78,1644.444444,4.5,37,5
2.25,0.74,1644.444444,5.6,37,5
1.98,0.73,1644.444444,3.6,37,5
2.175,0.87,1644.444444,2.8,37,5
2.295,0.91,1644.444444,4.4,37,5
2.545,0.89,511.1111111,5.3,40,5
2.105,0.95,1522.222222,3.3,41,5
2.24,0.87,1522.222222,2.9,41,5
3.585,0.81,1522.222222,10.8,41,5
4.455,0.78,1522.222222,15.4,41,5
4.825,0.91,1522.222222,13.7,41,5
4.61,0.98,1522.222222,12.5,41,5
3.185,0.8,1522.222222,11.6,41,5
1.945,0.87,1522.222222,5.6,41,5
2.95,0.83,1522.222222,13.6,41,5
2.7,0.76,1522.222222,11.6,41,5
2.03,0.79,1522.222222,2.6,41,5
2.715,0.85,1522.222222,5.2,41,5
3.05,0.89,1522.222222,7.6,41,5
3.515,0.8,1522.222222,7.2,41,5
2.32,0.89,1522.222222,3.2,41,5
2.33,0.7,1522.222222,3.2,41,5
2.385,0.88,1522.222222,2.5,41,5
3.61,0.85,522.2222222,24.8,43,5
3.785,0.81,522.2222222,23,43,5
1.86,0.77,1977.777778,3.2,44,5
3.615,0.65,1977.777778,11.4,44,5
2.61,0.4,1977.777778,9.6,44,5
3.75,0.88,1977.777778,8.9,44,5
3,0.71,1022.222222,12.8,48,5
3.55,0.71,1022.222222,19.8,48,5
3.45,0.51,1022.222222,17.9,48,5
3.5,0.56,1022.222222,16.1,48,5
2.8,0.65,1022.222222,13.3,48,5
3.65,0.74,1022.222222,14.8,48,5
2.35,0.44,1022.222222,6.3,48,5
3.45,0.59,1022.222222,18.6,48,5
2.85,0.53,1022.222222,17.6,48,5
2.95,0.69,1022.222222,12,48,5
2.65,0.53,1022.222222,11.5,48,5
2.45,0.6,1022.222222,11,48,5
3.9,0.71,1022.222222,18.2,48,5
3.55,0.66,1022.222222,17.5,48,5
2.8,0.68,1022.222222,14.1,48,5
2.35,0.22,1022.222222,3.8,48,5
2.8,0.57,1022.222222,8.1,48,5
2.6,0.38,1022.222222,6.8,48,5
4.5,0.59,1022.222222,23.8,48,5
3.65,0.56,1022.222222,16.2,48,5
2.55,0.55,1022.222222,6.5,48,5
3.35,0.69,1022.222222,12.4,48,5
2.95,0.45,1022.222222,8.6,48,5
2.55,0.17,1022.222222,4.2,48,5
4,0.61,1022.222222,13.7,48,5
3.15,0.83,1022.222222,9.8,48,5
4.3,0.76,1022.222222,25.3,48,5
2.7,0.66,1022.222222,6.1,48,5
3.7,0.7,1022.222222,22,48,5
3.1,0.51,1022.222222,8.4,48,5
5.8,0.77,1022.222222,32.1,48,5
2.895,0.46,1022.222222,11.9,48,5
4.015,0.53,1022.222222,24.7,48,5
3.5,0.65,1022.222222,14.9,48,5
2.795,0.67,1022.222222,10.5,48,5
3.075,0.67,1022.222222,14.2,48,5
3.12,0.49,1022.222222,8.1,48,5
4.705,0.7,1022.222222,22.7,48,5
3.56,0.68,1022.222222,16.5,48,5
3.105,0.57,1022.222222,10.5,48,5
4.47,0.59,1022.222222,14.4,48,5
4.395,0.33,1022.222222,13.1,48,5
3.875,0.62,1022.222222,16.9,48,5
4.465,0.65,1022.222222,23.6,48,5
4.905,0.6,1022.222222,25.1,48,5
5.355,0.56,1022.222222,26.8,48,5
4.1,0.65,1022.222222,23.5,48,5
4.885,0.56,1022.222222,22.5,48,5
3.205,0.66,1022.222222,13.4,48,5
2.39,0.51,1022.222222,9.6,48,5
3.78,0.56,1022.222222,21.7,48,5
3.24,0.48,1022.222222,6,48,5
5.46,0.61,1022.222222,28.5,48,5
2.99,0.76,1022.222222,9.8,48,5
3.89,0.54,1022.222222,18.5,48,5
1.71,0.58,1022.222222,3.5,48,5
1.835,0.56,1022.222222,4.6,48,5
5.34,0.62,1022.222222,26.3,48,5
5.02,0.59,1022.222222,25.6,48,5
5.475,0.75,1022.222222,33.1,48,5
4.88,0.57,1022.222222,31.2,48,5
4.085,0.5,1022.222222,18.4,48,5
3.515,0.64,1022.222222,7.3,48,5
3.31,0.55,1022.222222,16.7,48,5
3.41,0.52,1022.222222,9,48,5
4.865,0.6,1022.222222,29.8,48,5
3.425,0.53,1022.222222,14.4,48,5
2.76,0.44,1022.222222,6.1,48,5
3.875,0.69,1022.222222,23.1,48,5
3.08,0.49,1022.222222,6.8,48,5
3.505,0.53,1022.222222,28.6,48,5
3.245,0.59,1022.222222,12.3,48,5
3.565,0.69,1022.222222,16,48,5
3.45,0.63,1022.222222,18.9,48,5
4.185,0.68,1022.222222,24.5,48,5
3.7,0.71,588.8888889,14.4,49,5
3.15,0.56,588.8888889,9.4,49,5
6.65,0.78,588.8888889,25,49,5
6.35,0.68,588.8888889,18.6,49,5
7.5,0.72,588.8888889,18.6,49,5
5.2,0.84,588.8888889,13.2,49,5
5.5,0.61,588.8888889,21.4,49,5
6.25,0.7,588.8888889,17.5,49,5
1.8,0.79,588.8888889,5.2,49,5
5.3,0.8,588.8888889,14.8,49,5
5.7,0.78,588.8888889,20.1,49,5
3.2,0.66,588.8888889,8,49,5
2.65,0.52,588.8888889,3.5,49,5
6.2,0.77,588.8888889,18.4,49,5
5.35,0.6,588.8888889,13.5,49,5
4.45,0.81,588.8888889,17.1,49,5
6.8,0.75,588.8888889,24.7,49,5
5,0.62,588.8888889,23.6,49,5
3.35,0.6,588.8888889,15,49,5
2.65,0.52,588.8888889,10.5,49,5
4.85,0.79,588.8888889,15.5,49,5
3.25,0.67,588.8888889,10.2,49,5
4.5,0.7,588.8888889,12.9,49,5
4,0.67,588.8888889,14.1,49,5
3,0.77,588.8888889,14.9,49,5
5.45,0.71,588.8888889,14.2,49,5
5.65,0.79,588.8888889,15.2,49,5
5.4,0.79,588.8888889,20.2,49,5
4.05,0.61,588.8888889,9.6,49,5
7,0.82,588.8888889,16.3,49,5
4.45,0.71,588.8888889,9.1,49,5
4.65,0.81,588.8888889,14.6,49,5
5.35,0.74,588.8888889,15.1,49,5
4.85,0.67,588.8888889,17.8,49,5
4.85,0.81,588.8888889,15.2,49,5
6.55,0.68,588.8888889,14.4,49,5
5.55,0.84,588.8888889,31.5,49,5
5.25,0.74,588.8888889,19.7,49,5
4.85,0.55,588.8888889,16,49,5
3.25,0.51,588.8888889,9.5,49,5
3.2,0.63,588.8888889,7.4,49,5
4.1,0.64,588.8888889,7.2,49,5
2.4,0.6,588.8888889,5.3,49,5
5.2,0.81,588.8888889,15.7,49,5
3.8,0.69,588.8888889,9.1,49,5
7.2,0.75,588.8888889,18.5,49,5
6.15,0.84,588.8888889,22.1,49,5
3.95,0.71,588.8888889,10.1,49,5
5.4,0.7,588.8888889,18.2,49,5
6.55,0.81,588.8888889,20.3,49,5
3.55,0.52,588.8888889,14.7,49,5
6.35,0.73,588.8888889,15.6,49,5
3.15,0.66,1511.111111,8.1,50,5
2.45,0.51,1511.111111,6.5,50,5
5.5,0.79,1511.111111,19,50,5
2.15,0.63,1511.111111,5.1,50,5
4.35,0.71,1511.111111,13.6,50,5
1.15,0.64,1511.111111,2.6,50,5
3.15,0.75,1511.111111,5.8,50,5
4.85,0.79,1511.111111,16.5,50,5
2.05,0.59,1511.111111,4.6,50,5
4.6,0.45,1511.111111,16.5,50,5
2.25,0.51,1511.111111,5,50,5
2.9,0.43,1511.111111,5.4,50,5
5.35,0.59,1511.111111,20.6,50,5
3.25,0.55,1511.111111,10.6,50,5
4.35,0.55,1511.111111,11.7,50,5
3.4,0.37,1511.111111,12.3,50,5
4.25,0.85,1511.111111,26.7,50,5
3.95,0.56,1511.111111,7.9,50,5
4.35,0.71,1511.111111,16.8,50,5
3.9,0.67,1511.111111,14.6,50,5
4.15,0.73,1511.111111,18.9,50,5
3.1,0.55,1511.111111,8.1,50,5
1.75,0.31,1511.111111,3.4,50,5
1.3,0.27,1511.111111,3,50,5
4.55,0.75,1511.111111,16.7,50,5
3.45,0.7,1511.111111,8.3,50,5
7.3,0.79,1511.111111,28.2,50,5
5.35,0.88,1511.111111,19.4,50,5
4.25,0.84,1511.111111,18.3,50,5
5.45,0.85,1511.111111,19.6,50,5
3.39,0.73,1511.111111,11.8,50,5
3.35,0.81,1511.111111,13.2,50,5
2.65,0.54,1511.111111,9,50,5
7.45,0.78,1511.111111,24.4,50,5
4.8,0.72,1511.111111,17.1,50,5
6.75,0.82,1511.111111,31.3,50,5
4.45,0.57,1511.111111,12.9,50,5
5.55,0.81,1511.111111,16.3,50,5
5.65,0.7,1511.111111,16,50,5
5.65,0.63,1511.111111,16.7,50,5
5.7,0.68,1511.111111,14.7,50,5
4.75,0.52,1511.111111,17.2,50,5
2.1,0.59,1511.111111,5.8,50,5
2.8,0.56,1511.111111,7,50,5
2.95,0.45,1511.111111,8.5,50,5
1.6,0.51,1511.111111,4.1,50,5
4.6,0.71,1511.111111,15.9,50,5
2.5,0.57,1511.111111,6.5,50,5
2.8,0.61,1511.111111,13.1,50,5
4.85,0.73,1511.111111,21.7,50,5
3.4,0.48,1511.111111,8.9,50,5
2.8,0.41,1511.111111,4,50,5
3.25,0.69,1511.111111,8.2,50,5
3.75,0.73,1511.111111,8.9,50,5
4.35,0.64,1511.111111,23.6,50,5
5,0.7,1511.111111,17.4,50,5
6.25,0.55,1511.111111,12.6,50,5
6.75,0.56,1511.111111,14.2,50,5
5.1,0.64,1511.111111,13.7,50,5
4.35,0.61,1511.111111,11.2,50,5
1.5,0.46,1511.111111,3.5,50,5
2.05,0.37,1511.111111,6.6,50,5
2.2,0.39,1511.111111,6.8,50,5
5.95,0.85,1511.111111,22.6,50,5
4.25,0.77,1511.111111,11.6,50,5
4.5,0.67,1511.111111,13.6,50,5
1.45,0.51,1511.111111,6.4,50,5
6.35,0.7,1511.111111,19.3,50,5
4.8,0.62,1511.111111,10.4,50,5
3.5,0.27,2155.555556,14.2,49,5
2.6,0.22,2155.555556,13.5,49,5
2.8,0.19,2155.555556,11.6,49,5
2.7,0.41,2155.555556,14.7,49,5
5.45,0.47,2155.555556,9.5,49,5
3.9,0.2,2155.555556,11.3,49,5
4.75,0.27,2155.555556,11.8,49,5
3.1,0.2,2155.555556,9.2,49,5
2.55,0.16,2155.555556,8.6,49,5
2.7,0.15,2155.555556,12.2,49,5
2.05,0.16,2155.555556,8.4,49,5
3.2,0.22,2155.555556,7.5,49,5
2.25,0.16,2155.555556,7.6,49,5
1.9,0.19,2155.555556,7.4,49,5
1.2,0.33,2155.555556,7,49,5
3,0.24,2155.555556,14.4,49,5
1.65,0.19,2155.555556,7.6,49,5
3.1,0.16,2155.555556,5.9,49,5
2.75,0.28,2155.555556,5.4,49,5
3.3,0.23,2155.555556,9.6,49,5
3.15,0.32,2155.555556,8.9,49,5
3.5,0.28,2155.555556,12.1,49,6
3.75,0.37,2155.555556,11.2,49,6
3.7,0.22,2155.555556,10.2,49,6
3.05,0.28,2155.555556,10.9,49,6
2.6,0.11,2155.555556,10.6,49,6
3,0.29,2155.555556,11.6,49,6
3.7,0.14,2155.555556,12.2,49,6
3.2,0.32,2155.555556,13.5,49,6
4.1,0.39,2155.555556,12.4,49,6
3.9,0.29,2155.555556,11.2,49,6
2.4,0.11,2155.555556,8.6,49,6
2,0.27,2155.555556,10,49,6
1.9,0.17,2155.555556,5.3,49,6
1.165,0.23,2155.555556,5.2,49,6
1.91,0.19,2155.555556,4.4,49,6
2.745,0.19,2155.555556,7.2,49,6
2.265,0.18,2155.555556,7,49,6
2.34,0.4,2155.555556,8.6,49,6
1.69,0.33,2155.555556,9.1,49,6
0.845,0.34,2155.555556,6.5,49,6
2.965,0.27,2155.555556,11.5,49,6
3.085,0.34,2155.555556,13.5,49,6
2.65,0.34,2155.555556,5.7,49,6
3.09,0.29,2155.555556,6.8,49,6
2.78,0.31,2155.555556,11.3,49,6
2.445,0.28,2155.555556,10.2,49,6
1.92,0.33,2155.555556,7.4,49,6
2.635,0.15,2155.555556,9.4,49,6
3.74,0.45,2155.555556,14.2,49,6
3.615,0.33,2155.555556,13.9,49,6
3.065,0.41,2155.555556,14.6,49,6
3.35,0.4,2155.555556,9.3,49,6
4.13,0.54,2155.555556,10.2,49,6
1.715,0.6,2155.555556,5.4,49,6
1.935,0.28,2155.555556,5.6,49,6
2.72,0.41,2155.555556,8.6,49,6
2.66,0.34,2155.555556,8.9,49,6
2.92,0.39,2155.555556,7.6,49,6
1.27,0.52,2155.555556,8.2,49,6
2.475,0.24,2155.555556,3.9,49,6
4.095,0.16,2155.555556,7.2,49,6
3.545,0.49,2155.555556,12.6,49,6
5.33,0.15,2155.555556,10.2,49,6
3.825,0.46,2155.555556,5.2,49,6
4.615,0.41,2155.555556,8.7,49,6
2.96,0.43,2155.555556,8.9,49,6
1.53,0.11,2155.555556,5.4,49,6
3.36,0.5,2155.555556,11.5,49,6
4.91,0.42,2155.555556,13.2,49,6
4.915,0.45,2155.555556,10.9,49,6
5.19,0.28,2155.555556,12.1,49,6
3.865,0.22,2155.555556,8.9,49,6
2.15,0.25,2155.555556,8.1,49,6
3.085,0.2,2155.555556,9.6,49,6
2.33,0.17,2155.555556,10.2,49,6
1.85,0.28,2155.555556,10.4,49,6
4.735,0.28,2155.555556,11.2,49,6
5.09,0.18,2155.555556,13.1,49,6
3.46,0.27,2155.555556,12,49,6
3.335,0.41,2155.555556,13.3,49,6
2.805,0.31,2155.555556,9.4,49,6
3.365,0.23,2155.555556,11.6,49,6
3.525,0.53,977.7777778,17.7,50,6
3.045,0.43,977.7777778,15,50,6
1.575,0.36,977.7777778,7,50,6
3.16,0.49,977.7777778,22,50,6
3.18,0.35,977.7777778,23.4,50,6
3.15,0.77,977.7777778,14.8,50,6
2.915,0.61,977.7777778,14.3,50,6
2.435,0.54,977.7777778,6.4,50,6
4.24,0.5,977.7777778,26.6,50,6
4.765,0.85,977.7777778,31.7,50,6
2.6,0.47,977.7777778,6.5,50,6
3.315,0.69,977.7777778,11.7,50,6
3.18,0.67,977.7777778,12.6,50,6
2.41,0.69,977.7777778,9.9,50,6
3.355,0.46,977.7777778,22.9,50,6
3.65,0.63,722.2222222,18.3,51,6
2.75,0.28,722.2222222,11.5,51,6
3.75,0.47,722.2222222,16.8,51,6
4.05,0.34,722.2222222,16.6,51,6
5.85,0.65,722.2222222,18.8,51,6
2.6,0.46,722.2222222,5.6,51,6
4.6,0.63,722.2222222,14.6,51,6
3.1,0.55,722.2222222,10.7,51,6
5.4,0.38,722.2222222,15.4,51,6
4.8,0.84,722.2222222,11.2,51,6
7.7,0.68,722.2222222,25.1,51,6
3.25,0.63,722.2222222,10.8,51,6
3.75,0.83,722.2222222,13.3,51,6
6.3,0.61,722.2222222,23.2,51,6
2.65,0.64,722.2222222,11.2,51,6
1.55,0.75,722.2222222,7.4,51,6
6.65,0.61,722.2222222,22,51,6
7.4,0.52,722.2222222,22.5,51,6
7.75,0.66,722.2222222,16.8,51,6
4.45,0.79,722.2222222,13.3,51,6
6.4,0.61,722.2222222,23.3,51,6
6.8,0.61,722.2222222,20.8,51,6
6.5,0.71,722.2222222,18.5,51,6
5.85,0.68,722.2222222,19.4,51,6
5.6,0.8,722.2222222,17.5,51,6
6.4,0.7,722.2222222,23.1,51,6
7.05,0.64,722.2222222,19.3,51,6
6.6,0.71,722.2222222,20,51,6
4.3,0.75,722.2222222,23,51,6
5.7,0.74,722.2222222,20.1,51,6
2.25,0.43,722.2222222,8.3,51,6
7.05,0.8,722.2222222,24.5,51,6
7.3,0.76,722.2222222,23.3,51,6
4.45,0.69,722.2222222,7.4,51,6
4.85,0.73,722.2222222,14.2,51,6
3.15,0.65,722.2222222,7.9,51,6
5.25,0.76,722.2222222,21.7,51,6
6.55,0.84,722.2222222,18.2,51,6
4.9,0.84,722.2222222,8.9,51,6
5.45,0.46,722.2222222,12.7,51,6
3.745,0.72,1033.333333,13.1,52,6
2.65,0.55,744.4444444,15.1,53,6
7.1,0.49,744.4444444,26.6,53,6
6.65,0.5,744.4444444,27.8,53,6
7.5,0.68,744.4444444,19.2,53,6
7.35,0.56,744.4444444,17.3,53,6
6.15,0.38,744.4444444,15.1,53,6
6.25,0.42,744.4444444,17,53,6
5.7,0.9,744.4444444,17.5,53,6
7,0.48,744.4444444,18.6,53,6
7.2,0.55,744.4444444,25.3,53,6
7.8,0.63,744.4444444,27.7,53,6
6.45,0.72,744.4444444,21.1,53,6
5,0.42,744.4444444,11.6,53,6
4.95,0.3,744.4444444,9.5,53,6
7.1,0.69,744.4444444,22.7,53,6
6.7,0.42,744.4444444,18.2,53,6
3.65,0.61,744.4444444,9.4,53,6
5.65,0.37,744.4444444,11.5,53,6
3.35,0.76,744.4444444,8.4,53,6
4.5,0.67,744.4444444,13.9,53,6
6.6,0.52,744.4444444,15.3,53,6
7.05,0.52,744.4444444,22.2,53,6
5.25,0.74,744.4444444,26.6,53,6
3.7,0.69,744.4444444,14.5,53,6
1.15,0.52,744.4444444,3.8,53,6
4.3,0.71,744.4444444,23.1,53,6
6.4,0.51,744.4444444,10.7,53,6
2.6,0.65,744.4444444,4.8,53,6
4.5,0.78,744.4444444,11.6,53,6
4.05,0.48,744.4444444,10.7,53,6
4.85,0.45,744.4444444,8.6,53,6
5.15,0.49,744.4444444,12.2,53,6
6.95,0.65,744.4444444,18.8,53,6
6.35,0.49,744.4444444,22.2,53,6
7.05,0.65,744.4444444,26.2,53,6
3,0.28,744.4444444,6.6,53,6
7.85,0.55,744.4444444,24.2,53,6
3.1,0.41,944.4444444,12.3,54,6
5.715,0.38,944.4444444,23.6,54,6
3.69,0.32,944.4444444,16.9,54,6
5.21,0.59,944.4444444,21.8,54,6
3.645,0.41,944.4444444,17.2,54,6
3.99,0.76,944.4444444,18.9,54,6
3.9,0.37,944.4444444,24.6,54,6
2.005,0.53,944.4444444,6.2,54,6
3.2,0.44,944.4444444,17.3,54,6
3.785,0.39,944.4444444,18,54,6
3,0.39,944.4444444,19.7,54,6
1.845,0.39,944.4444444,3.8,54,6
4.325,0.49,944.4444444,21.3,54,6
7.845,0.41,944.4444444,21,54,6
4.815,0.4,944.4444444,24.2,54,6
1.695,0.77,944.4444444,4.3,54,6
1.8,0.52,944.4444444,2.4,54,6
2.51,0.52,944.4444444,5.5,54,6
3.46,0.48,944.4444444,6,54,6
4.05,0.71,944.4444444,12.8,54,6
3.51,0.76,944.4444444,14.7,54,6
1.89,0.24,944.4444444,4.8,54,6
3.155,0.41,944.4444444,16.3,54,6
4.92,0.66,944.4444444,27.4,54,6
3.935,0.79,944.4444444,9.4,54,6
2.185,0.54,1011.111111,6.3,55,6
3.21,0.73,1011.111111,17,55,6
2.42,0.62,1011.111111,8.4,55,6
2.375,0.61,1011.111111,9.8,55,6
2.4,0.65,1011.111111,16.5,55,6
3.04,0.41,1011.111111,17.3,55,6
2.73,0.56,1011.111111,9.6,55,6
3.45,0.72,1011.111111,18.3,55,6
2.835,0.47,1011.111111,9.9,55,6
3.475,0.52,1011.111111,16.6,55,6
2.56,0.48,1011.111111,17.8,55,6
3.96,0.63,1011.111111,17.5,55,6
3.44,0.5,1011.111111,7.2,55,6
5.315,0.8,555.5555556,25.4,56,6
4.245,0.8,555.5555556,13.9,56,6
6.07,0.78,555.5555556,27.6,56,6
4.765,0.57,555.5555556,18.9,56,6
3.4,0.54,555.5555556,19.7,56,6
3.22,0.72,555.5555556,15.4,56,6
5.625,0.82,555.5555556,25,56,6
5.58,0.75,555.5555556,25.3,56,6
5.28,0.72,555.5555556,22,56,6
4.7,0.49,555.5555556,14.7,56,6
5.745,0.71,555.5555556,28.2,56,6
4.43,0.88,555.5555556,32.2,56,6
6.31,0.82,555.5555556,33.1,56,6
4.635,0.71,555.5555556,22.3,56,6
5.7,0.84,555.5555556,24,56,6
3.68,0.71,555.5555556,26.8,56,6
4.815,0.81,555.5555556,21.3,56,6
4.21,0.61,555.5555556,26.7,56,6
3.63,0.71,555.5555556,10.7,56,6
4.33,0.49,555.5555556,25.7,56,6
4.195,0.66,555.5555556,24.2,56,6
4.085,0.74,555.5555556,27.5,56,6
4.24,0.8,555.5555556,11.6,56,6
4.15,0.8,555.5555556,15.8,56,6
3.14,0.74,555.5555556,7.2,56,6
3.48,0.67,555.5555556,20.1,56,6
3.935,0.7,555.5555556,19.8,56,6
3.38,0.56,555.5555556,16.2,56,6
5.6,0.84,555.5555556,27,56,6
4.15,0.69,555.5555556,17.1,56,6
3.195,0.1,555.5555556,10.6,56,6
4.725,0.42,555.5555556,26.9,56,6
4.9,0.57,555.5555556,34.3,56,6
5.24,0.61,555.5555556,19.6,56,6
5.25,0.72,555.5555556,30.3,56,6
4.655,0.78,555.5555556,37.1,56,6
2.05,0.3,1411.111111,10.5,45,6
3.75,0.41,1411.111111,13.6,45,6
3.85,0.35,1411.111111,11.2,45,6
3.3,0.35,1411.111111,13.7,45,6
4.8,0.36,1411.111111,16,45,6
4.4,0.62,1411.111111,16.1,45,6
4.55,0.67,1411.111111,21.5,45,6
2.45,0.31,1411.111111,10.3,45,6
1.65,0.85,1411.111111,8.9,45,6
2.4,0.68,1411.111111,5,45,6
4.65,0.81,1411.111111,16.7,45,6
3.45,0.56,1411.111111,15.5,45,6
3.15,0.54,1411.111111,15.6,45,6
3.8,0.79,1411.111111,19.7,45,6
4.7,0.55,1411.111111,19.4,45,6
4.7,0.52,1411.111111,17,45,6
2,0.35,1411.111111,8.5,45,6
3.35,0.34,1411.111111,10.5,45,6
5.1,0.41,1411.111111,10.7,45,6
4.15,0.64,1411.111111,11.1,45,6
3.6,0.42,1411.111111,13.2,45,6
2.8,0.4,1411.111111,10.2,45,6
5.1,0.67,1411.111111,22.2,45,6
3.65,0.36,1411.111111,15,45,6
3.8,0.41,1411.111111,18.5,45,6
5.3,0.68,1411.111111,19.5,45,6
4.5,0.72,1411.111111,18,45,6
3.05,0.23,1411.111111,8.5,45,6
2,0.38,1411.111111,16.7,45,6
1.85,0.26,1411.111111,7,45,6
2.15,0.59,1411.111111,13,45,7
4.3,0.71,1411.111111,25.5,45,7
2.75,0.26,1411.111111,6.5,45,7
2.95,0.36,1411.111111,12,45,7
5.45,0.67,1411.111111,25.3,45,7
2.5,0.29,1411.111111,15,45,7
4.6,0.85,1411.111111,18,45,7
2.75,0.26,1411.111111,10.7,45,7
3.2,0.44,1411.111111,15.3,45,7
5.5,0.7,1411.111111,21.9,45,7
4.15,0.57,1411.111111,20.8,45,7
3.3,0.55,1411.111111,14.5,45,7
3.8,0.63,1411.111111,11.2,45,7
2.85,0.46,1411.111111,13,45,7
3.4,0.46,1411.111111,15.8,45,7
4.1,0.35,1411.111111,15.3,45,7
3.45,0.46,1411.111111,15.3,45,7
2.4,0.27,1411.111111,9,45,7
2.3,0.1,1411.111111,7.4,45,7
1.6,0.26,1411.111111,7.5,45,7
1.8,0.19,1411.111111,7,45,7
1.7,0.2,1411.111111,5.6,45,7
1.85,0.41,1411.111111,7.5,45,7
2.5,0.19,1411.111111,8.3,45,7
2.8,0.41,1411.111111,6.7,45,7
2.7,0.29,1411.111111,8,45,7
3.9,0.5,1411.111111,15.2,45,7
3,0.38,1411.111111,7.1,45,7
2.4,0.42,1411.111111,8,45,7
3.7,0.6,1411.111111,20,45,7
1.75,0.25,1411.111111,8,45,7
3.8,0.5,1411.111111,9,45,7
4.75,0.39,1411.111111,14.5,45,7
4.25,0.36,1411.111111,13.3,45,7
3.4,0.34,1411.111111,8.4,45,7
4.3,0.41,1411.111111,18.4,45,7
4.95,0.56,1411.111111,23.4,45,7
4.6,0.37,1411.111111,18.2,45,7
3.7,0.32,1411.111111,12.6,45,7
3.9,0.52,1411.111111,22.5,45,7
4.6,0.48,1411.111111,18.5,45,7
4.6,0.38,1411.111111,15.2,45,7
3.45,0.51,1411.111111,14.5,45,7
4.85,0.46,1411.111111,20.2,45,7
2.1,0.19,1411.111111,7.9,45,7
3.1,0.58,1411.111111,16.1,45,7
1.95,0.36,1411.111111,6.8,45,7
2.6,0.38,1411.111111,15.2,45,7
2.35,0.42,1411.111111,13.3,45,7
4.2,0.66,1411.111111,17.1,45,7
2.8,0.82,1411.111111,6.7,45,7
2.25,0.35,1411.111111,9.3,45,7
3.9,0.35,1411.111111,13,45,7
2.2,0.4,1411.111111,7.2,45,7
3.7,0.54,1411.111111,9.7,45,7
5.55,0.4,1411.111111,12.6,45,7
4.75,0.39,1411.111111,17,45,7
4.55,0.68,1411.111111,28.4,45,7
2.1,0.29,1411.111111,9.2,45,7
2.85,0.46,1411.111111,13.8,45,7
3.55,0.34,1411.111111,12.1,45,7
4.2,0.36,1411.111111,13.1,45,7
4.05,0.65,1411.111111,24,45,7
5.45,0.55,1411.111111,18.4,45,7
4.75,0.79,1411.111111,15.9,45,7
5,0.75,1411.111111,26.2,45,7
2.55,0.41,1411.111111,16.1,45,7
6.6,0.61,1411.111111,28.8,45,7
3.65,0.39,1411.111111,11.1,45,7
4.35,0.35,1411.111111,7.4,45,7
6.2,0.55,1411.111111,15.3,45,7
2.85,0.64,1411.111111,22.5,45,7
2.95,0.45,1411.111111,12.8,45,7
3.25,0.51,1411.111111,15.7,45,7
3.75,0.65,1411.111111,18,45,7
2.85,0.39,1411.111111,12,45,7
5.35,0.51,1411.111111,25.1,45,7
2.45,0.79,1155.555556,13.3,46,7
2.45,0.44,1155.555556,21.6,46,7
3.75,0.3,1155.555556,16.2,46,7
2.55,0.78,1155.555556,9.5,46,7
2.05,0.62,1155.555556,7.8,46,7
2.35,0.7,1155.555556,10.5,46,7
4.9,0.54,1155.555556,25.6,46,7
3.45,0.66,1155.555556,20.5,46,7
3.4,0.62,1155.555556,8,46,7
4.05,0.43,1155.555556,21.3,46,7
5.6,0.36,1155.555556,19.4,46,7
2.9,0.33,1155.555556,18.5,46,7
3.4,0.3,1155.555556,16.2,46,7
2.45,0.22,1155.555556,9.3,46,7
6,0.44,1155.555556,24.3,46,7
5.15,0.58,1155.555556,21.2,46,7
5.05,0.57,1155.555556,18.2,46,7
3.75,0.64,1155.555556,17.2,46,7
2.6,0.38,1155.555556,13.3,46,7
3.85,0.51,1155.555556,19.5,46,7
2.7,0.87,1155.555556,11.4,46,7
4.7,0.33,1155.555556,22.5,46,7
3.05,0.35,1155.555556,15.3,46,7
4.1,0.35,1155.555556,19.6,46,7
1.7,0.72,1155.555556,5.4,46,7
4,0.36,1155.555556,19,46,7
3.1,0.47,1155.555556,15.2,46,7
3.2,0.58,1155.555556,16.1,46,7
3.15,0.22,1155.555556,15.4,46,7
3.75,0.61,1155.555556,24,46,7
3.55,0.31,1155.555556,15.4,46,7
3.1,0.8,1155.555556,12.4,46,7
3.45,0.32,1155.555556,12.7,46,7
4.1,0.55,1155.555556,22.7,46,7
2.6,0.69,1155.555556,10.5,46,7
2.5,0.78,1155.555556,7.2,46,7
3.55,0.89,1155.555556,18.1,46,7
2.65,0.75,1155.555556,18.1,46,7
2.65,0.76,1155.555556,13.3,46,7
1.65,0.78,1155.555556,5.1,46,7
3.6,0.57,1155.555556,19.4,46,7
2.2,0.54,1155.555556,10,46,7
1.85,0.7,1155.555556,7,46,7
3.5,0.44,1155.555556,22.3,46,7
4,0.41,1155.555556,17,46,7
5.4,0.52,1155.555556,23.4,46,7
4.35,0.65,1155.555556,11.1,46,7
6.22,0.7,800,21.4,47,7
3.725,0.74,800,11.9,47,7
4.795,0.55,800,23.2,47,7
4.74,0.73,800,14.1,47,7
4.97,0.61,800,26,47,7
2.005,0.69,800,4.5,47,7
5.915,0.6,800,30.7,47,7
5.85,0.49,800,22.1,47,7
1.2,0.35,800,3.5,47,7
7,0.56,800,19.9,47,7
4.305,0.58,800,14.9,47,7
3.295,0.38,800,11.6,47,7
4.505,0.56,800,18.8,47,7
5.23,0.69,800,20.1,47,7
4.05,0.48,800,16.2,47,7
5.35,0.84,800,19.1,47,7
2.7,0.72,800,9.6,47,7
2.9,0.42,800,17.7,47,7
3.65,0.58,800,18.8,47,7
3.9,0.51,800,16.5,47,7
3.8,0.52,800,18.8,47,7
3.1,0.6,800,8,47,7
3.7,0.49,800,13.6,47,7
2.65,0.49,800,10.1,47,7
6.15,0.79,800,20.6,47,7
4.45,0.71,800,21.2,47,7
4.55,0.72,800,15.5,47,7
2.5,0.46,800,8.6,47,7
4.05,0.78,800,14.2,47,7
5.6,0.8,800,17.7,47,7
4.1,0.81,800,19.2,47,7
5.4,0.6,800,19.8,47,7
3.5,0.34,800,9.3,47,7
3.65,0.52,800,14.5,47,7
5.8,0.79,800,20.4,47,7
4.9,0.78,800,17.3,47,7
6.4,0.74,800,23.8,47,7
2.95,0.67,800,7.9,47,7
5.25,0.74,800,14,47,7
3.95,0.64,800,15.3,47,7
4.05,0.57,800,17.7,47,7
2.7,0.69,800,11.2,47,7
5.95,0.62,800,23.1,47,7
6.65,0.76,800,23.2,47,7
5.05,0.66,800,22.7,47,7
4.05,0.6,800,11.9,47,7
4.45,0.65,800,13.8,47,7
7.15,0.68,800,29.6,47,7
3.85,0.61,800,11.5,47,7
4.55,0.66,800,12,47,7
6.2,0.76,800,18.2,47,7
5.2,0.67,800,19.1,47,7
7.95,0.8,800,23.5,47,7
2.3,0.68,800,7.9,47,7
3.4,0.4,800,15.6,47,7
6.3,0.64,800,20.5,47,7
4.55,0.55,800,11.3,47,7
5.2,0.61,800,17.1,47,7
5.3,0.47,800,16.1,47,7
2.95,0.61,800,6.8,47,7
4.9,0.81,800,18.2,47,7
4.4,0.44,800,10.9,47,7
4.65,0.58,800,18.4,47,7
4.65,0.66,800,19.1,47,7
5.35,0.84,800,22.6,47,7
4.8,0.55,800,10.6,47,7
6.15,0.72,800,22.1,47,7
5,0.83,800,19.5,47,7
3.95,0.7,800,15.1,47,7
4.3,0.67,800,13.2,47,7
6.25,0.69,800,23.3,47,7
3.95,0.73,600,18.2,48,7
2,0.66,600,7.4,48,7
2.55,0.64,600,13.9,48,7
3.2,0.43,600,21.7,48,7
4.5,0.69,600,25.6,48,7
3.55,0.65,600,12.8,48,7
4,0.65,600,25.2,48,7
3.75,0.59,600,13.4,48,7
3.9,0.57,600,21,48,7
5.3,0.71,600,24.1,48,7
5.05,0.7,600,18.5,48,7
4.25,0.75,600,25.8,48,7
6.3,0.83,600,22,48,7
4.9,0.68,600,22.9,48,7
4.65,0.67,600,18.2,48,7
2.4,0.64,600,9,48,7
3.3,0.61,600,7.2,48,7
2.8,0.59,600,8.3,48,7
6.75,0.61,600,26.7,48,7
4.3,0.74,600,20,48,7
4.95,0.72,600,19.1,48,7
4.3,0.79,600,30.9,48,7
5.4,0.73,600,24.2,48,7
4.85,0.7,600,14.7,48,7
5.05,0.7,600,28.8,48,7
4.55,0.59,600,22.2,48,7
3.35,0.5,600,18.7,48,7
3.7,0.6,600,15,48,7
2.75,0.67,600,6.3,48,7
4.35,0.45,600,16.1,48,7
4.1,0.65,600,15.3,48,7
4.3,0.77,600,17.6,48,7
3.7,0.73,600,20.2,48,7
4.35,0.53,600,20.1,48,7
3.15,0.46,600,7.5,48,7
3.3,0.72,600,8.8,48,7
4.9,0.54,600,21.7,48,7
4.9,0.8,600,26.1,48,7
4.5,0.61,600,25.8,48,7
2.9,0.56,600,5.8,48,7
3.15,0.62,600,7.8,48,7
4.7,0.6,600,19.1,48,7
4.05,0.57,600,21.4,48,7
4.65,0.67,600,26.2,48,7
3.95,0.52,600,26.3,48,7
3.9,0.38,600,17.9,48,7
4.15,0.47,600,23.6,48,7
6.05,0.83,600,23.4,48,7
4.85,0.69,600,16.8,48,7
5.6,0.77,600,21.1,48,7
6.2,0.77,600,19.8,48,7
5.4,0.74,600,17.1,48,7
5.2,0.75,600,16.4,48,7
1.45,0.66,644.4444444,14.3,49,7
3.7,0.81,644.4444444,20.9,49,7
2.6,0.71,644.4444444,11.6,49,7
3.55,0.65,644.4444444,6.8,49,7
4.45,0.46,644.4444444,20.1,49,7
5.65,0.82,644.4444444,17.3,49,7
3.65,0.64,644.4444444,8.6,49,7
3.9,0.81,644.4444444,9.6,49,7
5.05,0.64,644.4444444,21.7,49,7
3,0.79,644.4444444,19.9,49,7
2.3,0.62,644.4444444,8.6,49,7
5.7,0.69,644.4444444,26,49,7
5.85,0.73,644.4444444,20.2,49,7
2.45,0.64,644.4444444,8.1,49,7
2.85,0.55,644.4444444,9,49,7
3.5,0.79,644.4444444,18.5,49,7
7.55,0.79,644.4444444,31.9,49,7
6.25,0.51,644.4444444,17.1,49,7
5.8,0.64,644.4444444,12.6,49,7
2.65,0.58,644.4444444,13.1,49,7
3.6,0.61,644.4444444,16.2,49,7
3.4,0.49,644.4444444,15.6,49,7
2.6,0.65,644.4444444,5.3,49,7
5.25,0.61,644.4444444,10,49,7
6.75,0.83,644.4444444,23.3,49,7
5.35,0.78,644.4444444,25.6,49,7
3.685,0.47,644.4444444,19.5,49,7
3.75,0.37,644.4444444,11.7,49,7
3.9,0.59,644.4444444,9.1,49,7
5.4,0.46,644.4444444,13.5,49,7
3.725,0.24,644.4444444,10.5,49,7
4.57,0.42,644.4444444,8.6,49,7
7.235,0.71,644.4444444,28.6,49,7
6.195,0.3,644.4444444,14.1,49,7
6.04,0.7,644.4444444,28,49,7
5.88,0.65,644.4444444,23.8,49,7
3.9,0.7,644.4444444,15,49,7
3.15,0.71,644.4444444,13.4,49,7
6.05,0.55,644.4444444,28.7,49,7
6.52,0.41,644.4444444,30.7,49,7
3.73,0.5,644.4444444,11.8,49,7
2.915,0.71,644.4444444,9.3,49,7
5.4,0.37,644.4444444,16.6,49,7
5,0.75,644.4444444,8.1,49,7
3.375,0.68,644.4444444,11.2,49,7
5.63,0.75,644.4444444,25.5,49,7
6.4,0.7,644.4444444,19.1,49,7
5.245,0.68,644.4444444,27.8,49,7
4.85,0.79,644.4444444,18.5,49,7
4.95,0.79,644.4444444,20.3,49,7
2.15,0.67,644.4444444,5.7,49,7
4.95,0.78,644.4444444,14.8,49,7
5.9,0.76,644.4444444,22.3,49,7
7.2,0.92,644.4444444,27.1,49,7
3.5,0.57,644.4444444,6.4,49,7
4.95,0.5,744.4444444,18,50,7
3.95,0.56,744.4444444,18.1,50,7
3.35,0.46,744.4444444,12.2,50,7
2.5,0.64,744.4444444,19.4,50,7
2.95,0.59,911.1111111,6.4,51,7
2.25,0.44,911.1111111,4.3,51,7
2.5,0.47,911.1111111,6.2,51,7
5.25,0.68,911.1111111,17.3,51,7
6.55,0.65,911.1111111,20.4,51,7
4.1,0.71,911.1111111,21.8,51,7
4.65,0.57,911.1111111,7.2,51,7
3.15,0.6,911.1111111,7.5,51,7
2.55,0.63,911.1111111,10,51,7
6.7,0.77,911.1111111,21.9,51,7
2.9,0.77,911.1111111,7,51,7
3,0.57,911.1111111,8.5,51,7
4.15,0.66,911.1111111,15.6,51,7
3.3,0.67,911.1111111,20.8,51,7
5.15,0.61,911.1111111,6.4,51,7
1,0.54,911.1111111,3.4,51,7
1.5,0.28,911.1111111,4.3,51,7
4.1,0.73,911.1111111,23.6,51,7
7.4,0.72,911.1111111,16.3,51,7
3.95,0.72,911.1111111,11,51,7
6,0.64,911.1111111,12.5,51,7
5.2,0.6,911.1111111,6.7,51,7
3.5,0.76,911.1111111,20.1,51,7
3.4,0.71,911.1111111,16.1,51,7
5.5,0.84,911.1111111,16.1,51,7
7.1,0.76,911.1111111,25.7,51,7
5.7,0.68,911.1111111,13.2,51,7
4.95,0.82,911.1111111,18.6,51,7
5.85,0.74,911.1111111,22.1,51,7
4.9,0.86,911.1111111,15.7,51,7
7.3,0.82,911.1111111,25.8,51,7
5.4,0.62,911.1111111,14.5,51,7
4.7,0.79,911.1111111,13.7,51,7
5.7,0.66,911.1111111,13.3,51,7
7.55,0.79,911.1111111,30.3,51,7
3.45,0.64,911.1111111,9.7,51,7
3.6,0.58,911.1111111,9.8,51,7
3.15,0.39,911.1111111,17.2,51,7
4.4,0.7,911.1111111,18.7,51,7
5.85,0.74,911.1111111,24.8,51,7
4.3,0.39,666.6666667,23.5,54,7
2.95,0.53,666.6666667,24,54,7
2.25,0.55,666.6666667,6.2,54,7
3,0.51,666.6666667,24.1,54,7
2.15,0.64,666.6666667,7.1,54,7
3.35,0.49,666.6666667,10.7,54,7
2,0.44,666.6666667,7,54,7
2.8,0.55,666.6666667,18.4,54,7
4,0.54,666.6666667,32.5,54,7
3.5,0.51,666.6666667,24.5,54,7
3.15,0.39,666.6666667,16.4,54,7
3,0.56,666.6666667,27.3,54,7
2.75,0.43,666.6666667,7.6,54,7
3.4,0.42,666.6666667,15.9,54,7
2.3,0.58,666.6666667,7.6,54,7
2.1,0.52,666.6666667,11.2,54,7
2.65,0.39,666.6666667,5.8,54,7
3.7,0.67,666.6666667,23,54,7
4.05,0.69,666.6666667,23.8,54,7
3.65,0.57,666.6666667,18,54,7
3.55,0.64,666.6666667,20.1,54,7
3.85,0.44,666.6666667,23.1,54,7
4.85,0.6,666.6666667,26.9,54,7
2.4,0.59,666.6666667,10.8,54,7
2.85,0.61,666.6666667,6.9,54,7
4.55,0.47,666.6666667,22.8,54,7
3,0.32,666.6666667,13.3,54,7
4,0.65,666.6666667,18.4,54,7
3.35,0.48,666.6666667,11.8,54,7
4.6,0.52,666.6666667,25.4,54,7
3.95,0.41,666.6666667,17.4,54,7
2.15,0.61,666.6666667,5.1,54,7
4.1,0.5,666.6666667,23.2,54,7
3.45,0.36,666.6666667,15.8,54,7
3.25,0.54,666.6666667,13.5,54,7
4.5,0.57,666.6666667,27.8,54,7
3.95,0.6,666.6666667,27.6,54,7
3.75,0.43,666.6666667,19.6,54,7
