d,h,hdo,den,num,dhdo,loghdo
7.4,9.7,14.1,2200,0.512502689,104.34,2.646174797
15,11.4,17.7,644,0.341222015,265.5,2.87356464
23.6,12.4,16.7,1067,0.692242085,394.12,2.815408719
24.8,10.2,15.4,967,0.205573641,381.92,2.734367509
8.1,5.9,13,1511,0.487365318,105.3,2.564949357
11.5,10.9,14.1,2200,0.006986042,162.15,2.646174797
6.7,4.3,18.7,844,0.615796682,125.29,2.928523524
23.2,15.2,21,922,0.261031802,487.2,3.044522438
25.3,13.8,18.1,556,0.948162304,457.93,2.895911938
14.5,8.9,16.4,1844,0.702727527,237.8,2.797281335
14.5,12.4,20.1,733,0.593134015,291.45,3.000719815
4.3,3.9,18.7,844,0.556200166,80.41,2.928523524
22.2,8.4,14.8,1022,0.39670761,328.56,2.694627181
32.9,10.2,20.1,733,0.284905618,661.29,3.000719815
8.4,7.7,17.1,1411,0.172177651,143.64,2.839078464
13.8,9.1,20.3,800,0.242366455,280.14,3.010620886
21.7,15.9,17.7,644,0.700353376,384.09,2.87356464
23.2,11.1,21,922,0.327113117,487.2,3.044522438
28.4,10.8,15.7,656,0.763586806,445.88,2.753660712
10.2,10.3,14.1,2200,0.061422274,143.82,2.646174797
13.2,17,17.2,1778,0.686028483,227.04,2.844909384
7.8,8.8,13.2,2122,0.207143053,102.96,2.58021683
5.3,5.2,13,1511,0.102820144,68.9,2.564949357
6.5,10.6,16.6,1467,0.996868476,107.9,2.809402695
8.4,11.9,16.9,1733,0.802270923,141.96,2.827313622
23.8,13.1,15.4,967,0.387877791,366.52,2.734367509
6.4,10.9,16.9,1733,0.332386243,108.16,2.827313622
20.2,13.5,12.9,633,0.771265074,260.58,2.557227311
19.3,16.2,20.5,722,0.559880319,395.65,3.020424886
9,8.1,16.5,589,0.045892413,148.5,2.803360381
10.3,4.5,14.9,1222,0.223170525,153.47,2.701361213
5.3,4.5,11.8,1600,0.888252809,62.54,2.468099531
5.2,5.4,11.8,1600,0.475764364,61.36,2.468099531
10.1,8.2,15.1,1067,0.561365941,152.51,2.714694744
15.3,13.3,17.1,1411,0.344450295,261.63,2.839078464
33.1,13.2,18.1,556,0.09475301,599.11,2.895911938
8.6,7.8,15.7,1022,0.208978318,135.02,2.753660712
24.2,15.6,16.7,1067,0.120887534,404.14,2.815408719
8.9,5.4,14.6,789,0.563592743,129.94,2.681021529
27,14.9,18.1,556,0.096169308,488.7,2.895911938
8.3,8.3,16.6,1467,0.91855161,137.78,2.809402695
6.6,4.8,15,1956,0.645511825,99,2.708050201
16.1,14,16.5,1356,0.431999668,265.65,2.803360381
13.9,9.8,13,1511,0.174494874,180.7,2.564949357
24.5,13.2,15.4,967,0.58024282,377.3,2.734367509
9.6,6.5,11.8,1600,0.368486752,113.28,2.468099531
7.5,7.2,16.6,1656,0.270512047,124.5,2.809402695
9,7.8,13,1511,0.369665741,117,2.564949357
10.5,8.7,16.7,1067,0.160896406,175.35,2.815408719
13.2,10.7,17.2,1778,0.5572963,227.04,2.844909384
20.4,10.8,14.9,1222,0.889529198,303.96,2.701361213
13.1,6.9,13,1511,0.386602809,170.3,2.564949357
3.5,5.3,14.1,2200,0.237631712,49.35,2.646174797
13.7,14.3,18.7,844,0.077752423,256.19,2.928523524
16.7,11.7,17.1,1411,0.205262214,285.57,2.839078464
5.2,11.5,16.9,1733,0.615032434,87.88,2.827313622
27.3,10.4,15.4,967,0.042909673,420.42,2.734367509
19.4,14.3,15.4,1033,0.497981588,298.76,2.734367509
6.2,6.4,15.7,656,0.036596358,97.34,2.753660712
5.7,6.6,16.6,1467,0.173894528,94.62,2.809402695
5.9,8.9,15,1956,0.246295081,88.5,2.708050201
3.5,3.5,16.2,1478,0.844900765,56.7,2.785011242
27.3,13.9,22.8,956,0.538384254,622.44,3.126760536
6.1,5.6,15,1956,0.262598839,91.5,2.708050201
11.4,13.4,14.1,2200,0.944923775,160.74,2.646174797
11,7.7,15.7,1022,0.229719959,172.7,2.753660712
7.8,7.7,18.1,556,0.780504385,141.18,2.895911938
9,10.2,17.2,1778,0.97067116,154.8,2.844909384
16.2,18.4,22.8,956,0.232424722,369.36,3.126760536
14.2,14.1,15,1956,0.726470969,213,2.708050201
6.4,6.6,18.7,844,0.998853733,119.68,2.928523524
17.5,9.3,22.8,956,0.860410409,399,3.126760536
15.3,9.7,14.9,1222,0.644165876,227.97,2.701361213
15.1,15.7,18.7,844,0.772220293,282.37,2.928523524
17.6,10.5,15.7,1022,0.001385219,276.32,2.753660712
14.2,11.7,13,1511,0.163238321,184.6,2.564949357
15.1,12.3,16.6,1656,0.00955137,250.66,2.809402695
15.8,19,22.8,956,0.195784934,360.24,3.126760536
15.2,5.3,13,1511,0.874932728,197.6,2.564949357
8.3,8.1,17.1,1411,0.475085258,141.93,2.839078464
6.4,10.2,17.7,644,0.471607248,113.28,2.87356464
5.4,6.6,13.2,2122,0.053173536,71.28,2.58021683
2.2,3.1,16.2,1478,0.759019772,35.64,2.785011242
4.5,4.8,11.8,1600,0.123464456,53.1,2.468099531
28.6,17.5,17.7,644,0.673624854,506.22,2.87356464
22.8,12.5,14.9,1222,0.441185646,339.72,2.701361213
6.5,5.8,16.2,1478,0.382123383,105.3,2.785011242
22.3,13.2,19.6,789,0.936845893,437.08,2.975529566
21.7,12.9,20.5,722,0.437726349,444.85,3.020424886
8.7,8.2,16.6,1467,0.873205663,144.42,2.809402695
16.4,10.6,14.9,1222,0.449314744,244.36,2.701361213
8.3,4.8,14.9,1222,0.528860398,123.67,2.701361213
15.9,8.7,15,1956,0.569965614,238.5,2.708050201
18.3,9.2,15.7,656,0.339438599,287.31,2.753660712
5.3,5.8,12.9,633,0.944399667,68.37,2.557227311
15,10.9,15,1956,0.679400814,225,2.708050201
15.1,8.7,15.4,1033,0.524923832,232.54,2.734367509
9,10,17.2,1778,0.206077075,154.8,2.844909384
19.5,10.6,16.9,1733,0.58331918,329.55,2.827313622
8.3,7.6,14.1,2200,0.096581101,117.03,2.646174797
7.9,8.1,17.1,1411,0.193114169,135.09,2.839078464
21.7,14.1,16.5,589,0.841397479,358.05,2.803360381
18.3,16.7,16.6,1467,0.702180572,303.78,2.809402695
12.4,9,16.9,1733,0.195963603,209.56,2.827313622
5.1,5.4,7.2,1733,0.27804177,36.72,1.974081026
23.3,11.4,15.1,489,0.285066093,351.83,2.714694744
18.2,12.2,15.7,1022,0.069200959,285.74,2.753660712
19.4,14.2,16.7,1067,0.059421657,323.98,2.815408719
21.3,13.9,15.7,656,0.549890731,334.41,2.753660712
4,3.6,14.9,1222,0.532538404,59.6,2.701361213
7.5,10.6,13.2,2122,0.342163016,99,2.58021683
21.2,10,15.1,489,0.20289743,320.12,2.714694744
2.5,2.7,16.2,1478,0.832618271,40.5,2.785011242
26,12.5,15.4,967,0.079732094,400.4,2.734367509
8.6,13.2,16.6,1467,0.944596246,142.76,2.809402695
19.8,15.5,18.1,556,0.133884673,358.38,2.895911938
11,6.4,11.8,1600,0.442930333,129.8,2.468099531
5.3,8.3,15,1956,0.85394456,79.5,2.708050201
7.4,9.4,12.9,633,0.674456941,95.46,2.557227311
8.9,8.4,16.6,1467,0.670966419,147.74,2.809402695
8.6,8.5,15,1956,0.334319299,129,2.708050201
3.8,4.8,11.8,1600,0.503299638,44.84,2.468099531
15.1,10.5,19.6,789,0.185572602,295.96,2.975529566
9.5,7.8,16.7,1067,0.418211523,158.65,2.815408719
5.9,10.3,15,1956,0.768667947,88.5,2.708050201
15.3,13.2,16.9,1733,0.897790685,258.57,2.827313622
5.8,5.6,7.2,1733,0.852103567,41.76,1.974081026
14.2,8.4,12.9,633,0.517058831,183.18,2.557227311
22.8,15.4,15.7,656,0.344570896,357.96,2.753660712
9.4,5.5,12.9,633,0.492857483,121.26,2.557227311
20,14,15.4,1033,0.250553356,308,2.734367509
3.2,5.4,11.8,1600,0.822779913,37.76,2.468099531
5.6,9.4,14.1,2200,0.989668303,78.96,2.646174797
14.6,8.4,16.4,1844,0.890645459,239.44,2.797281335
15.9,12.8,14.1,2200,0.170619833,224.19,2.646174797
9.3,10.3,15,1956,0.025573663,139.5,2.708050201
22.7,14.6,20.1,733,0.798771163,456.27,3.000719815
18.5,14.7,17.1,1411,0.233836162,316.35,2.839078464
3.8,4.5,16.2,1478,0.730150393,61.56,2.785011242
8.6,12.9,14.1,2200,0.536108533,121.26,2.646174797
28,16.8,11.8,1600,0.195917676,330.4,2.468099531
4.8,2.3,15.7,656,0.938061097,75.36,2.753660712
18.4,16.5,20.3,800,0.353300387,373.52,3.010620886
17.7,14.3,20.3,800,0.314889682,359.31,3.010620886
13.1,4.7,13,1511,0.157138146,170.3,2.564949357
7,10.4,17.2,1778,0.749741619,120.4,2.844909384
3.7,3.8,11.8,1600,0.490931938,43.66,2.468099531
2.7,4.3,15,1956,0.252454565,40.5,2.708050201
16.6,11.5,22.8,956,0.647287244,378.48,3.126760536
4.8,3.5,16.2,1478,0.053248983,77.76,2.785011242
6.4,7.1,13,1511,0.47654933,83.2,2.564949357
16.6,11.7,17.2,1778,0.945587106,285.52,2.844909384
6.7,11.2,21,922,0.737331085,140.7,3.044522438
17.6,15.7,16.4,1844,0.788894773,288.64,2.797281335
23.1,13.5,17.1,1411,0.703300094,395.01,2.839078464
9.3,7.4,22.8,956,0.173761824,212.04,3.126760536
6.8,7.4,15.4,967,0.906500199,104.72,2.734367509
11.1,9,16.7,1067,0.712282663,185.37,2.815408719
6.2,5.2,11.8,1600,0.634500481,73.16,2.468099531
13.1,10.1,16.6,1467,0.848962399,217.46,2.809402695
22.8,12.7,15.4,1033,0.723001803,351.12,2.734367509
12,9.5,15.4,1033,0.717835492,184.8,2.734367509
23.1,13.9,16.7,1067,0.721016323,385.77,2.815408719
23.3,16.8,20.5,722,0.522081504,477.65,3.020424886
21.9,18.5,19.6,789,0.777770026,429.24,2.975529566
6.8,4.2,14.9,1222,0.510318318,101.32,2.701361213
9.8,11.2,15,1956,0.21189525,147,2.708050201
3.1,5.4,15,1956,0.043213401,46.5,2.708050201
6.9,5.9,16.6,1467,0.863764832,114.54,2.809402695
3.4,3.3,14.9,1222,0.571314452,50.66,2.701361213
20.5,11.7,14.9,1222,0.201406515,305.45,2.701361213
20,13.9,16.4,1844,0.7282551,328,2.797281335
4,3.4,21,922,0.885362707,84,3.044522438
7,7.8,18.7,844,0.620876594,130.9,2.928523524
17.1,5.7,22.8,956,0.244703761,389.88,3.126760536
6.6,8.4,17.2,1778,0.740284504,113.52,2.844909384
4.3,4.6,16.2,1478,0.768470069,69.66,2.785011242
4.7,4.9,11.8,1600,0.956874572,55.46,2.468099531
37.9,16.7,20.5,722,0.833685842,776.95,3.020424886
4.8,7.2,11.8,1600,0.874907036,56.64,2.468099531
3.8,4.3,11.8,1600,0.243548828,44.84,2.468099531
21.7,16.1,15.7,656,0.461206536,340.69,2.753660712
23,13.2,15.4,1033,0.529360384,354.2,2.734367509
13.3,6.4,17.2,1778,0.637047493,228.76,2.844909384
14.1,12.2,17.2,1778,0.161953233,242.52,2.844909384
19.4,11.2,13,1511,0.506490562,252.2,2.564949357
11.5,7.9,20.5,722,0.815357697,235.75,3.020424886
3.2,5,9.7,1644,0.320993138,31.04,2.272125886
13.2,16.6,17.2,1778,0.140755534,227.04,2.844909384
16.4,14.4,17.2,1778,0.433532356,282.08,2.844909384
2.8,2.8,13,1511,0.831167708,36.4,2.564949357
5.8,3.7,13,1511,0.146612443,75.4,2.564949357
18.1,9.2,13,1511,0.618631286,235.3,2.564949357
8.2,8.7,17.1,1411,0.589973197,140.22,2.839078464
26.9,13.8,20.5,722,0.403821042,551.45,3.020424886
10.8,7,15,1956,0.877866221,162,2.708050201
10.5,13.4,17.2,1778,0.078811704,180.6,2.844909384
23.1,15.5,20.1,733,0.10418022,464.31,3.000719815
6.6,4.8,13,1511,0.442321254,85.8,2.564949357
8.6,10.4,17.2,1778,0.746503289,147.92,2.844909384
26.2,13.6,16.5,589,0.583128068,432.3,2.803360381
10.6,7.8,16.6,1467,0.635976103,175.96,2.809402695
10.4,7.8,16.4,1844,0.897933393,170.56,2.797281335
20.1,11,22.8,956,0.199052121,458.28,3.126760536
13.3,9.1,17.1,1411,0.205254694,227.43,2.839078464
18.7,11.1,16.5,589,0.575071411,308.55,2.803360381
22,14.8,15,1956,0.431286889,330,2.708050201
23.1,11.9,15.7,1022,0.113407476,362.67,2.753660712
8.6,11.7,17.2,1778,0.859968452,147.92,2.844909384
6.5,6.2,11.8,1600,0.278307807,76.7,2.468099531
4,3.7,18.7,844,0.01621922,74.8,2.928523524
6.7,13.7,14.1,2200,0.854282499,94.47,2.646174797
3.2,4.4,9.7,1644,0.706616342,31.04,2.272125886
26.6,10.2,20.1,733,0.654074691,534.66,3.000719815
10.7,9.9,16.4,1844,0.10299498,175.48,2.797281335
18.6,12.9,19.6,789,0.822761911,364.56,2.975529566
8.9,8.7,15,1956,0.338076185,133.5,2.708050201
17.7,19,20.3,800,0.627009482,359.31,3.010620886
6.9,9.8,17.2,1778,0.964218425,118.68,2.844909384
4.6,4.9,13,1511,0.264822487,59.8,2.564949357
11.4,15.4,16.7,1067,0.264903606,190.38,2.815408719
15.6,12.5,17.2,1778,0.779459692,268.32,2.844909384
14.1,12.3,17.2,1778,0.803712765,242.52,2.844909384
15.6,13.5,21,922,0.718805607,327.6,3.044522438
18.6,11.6,16.9,1733,0.395812364,314.34,2.827313622
28.8,13.1,16.2,1478,0.210186586,466.56,2.785011242
7.9,3.4,13,1511,0.117234998,102.7,2.564949357
10.4,5.4,15,1956,0.755681675,156,2.708050201
16.2,15.3,16.7,1067,0.411797559,270.54,2.815408719
18.5,16.1,16.5,589,0.824662327,305.25,2.803360381
13.3,9.9,16.7,1067,0.210791059,222.11,2.815408719
15.3,12.3,17.2,1778,0.087185205,263.16,2.844909384
31.4,20.4,20.1,733,0.972616281,631.14,3.000719815
23.2,11.3,15.4,967,0.933432507,357.28,2.734367509
15.6,10,16.4,1844,0.766877079,255.84,2.797281335
9.7,10.1,15,1956,0.015146078,145.5,2.708050201
3.6,4,9.7,1644,0.489562495,34.92,2.272125886
8.9,6.6,17.1,1411,0.775656434,152.19,2.839078464
18.6,9.8,14.9,1222,0.923716132,277.14,2.701361213
19.4,14.9,16.7,1067,0.641804221,323.98,2.815408719
8.5,10.1,17.2,1778,0.844293925,146.2,2.844909384
14.5,23.4,22.8,956,0.683310137,330.6,3.126760536
23.8,13.8,20.3,800,0.965679775,483.14,3.010620886
6.2,4.9,14.9,1222,0.102925719,92.38,2.701361213
23.6,13.4,15.7,1022,0.94914258,370.52,2.753660712
10,7.3,18.7,844,0.403059291,187,2.928523524
10.5,12.2,18.7,844,0.698142891,196.35,2.928523524
6.2,4.7,14.9,1222,0.476784496,92.38,2.701361213
10.3,10.3,17.1,1411,0.507626648,176.13,2.839078464
4.7,5.3,15,1956,0.058682252,70.5,2.708050201
7,8.4,14.1,2200,0.659195414,98.7,2.646174797
16.3,12.2,12.9,633,0.232117017,210.27,2.557227311
17.2,12.7,18.7,844,0.257081174,321.64,2.928523524
5.4,12.1,14.1,2200,0.456300292,76.14,2.646174797
12.3,9.4,16.9,1733,0.344793242,207.87,2.827313622
18.6,11.9,12.9,633,0.109651947,239.94,2.557227311
16.4,13.4,22.8,956,0.846435366,373.92,3.126760536
9.7,9,17.2,1778,0.669994667,166.84,2.844909384
21.3,9.7,13,1511,0.12665888,276.9,2.564949357
6.2,10.2,11.8,1600,0.661218589,73.16,2.468099531
15.2,12.5,16.7,1067,0.602394628,253.84,2.815408719
16.3,10.6,18.7,844,0.635625565,304.81,2.928523524
15.2,12.5,16.9,1733,0.260974288,256.88,2.827313622
22.5,13.5,16.9,1733,0.510520032,380.25,2.827313622
14.9,9,12.9,633,0.543129654,192.21,2.557227311
11.6,15.6,17.2,1778,0.927210532,199.52,2.844909384
6.8,5.2,18.7,844,0.094259565,127.16,2.928523524
18.8,15,20.3,800,0.139625685,381.64,3.010620886
17.2,9.4,15.1,489,0.108827294,259.72,2.714694744
15.9,10.9,15.4,1033,0.307210324,244.86,2.734367509
9.4,7.4,17.2,1778,0.587241552,161.68,2.844909384
8.7,7.3,13.2,2122,0.86134475,114.84,2.58021683
15.6,8.6,15.4,967,0.314663358,240.24,2.734367509
9.6,6.5,15,1956,0.740808238,144,2.708050201
8.8,6.1,15.4,1033,0.459929358,135.52,2.734367509
5,4,16.2,1478,0.58953682,81,2.785011242
22.6,11.9,15.4,967,0.086134589,348.04,2.734367509
4.1,4.1,16.2,1478,0.877112723,66.42,2.785011242
5,5.4,11.8,1600,0.244403058,59,2.468099531
6.1,4.4,14.9,1222,0.807773639,90.89,2.701361213
12.2,8.3,16.9,1733,0.059006204,206.18,2.827313622
18.9,7.8,15.4,967,0.126688359,291.06,2.734367509
10.8,13.3,16.6,1656,0.936767128,179.28,2.809402695
4.3,4.7,13.2,2122,0.161040117,56.76,2.58021683
32.9,22.1,20.1,733,0.622666023,661.29,3.000719815
20.1,9.2,16.5,589,0.06244448,331.65,2.803360381
12.6,12.7,14.1,2200,0.880280976,177.66,2.646174797
7.7,5.6,16.6,1467,0.03885747,127.82,2.809402695
20.8,9.2,16.9,1733,0.681153753,351.52,2.827313622
19.1,15.1,16.6,1467,0.387112773,317.06,2.809402695
26.2,13.4,15.4,967,0.499508586,403.48,2.734367509
9.4,8.2,20.1,733,0.756310456,188.94,3.000719815
15.6,16.3,16.6,1467,0.346874209,258.96,2.809402695
15.7,10.3,16.4,1844,0.3077332,257.48,2.797281335
10.9,11.9,14.1,2200,0.536340715,153.69,2.646174797
7.6,4,22.8,956,0.617565023,173.28,3.126760536
7.1,9.2,16.9,1733,0.804687209,119.99,2.827313622
10.1,6.4,15.8,1522,0.012553152,159.58,2.76000994
3.5,4.2,16.2,1478,0.443376021,56.7,2.785011242
17,11.9,16.4,1844,0.011033435,278.8,2.797281335
22.7,14.4,15.7,656,0.92457671,356.39,2.753660712
18.2,14.7,16.5,589,0.247205378,300.3,2.803360381
21.8,10,14.9,1222,0.971876084,324.82,2.701361213
13.9,8.8,17.2,1778,0.098631013,239.08,2.844909384
8.8,8.7,16.5,589,0.123101815,145.2,2.803360381
8.2,10.1,22.8,956,0.551405799,186.96,3.126760536
8.9,4.2,13,1511,0.834195661,115.7,2.564949357
23.9,15.8,20.1,733,0.260395716,480.39,3.000719815
8.6,6,17.7,644,0.672058329,152.22,2.87356464
2.6,2.7,16.2,1478,0.26826471,42.12,2.785011242
17.3,9.6,22.8,956,0.712229236,394.44,3.126760536
4,3.9,16.2,1478,0.069169812,64.8,2.785011242
14.4,14,16.6,1656,0.732049913,239.04,2.809402695
13.7,15.6,17.2,1778,0.707701858,235.64,2.844909384
25.1,12.7,20.5,722,0.187936269,514.55,3.020424886
4,2.7,13,1511,0.70117593,52,2.564949357
13.3,19.3,21,922,0.243593526,279.3,3.044522438
8.1,9.4,15.7,1022,0.874701988,127.17,2.753660712
9.4,12.4,14.1,2200,0.310014794,132.54,2.646174797
18.4,12.4,14.9,1222,0.199178411,274.16,2.701361213
10.5,12.8,16.7,1067,0.23884392,175.35,2.815408719
24.5,14,15.4,967,0.053455664,377.3,2.734367509
6.3,6.9,15.8,1522,0.745379878,99.54,2.76000994
3.1,2.8,15.7,656,0.832638879,48.67,2.753660712
23.9,20.4,20.1,733,0.165028838,480.39,3.000719815
7.6,6.6,16.9,1733,0.929005644,128.44,2.827313622
18.2,11.4,13,1511,0.075249713,236.6,2.564949357
8.7,11.6,14.1,2200,0.229350818,122.67,2.646174797
12.8,6.7,13,1511,0.471031514,166.4,2.564949357
9.6,9.5,16.9,1733,0.553827819,162.24,2.827313622
22.1,9.8,12.9,633,0.290455216,285.09,2.557227311
23.3,17.1,20.3,800,0.533193661,472.99,3.010620886
19.5,10.9,15.4,1033,0.972181661,300.3,2.734367509
9.7,9.5,15,1956,0.904323978,145.5,2.708050201
21.4,14.9,15.4,1033,0.992568837,329.56,2.734367509
20.7,8.9,19.6,789,0.606471995,405.72,2.975529566
12.6,12.1,13,1511,0.29399189,163.8,2.564949357
9.4,7.7,19.6,789,0.919174098,184.24,2.975529566
26.2,18.4,20.1,733,0.882828073,526.62,3.000719815
11,12.6,17.2,1778,0.492503169,189.2,2.844909384
9.5,8.4,17.2,1778,0.204476397,163.4,2.844909384
19.4,10.4,15.7,656,0.656592086,304.58,2.753660712
19.2,15.7,16.6,1467,0.966666221,318.72,2.809402695
5.9,8.6,14.1,2200,0.219570805,83.19,2.646174797
21.3,13,18.1,556,0.743770363,385.53,2.895911938
11.2,10.2,15.4,967,0.09544814,172.48,2.734367509
25.6,17.9,16.7,1067,0.963066763,427.52,2.815408719
24.8,12.8,15,1956,0.695182165,372,2.708050201
3.7,4,9.7,1644,0.501370677,35.89,2.272125886
11.4,9.6,14.1,2200,0.448294882,160.74,2.646174797
18.4,9.5,16.2,1478,0.546603134,298.08,2.785011242
18,15.8,16.4,1844,0.627017291,295.2,2.797281335
2.6,4.7,10.1,1522,0.155117098,26.26,2.312535424
5.7,4,18.7,844,0.540665812,106.59,2.928523524
3.5,3.7,13,1511,0.142792531,45.5,2.564949357
5.2,12.7,14.1,2200,0.854467031,73.32,2.646174797
15.2,15.1,21,922,0.407042708,319.2,3.044522438
9.7,10.9,14.1,2200,0.503098217,136.77,2.646174797
7.3,7.8,15,1956,0.073362959,109.5,2.708050201
5.2,5.2,13,1511,0.62644303,67.6,2.564949357
17.2,12.8,14.9,1222,0.19761448,256.28,2.701361213
12.5,17.3,22.8,956,0.371423495,285,3.126760536
3.7,4.2,11.8,1600,0.509387944,43.66,2.468099531
12.8,7.8,15.7,1022,0.381965585,200.96,2.753660712
6,8.6,17.2,1778,0.780036683,103.2,2.844909384
8.1,8.6,14.1,2200,0.616767554,114.21,2.646174797
16.4,13.1,16.5,589,0.93809418,270.6,2.803360381
5.4,4.6,16.7,1067,0.88446797,90.18,2.815408719
4.2,4.5,11.8,1600,0.330123434,49.56,2.468099531
13.7,13.4,16.9,1733,0.987547078,231.53,2.827313622
12.5,9,17.2,1778,0.813105707,215,2.844909384
9.9,7.1,21.2,967,0.613360506,209.88,3.054001182
23.1,10.8,15.4,967,0.866136006,355.74,2.734367509
12.2,12.7,14.1,2200,0.66597383,172.02,2.646174797
6.4,5.5,16.2,1478,0.91670388,103.68,2.785011242
24.7,11.5,16.7,1067,0.337819257,412.49,2.815408719
3.8,3.4,13,1511,0.608993253,49.4,2.564949357
3.5,4.4,7.2,1733,0.892414556,25.2,1.974081026
9.1,9.7,16.6,1656,0.43593306,151.06,2.809402695
4.7,5.7,11.8,1600,0.040062341,55.46,2.468099531
10.7,10.5,15,1956,0.492152454,160.5,2.708050201
3,3.2,15,1956,0.345426125,45,2.708050201
5.2,2.9,15,1956,0.221703387,78,2.708050201
20.2,11.6,16.9,1733,0.839234405,341.38,2.827313622
21.1,11.2,20.1,733,0.341880423,424.11,3.000719815
8.4,10.9,14.1,2200,0.719328458,118.44,2.646174797
18.7,9.5,14.9,1222,0.098570022,278.63,2.701361213
6.1,5.9,16.2,1478,0.712763999,98.82,2.785011242
13.6,13.6,15.4,967,0.455669181,209.44,2.734367509
22.5,13.5,21,922,0.696993391,472.5,3.044522438
7.2,9.3,17.1,1411,0.552932008,123.12,2.839078464
9.5,4.7,15.4,1033,0.061719482,146.3,2.734367509
4.1,4.6,17.7,644,0.086566154,72.57,2.87356464
17.4,12.9,15.4,967,0.47692931,267.96,2.734367509
3.3,4.2,11.8,1600,0.903719548,38.94,2.468099531
11.4,8.8,16.4,1844,0.462630284,186.96,2.797281335
15.1,13.7,16.6,1656,0.885964912,250.66,2.809402695
19.8,12.1,20.3,800,0.449221231,401.94,3.010620886
12.1,9.7,19.6,789,0.744762235,237.16,2.975529566
13.1,12,16.9,1733,0.409540308,221.39,2.827313622
20.6,7.9,13,1511,0.401750528,267.8,2.564949357
2.9,3.5,16.2,1478,0.457243118,46.98,2.785011242
22.3,10.8,14.6,789,0.304527056,325.58,2.681021529
4.3,4.6,15,1956,0.184295922,64.5,2.708050201
19.6,18.8,22.8,956,0.633779893,446.88,3.126760536
5.6,5.4,20.5,722,0.98292832,114.8,3.020424886
16.6,12.4,14.1,2200,0.46410601,234.06,2.646174797
25.2,15,14.9,1222,0.589433598,375.48,2.701361213
6.1,5.9,16.6,1467,0.509349198,101.26,2.809402695
19.1,11.1,16.4,1844,0.21456869,313.24,2.797281335
5.4,7.3,16.6,1467,0.882689767,89.64,2.809402695
23.8,12.7,15.7,1022,0.988510335,373.66,2.753660712
14.6,10,14.1,2200,0.970622932,205.86,2.646174797
20.3,13.4,15.4,967,0.816282651,312.62,2.734367509
13.6,11.1,16.9,1733,0.205460097,229.84,2.827313622
8.6,8,17.2,1778,0.154225916,147.92,2.844909384
15,9.9,12.9,633,0.745905209,193.5,2.557227311
18,14.9,15.4,967,0.238189525,277.2,2.734367509
5.2,4.4,13,1511,0.621971331,67.6,2.564949357
13.9,12,16.9,1733,0.837947337,234.91,2.827313622
13.6,10.1,13,1511,0.427901678,176.8,2.564949357
14.5,9.7,14.9,1222,0.253949679,216.05,2.701361213
16.4,9.4,15.7,656,0.217687726,257.48,2.753660712
16.8,13.6,17.2,1778,0.104497028,288.96,2.844909384
11.6,10.1,14.1,2200,0.908285963,163.56,2.646174797
15.2,12.8,15.7,656,0.470998807,238.64,2.753660712
8.6,8.6,14.1,2200,0.877077089,121.26,2.646174797
5.8,5.2,13,1511,0.608825011,75.4,2.564949357
22.4,10.1,15.1,1067,0.273702607,338.24,2.714694744
8.9,14,17.2,1778,0.713059857,153.08,2.844909384
12.6,8.5,21.2,967,0.129021637,267.12,3.054001182
17,10.6,15.4,1033,0.935831713,261.8,2.734367509
10.2,10.4,14.1,2200,0.626452098,143.82,2.646174797
14.3,10.2,19.6,789,0.976115605,280.28,2.975529566
5.6,7.6,16.9,1733,0.54877204,94.64,2.827313622
11.2,11.2,19.6,789,0.540298018,219.52,2.975529566
2.7,3.5,16.2,1478,0.885660765,43.74,2.785011242
5.8,6,15,1956,0.534816206,87,2.708050201
10.5,10.9,16.4,1844,0.898197487,172.2,2.797281335
10.6,5,18.1,556,0.20967287,191.86,2.895911938
2.8,4.1,11.8,1600,0.500618256,33.04,2.468099531
22.2,18,21,922,0.049697875,466.2,3.044522438
20.2,14.9,15,1956,0.882313801,303,2.708050201
16.2,13.9,15.7,1022,0.705627778,254.34,2.753660712
16.2,11.5,16.7,1067,0.651531319,270.54,2.815408719
13.5,10.8,14.1,2200,0.705224661,190.35,2.646174797
26.8,11.4,18.1,556,0.490484585,485.08,2.895911938
7.1,8.4,17.2,1778,0.157844848,122.12,2.844909384
30,14.7,18.7,844,0.87455198,561,2.928523524
4.5,4.3,11.8,1600,0.624732229,53.1,2.468099531
11.5,8.5,20.3,800,0.908710396,233.45,3.010620886
12.9,10.3,13,1511,0.075026409,167.7,2.564949357
22.1,13.4,19.6,789,0.087550915,433.16,2.975529566
18.2,12.2,17.1,1411,0.883178207,311.22,2.839078464
11.3,10.1,16.4,1844,0.44269645,185.32,2.797281335
11.9,10.7,14.9,1222,0.661689312,177.31,2.701361213
15.1,10.5,19.6,789,0.037991193,295.96,2.975529566
25.1,14.5,15.7,1022,0.214126622,394.07,2.753660712
6.2,4.6,11.8,1600,0.773308476,73.16,2.468099531
9.4,9.6,14.9,1222,0.94636136,140.06,2.701361213
18.5,10.1,16.7,1067,0.59547227,308.95,2.815408719
3.7,4.4,9.7,1644,0.906832233,35.89,2.272125886
16,12.8,16.6,1467,0.45150885,265.6,2.809402695
10.7,14,17.2,1778,0.897048397,184.04,2.844909384
4,5,11.8,1600,0.742192525,47.2,2.468099531
10.5,11,16.6,1656,0.855607885,174.3,2.809402695
6.7,7.8,16.6,1467,0.510444212,111.22,2.809402695
18.5,11,17.1,1411,0.666232951,316.35,2.839078464
27.2,13.9,16.7,1067,0.865109465,454.24,2.815408719
2.7,4.4,9.7,1644,0.330831507,26.19,2.272125886
8.7,8.5,15.4,967,0.423071233,133.98,2.734367509
6.4,5.8,11.8,1600,0.82804246,75.52,2.468099531
6.2,5.9,15.1,489,0.095651734,93.62,2.714694744
15.4,12.6,16.7,1067,0.083461336,257.18,2.815408719
11.1,10.8,15,1956,0.861625203,166.5,2.708050201
18.1,10,12.9,633,0.346380771,233.49,2.557227311
16.1,12.1,17.1,1411,0.415843859,275.31,2.839078464
9.9,9,17.2,1778,0.892269116,170.28,2.844909384
14.6,15.8,16.6,1467,0.624451474,242.36,2.809402695
4.2,5.1,16.6,1656,0.821386588,69.72,2.809402695
5.3,5.4,16.2,1478,0.481556682,85.86,2.785011242
22,13.8,16.6,1656,0.277412702,365.2,2.809402695
9.7,5.8,14.9,1222,0.72438108,144.53,2.701361213
15.6,10.9,18.7,844,0.434922877,291.72,2.928523524
16,8.9,12.9,633,0.952392488,206.4,2.557227311
10.5,8.5,12.9,633,0.789582171,135.45,2.557227311
2.1,2.5,16.2,1478,0.11619167,34.02,2.785011242
22.6,8.2,13,1511,0.359926741,293.8,2.564949357
21.3,16.9,20.5,722,0.351825876,436.65,3.020424886
22.2,9.9,15.4,967,0.535354321,341.88,2.734367509
10.5,12.1,15.7,1022,0.480848469,164.85,2.753660712
19.8,16.7,15.4,967,0.722326025,304.92,2.734367509
18.2,13.5,16.5,589,0.974104256,300.3,2.803360381
19.8,13.8,21,922,0.5368019,415.8,3.044522438
3.6,4.7,9.7,1644,0.022842217,34.92,2.272125886
11,7.5,16.4,1844,0.789291944,180.4,2.797281335
24.8,14.4,19.6,789,0.372671778,486.08,2.975529566
6.9,5.6,9.7,1644,0.368261997,66.93,2.272125886
10.5,7.9,17.7,644,0.922005733,185.85,2.87356464
9,10.3,15,1956,0.76043601,135,2.708050201
10.1,7,19.6,789,0.556040473,197.96,2.975529566
11.2,11.7,14.1,2200,0.356845255,157.92,2.646174797
10.5,8.5,15,1956,0.550311643,157.5,2.708050201
11.6,6.7,20.1,733,0.114304357,233.16,3.000719815
11.3,12.5,14.1,2200,0.889909575,159.33,2.646174797
21,10.3,14.9,1222,0.717946458,312.9,2.701361213
2.9,3.3,15.1,489,0.128562686,43.79,2.714694744
14.5,11,18.7,844,0.524971512,271.15,2.928523524
3.1,2.7,15,1956,0.860899012,46.5,2.708050201
23.7,12.9,19.6,789,0.459291868,464.52,2.975529566
14.8,12.1,14.9,1222,0.430231645,220.52,2.701361213
13.2,12.2,16.9,1733,0.556368196,223.08,2.827313622
13.6,10.1,10.1,1522,0.646938381,137.36,2.312535424
7.3,4.5,15.7,1022,0.956546997,114.61,2.753660712
9.8,10.2,16.4,1844,0.084731399,160.72,2.797281335
6.6,6,15.4,1033,0.088848794,101.64,2.734367509
27.1,14.1,17.7,644,0.215331135,479.67,2.87356464
29.3,17.3,18.7,844,0.459105022,547.91,2.928523524
16.5,19.1,20.3,800,0.309245189,334.95,3.010620886
9.9,13.4,16.9,1733,0.69340828,167.31,2.827313622
15.1,15.1,20.1,733,0.724400487,303.51,3.000719815
16.6,5.7,17.7,644,0.87053387,293.82,2.87356464
12.3,8,17.2,1778,0.954379232,211.56,2.844909384
8.5,6.6,13,1511,0.50405361,110.5,2.564949357
7.8,11.3,17.2,1778,0.545377598,134.16,2.844909384
20.6,12.1,16.7,1067,0.096772505,344.02,2.815408719
5.8,5.2,16.5,589,0.830859409,95.7,2.803360381
23.4,12.4,21.2,967,0.727225887,496.08,3.054001182
6.8,3.7,15.7,1022,0.946598783,106.76,2.753660712
15.2,13.5,16.9,1733,0.425191794,256.88,2.827313622
16.9,11.2,15,1956,0.595946481,253.5,2.708050201
25.7,14.6,15.4,967,0.535696351,395.78,2.734367509
5.6,3.6,13,1511,0.18562708,72.8,2.564949357
3.7,6.5,11.8,1600,0.676792002,43.66,2.468099531
33.3,13.2,15.1,489,0.284966698,502.83,2.714694744
10.4,7.9,14.9,1222,0.105566995,154.96,2.701361213
9.5,9.2,18.7,844,0.04498057,177.65,2.928523524
6.5,6,21.2,967,0.001623537,137.8,3.054001182
26.9,14.4,14.9,1222,0.664194602,400.81,2.701361213
19.9,6.9,13,1511,0.531964505,258.7,2.564949357
15.6,14.2,14.1,2200,0.45275638,219.96,2.646174797
13.7,11,17.1,1411,0.482225546,234.27,2.839078464
18.4,9.9,15.1,489,0.938286293,277.84,2.714694744
22.2,13.1,18.1,556,0.627988696,401.82,2.895911938
15.2,10.7,15.7,656,0.263105431,238.64,2.753660712
19.7,9.8,16.7,1067,0.205433342,328.99,2.815408719
5.3,5.1,9.7,1644,0.416360459,51.41,2.272125886
11.4,9.4,15,1956,0.990335439,171,2.708050201
11.1,11.7,16.4,1844,0.070918769,182.04,2.797281335
6.5,8.7,15.7,1022,0.671869875,102.05,2.753660712
12.7,7.1,16.7,1067,0.823083406,212.09,2.815408719
11.2,13.1,20.5,722,0.86964247,229.6,3.020424886
18.9,11.5,21,922,0.070474535,396.9,3.044522438
6.5,9.7,15,1956,0.83335109,97.5,2.708050201
13.3,14.5,17.2,1778,0.048480446,228.76,2.844909384
22.3,14.6,17.7,644,0.349868743,394.71,2.87356464
7.8,6.1,16.5,589,0.227741952,128.7,2.803360381
3.9,3.7,11.8,1600,0.399554437,46.02,2.468099531
7.4,6.1,16.5,589,0.689028067,122.1,2.803360381
21.3,12.8,13,1511,0.83272548,276.9,2.564949357
23.1,14.8,20.1,733,0.758118232,464.31,3.000719815
12.7,9.2,17.2,1778,0.18579231,218.44,2.844909384
4.2,4.7,9.7,1644,0.631548373,40.74,2.272125886
16.7,12.7,16.6,1656,0.524724766,277.22,2.809402695
8,15.8,16.7,1067,0.776475276,133.6,2.815408719
6.7,6.8,17.1,1411,0.082153117,114.57,2.839078464
13.5,12.5,14.1,2200,0.417040861,190.35,2.646174797
14.6,16,16.6,1656,0.63878837,242.36,2.809402695
13,9.9,17.1,1411,0.375518681,222.3,2.839078464
4,4,11.8,1600,0.60767453,47.2,2.468099531
12.1,12,16.9,1733,0.763015963,204.49,2.827313622
2.9,4.3,16.2,1478,0.769420955,46.98,2.785011242
14.7,12.5,15.4,1033,0.081273753,226.38,2.734367509
6.9,8.4,15.4,967,0.026241746,106.26,2.734367509
15.3,8.8,20.1,733,0.787367522,307.53,3.000719815
23,9,15.1,489,0.670401012,347.3,2.714694744
16.1,9.8,15.4,1033,0.474711292,247.94,2.734367509
6.5,13.9,16.9,1733,0.706735895,109.85,2.827313622
15.1,14.5,20.3,800,0.080265397,306.53,3.010620886
10.2,8.6,14.1,2200,0.277111282,143.82,2.646174797
26.8,9.1,22.8,956,0.74042447,611.04,3.126760536
3.2,3.3,16.2,1478,0.841963449,51.84,2.785011242
3.6,2.8,15.4,1033,0.004791463,55.44,2.734367509
20.6,12.1,16.7,1067,0.575838737,344.02,2.815408719
16.3,11.1,14.9,1222,0.870222521,242.87,2.701361213
23.1,12.4,19.6,789,0.751920074,452.76,2.975529566
18.8,13.7,17.2,1778,0.021950085,323.36,2.844909384
5.2,6.4,14.1,2200,0.072055571,73.32,2.646174797
7.2,8.6,11.8,1600,0.525590462,84.96,2.468099531
11.6,15.2,18.1,556,0.593420056,209.96,2.895911938
33.1,14.8,15.7,1022,0.739941874,519.67,2.753660712
13.2,7.7,13.2,2122,0.599047886,174.24,2.58021683
4.1,5.8,15,1956,0.641457333,61.5,2.708050201
11.7,8.4,21.2,967,0.704769673,248.04,3.054001182
23.5,14.1,15.4,967,0.398651359,361.9,2.734367509
3.4,3.3,16.2,1478,0.990457683,55.08,2.785011242
27.1,14,15.4,967,0.032966684,417.34,2.734367509
18.2,14.2,20.3,800,0.645833045,369.46,3.010620886
10.8,8.8,10.1,1522,0.915586331,109.08,2.312535424
24.2,12.8,14.9,1222,0.242051143,360.58,2.701361213
5.6,4.4,9.7,1644,0.053258187,54.32,2.272125886
4.1,5.5,15,1956,0.68293131,61.5,2.708050201
11.7,10.4,16.6,1467,0.84551633,194.22,2.809402695
8.3,5.6,14.9,1222,0.6334599,123.67,2.701361213
5.6,3.2,15.7,656,0.323771392,87.92,2.753660712
2.7,3.5,16.2,1478,0.071975972,43.74,2.785011242
22.2,7.8,17.1,1411,0.756599496,379.62,2.839078464
6.3,5.6,16.2,1478,0.772431159,102.06,2.785011242
24,10.9,16.7,1067,0.516566833,400.8,2.815408719
7.5,11.2,14.1,2200,0.058174816,105.75,2.646174797
29.6,14.8,20.3,800,0.12816975,600.88,3.010620886
15.5,14.2,16.4,1844,0.890402835,254.2,2.797281335
14.8,14.3,16.9,1733,0.591511532,250.12,2.827313622
7.2,8.8,14.1,2200,0.951824875,101.52,2.646174797
14.8,15.6,17.7,644,0.418921783,261.96,2.87356464
10.2,10.2,16.9,1733,0.754711385,172.38,2.827313622
27.7,12.5,15.4,1033,0.692410882,426.58,2.734367509
18.2,15.7,20.5,722,0.02096271,373.1,3.020424886
9.7,6.9,16.9,1733,0.26317417,163.93,2.827313622
13.4,10.7,16.6,1467,0.186761924,222.44,2.809402695
12.3,8.2,14.9,1222,0.146630681,183.27,2.701361213
14.4,9.5,21,922,0.295608315,302.4,3.044522438
22,12.2,15.7,1022,0.220637299,345.4,2.753660712
4.8,4.7,7.2,1733,0.336691619,34.56,1.974081026
8.7,6.3,16.6,1467,0.688998973,144.42,2.809402695
4.8,4.7,9.7,1644,0.141196068,46.56,2.272125886
3.5,4.5,9.7,1644,0.039494247,33.95,2.272125886
16,9.4,13,1511,0.938223427,208,2.564949357
15.4,14.8,21,922,0.778818951,323.4,3.044522438
7,9.7,17.1,1411,0.044269513,119.7,2.839078464
6.6,6.2,21,922,0.332231161,138.6,3.044522438
3.2,3.9,9.7,1644,0.891144051,31.04,2.272125886
6.4,7.4,16.6,1467,0.943321374,106.24,2.809402695
3.6,4.4,11.8,1600,0.722601151,42.48,2.468099531
4.5,4.7,21,922,0.18135671,94.5,3.044522438
14.6,10,17.2,1778,0.102719463,251.12,2.844909384
22.9,16.2,21,922,0.260366299,480.9,3.044522438
3,5.2,9.7,1644,0.553933505,29.1,2.272125886
5.8,4.4,15.4,967,0.289143203,89.32,2.734367509
6.2,6,18.7,844,0.37373345,115.94,2.928523524
13.4,12.9,16.9,1733,0.437424976,226.46,2.827313622
15.6,12.2,16.9,1733,0.406091751,263.64,2.827313622
23.6,16.7,20.1,733,0.360815938,474.36,3.000719815
17.3,12.3,17.2,1778,0.666982042,297.56,2.844909384
2.9,5.4,9.7,1644,0.897989615,28.13,2.272125886
16.1,10.1,22.8,956,0.97636184,367.08,3.126760536
19.2,11.9,22.8,956,0.970549147,437.76,3.126760536
7.4,5.2,11.8,1600,0.798856367,87.32,2.468099531
11.8,6.7,15.7,656,0.381512542,185.26,2.753660712
5.9,4.6,9.7,1644,0.904485907,57.23,2.272125886
19.9,14.7,17.2,1778,0.876576498,342.28,2.844909384
11.3,5.8,20.3,800,0.154715863,229.39,3.010620886
3.2,4.1,11.8,1600,0.754929643,37.76,2.468099531
10.5,8.4,17.2,1778,0.634919022,180.6,2.844909384
5,4,15,1956,0.21382267,75,2.708050201
10.9,6.4,16.9,1733,0.138206245,184.21,2.827313622
3,4.1,11.8,1600,0.138620636,35.4,2.468099531
9.9,9.5,16.5,1356,0.802866664,163.35,2.803360381
7.6,7.1,22.8,956,0.064988288,173.28,3.126760536
10.5,10.3,16.4,1844,0.994374891,172.2,2.797281335
8.1,4.7,13,1511,0.783514657,105.3,2.564949357
20.3,12.5,17.7,644,0.512302643,359.31,2.87356464
9.6,8.2,14.1,2200,0.844249166,135.36,2.646174797
2.4,3.5,16.2,1478,0.726283956,38.88,2.785011242
18,10.8,14.9,1222,0.8610522,268.2,2.701361213
8.4,6.7,15.7,1022,0.026281551,131.88,2.753660712
15.2,12.7,17.1,1411,0.576340579,259.92,2.839078464
7.7,11.6,15.4,1033,0.954863494,118.58,2.734367509
22.3,14.2,14.9,1222,0.207539716,332.27,2.701361213
4.8,2.5,16.6,1656,0.492815266,79.68,2.809402695
14.3,16.4,17.2,1778,0.573975216,245.96,2.844909384
13,12.1,17.2,1778,0.493235525,223.6,2.844909384
5.3,3.2,13,1511,0.268032576,68.9,2.564949357
19.6,12.4,16.7,1067,0.35212021,327.32,2.815408719
6.4,4.1,18.7,844,0.964636505,119.68,2.928523524
19,13.1,14.9,1222,0.437407197,283.1,2.701361213
22.2,16.3,16.6,1656,0.313206275,368.52,2.809402695
15.6,14.3,16.9,1733,0.23922605,263.64,2.827313622
6.5,9.4,14.1,2200,0.750638444,91.65,2.646174797
16.5,12.3,20.1,733,0.535664371,331.65,3.000719815
13.4,12.5,16.9,1733,0.703355457,226.46,2.827313622
10.5,9.9,17.1,1411,0.670667107,179.55,2.839078464
6.8,8.2,15,1956,0.766524475,102,2.708050201
24,11.6,16.7,1067,0.738823261,400.8,2.815408719
16.5,13,14.9,1222,0.774419867,245.85,2.701361213
16.2,13.3,17.7,644,0.740165956,286.74,2.87356464
8.6,9.9,17.7,644,0.119060156,152.22,2.87356464
5.6,3.8,10.1,1522,0.991988659,56.56,2.312535424
16.6,6.8,15,1956,0.250642848,249,2.708050201
15.4,13.6,16.7,1067,0.857845344,257.18,2.815408719
20.2,12.5,17.1,1411,0.065098051,345.42,2.839078464
16.3,13.8,16.6,1656,0.634298526,270.58,2.809402695
15.7,10.1,16.4,1844,0.121512698,257.48,2.797281335
10.4,11.6,14.1,2200,0.308279116,146.64,2.646174797
24.4,12.7,15.7,656,0.588078827,383.08,2.753660712
8.6,9,18.1,556,0.146988821,155.66,2.895911938
14.8,10.4,12.9,633,0.674183213,190.92,2.557227311
22.2,13,16.2,1478,0.407761726,359.64,2.785011242
15.2,12.9,12.9,633,0.804098152,196.08,2.557227311
13,11.9,16.4,1844,0.145015755,213.2,2.797281335
18.7,18.9,16.4,1844,0.242262546,306.68,2.797281335
25.6,15.3,15.7,1022,0.824136417,401.92,2.753660712
5.8,9.8,16.6,1467,0.274654844,96.28,2.809402695
21.4,13.2,16.6,1656,0.278419596,355.24,2.809402695
18.4,13.1,17.1,1411,0.562840875,314.64,2.839078464
9.6,9.4,16.6,1467,0.012335849,159.36,2.809402695
5.8,4.3,13.2,2122,0.694344307,76.56,2.58021683
8.6,8.6,16.6,1656,0.806715054,142.76,2.809402695
17.3,9.8,16.9,1733,0.207648871,292.37,2.827313622
22.5,16.3,16.7,1067,0.263837546,375.75,2.815408719
7.6,11.7,17.2,1778,0.398184466,130.72,2.844909384
27.3,14.1,15.4,967,0.048639147,420.42,2.734367509
7.4,5.6,15,1956,0.374723967,111,2.708050201
18.8,13.7,16.7,1067,0.525314726,313.96,2.815408719
9.4,4.5,14.6,789,0.733385224,137.24,2.681021529
23.3,12,15.4,1033,0.540978338,358.82,2.734367509
11.9,9.9,16.6,1656,0.009976591,197.54,2.809402695
4.9,3.5,13,1511,0.058803238,63.7,2.564949357
7,11.9,14.1,2200,0.007041556,98.7,2.646174797
10,9.3,15.4,967,0.334752556,154,2.734367509
9,4.4,17.7,644,0.291709213,159.3,2.87356464
13.4,14.8,16.9,1733,0.244378638,226.46,2.827313622
7.3,5.9,11.8,1600,0.10082296,86.14,2.468099531
5.9,5.2,16.7,1067,0.637936001,98.53,2.815408719
18.5,8.8,22.8,956,0.524653595,421.8,3.126760536
4.3,5.4,9.7,1644,0.560676226,41.71,2.272125886
13.5,12.7,14.1,2200,0.076204424,190.35,2.646174797
13.9,14.1,15.7,656,0.288348758,218.23,2.753660712
5.9,2.6,15.4,1033,0.831876331,90.86,2.734367509
16.2,10.1,16.4,1844,0.917543752,265.68,2.797281335
5.7,6.9,16.2,1478,0.702825194,92.34,2.785011242
16.2,11.8,16.4,1844,0.242938632,265.68,2.797281335
16.8,10.4,16.5,589,0.263548666,277.2,2.803360381
6.4,5.5,16.4,1844,0.527510672,104.96,2.797281335
14.4,12.6,16.9,1733,0.253104637,243.36,2.827313622
8,8.1,21,922,0.969335366,168,3.044522438
4.3,6.3,15,1956,0.657971075,64.5,2.708050201
10.7,12.4,17.1,1411,0.265817939,182.97,2.839078464
7.5,11.7,17.2,1778,0.829052837,129,2.844909384
13.4,10.8,16.5,589,0.98909534,221.1,2.803360381
7.2,7.8,18.7,844,0.360099593,134.64,2.928523524
14.4,13.2,14.1,2200,0.061088202,203.04,2.646174797
18.3,16.5,16.5,1356,0.059454737,301.95,2.803360381
16.4,11.7,22.8,956,0.089517776,373.92,3.126760536
16,15.5,17.2,1778,0.081423127,275.2,2.844909384
14.4,9.5,15.1,1067,0.090468323,217.44,2.714694744
8.4,10.4,14.1,2200,0.076221488,118.44,2.646174797
30.4,11.7,16.2,1478,0.294940375,492.48,2.785011242
16.2,12.2,22.8,956,0.503274323,369.36,3.126760536
15.2,9,17.2,1778,0.404426583,261.44,2.844909384
7.2,12.6,14.1,2200,0.265179182,101.52,2.646174797
12.1,13.1,17.1,1411,0.000274936,206.91,2.839078464
2.2,3.8,15.1,489,0.414638522,33.22,2.714694744
24.2,18.9,21,922,0.26914078,508.2,3.044522438
4.5,5.5,16.2,1478,0.402892169,72.9,2.785011242
5.7,7.9,14.1,2200,0.97935232,80.37,2.646174797
21.3,9.6,14.9,1222,0.91396322,317.37,2.701361213
13.4,10.5,17.7,644,0.163580103,237.18,2.87356464
3.2,3.6,11.8,1600,0.831169483,37.76,2.468099531
8.9,8,16.4,1844,0.94967184,145.96,2.797281335
19.8,13.6,15,1956,0.289946754,297,2.708050201
24,14.9,18.7,844,0.049867464,448.8,2.928523524
23.6,7.6,13,1511,0.045740615,306.8,2.564949357
9.5,5.4,20.1,733,0.856504588,190.95,3.000719815
11.6,11.3,20.1,733,0.610558055,233.16,3.000719815
7.4,7.1,18.7,844,0.127439422,138.38,2.928523524
3.8,2.9,20.1,733,0.156927912,76.38,3.000719815
13.1,13.2,16.9,1733,0.153285192,221.39,2.827313622
17.2,15.1,22.8,956,0.918085813,392.16,3.126760536
3.8,4.2,17.2,1778,0.403483316,65.36,2.844909384
5.4,3.5,15.1,489,0.982270095,81.54,2.714694744
18.5,16.4,15.7,1022,0.573634822,290.45,2.753660712
5.6,6.7,15.4,1033,0.187942151,86.24,2.734367509
9.6,7.2,16.4,1844,0.451662373,157.44,2.797281335
6.6,6.5,16.4,1844,0.235912449,108.24,2.797281335
13.4,9,15.7,1022,0.133660803,210.38,2.753660712
21.7,8.3,13,1511,0.740591336,282.1,2.564949357
6.1,5.2,16.9,1733,0.768462327,103.09,2.827313622
15.4,14.2,16.6,1467,0.322526375,255.64,2.809402695
9.7,11.6,16.4,1844,0.556260958,159.08,2.797281335
14.3,14.3,21.2,967,0.160936458,303.16,3.054001182
3.7,4.1,9.7,1644,0.190499098,35.89,2.272125886
10.6,10.8,20.1,733,0.98939118,213.06,3.000719815
8.9,7.5,21,922,0.985512103,186.9,3.044522438
21.8,10.5,19.6,789,0.383407527,427.28,2.975529566
21.7,14.9,15.7,656,0.098586987,340.69,2.753660712
3.2,3.2,13,1511,0.378201328,41.6,2.564949357
5.2,11.8,14.1,2200,0.549142249,73.32,2.646174797
3.7,5.4,17.2,1778,0.798696488,63.64,2.844909384
9.3,8.8,16.4,1844,0.794689387,152.52,2.797281335
9,4.7,7.2,1733,0.893151394,64.8,1.974081026
13.4,13.7,15.4,1033,0.121646672,206.36,2.734367509
15.1,11.4,15.1,1067,0.370073662,228.01,2.714694744
3.2,4.9,15,1956,0.365745307,48,2.708050201
14.9,12.5,15.7,1022,0.16661512,233.93,2.753660712
12.1,7.2,15.4,1033,0.101837835,186.34,2.734367509
23,13,17.1,1411,0.746729947,393.3,2.839078464
23.5,15.9,15.7,1022,0.82561289,368.95,2.753660712
14.7,7.9,16.5,589,0.398278679,242.55,2.803360381
4,4.8,11.8,1600,0.561081676,47.2,2.468099531
12.7,10.3,19.6,789,0.048256502,248.92,2.975529566
18.3,10.4,13,1511,0.678976279,237.9,2.564949357
5.2,4.2,13,1511,0.962960135,67.6,2.564949357
4.1,5.1,16.2,1478,0.113617188,66.42,2.785011242
7.1,5.9,7.2,1733,0.529486248,51.12,1.974081026
40.7,15.2,15.1,489,0.315124763,614.57,2.714694744
12.1,11.4,14.1,2200,0.408095406,170.61,2.646174797
4.9,3.3,14.9,1222,0.205318939,73.01,2.701361213
11.1,8.1,16.9,1733,0.1173512,187.59,2.827313622
7.9,5.6,13,1511,0.186404488,102.7,2.564949357
15.3,11.6,17.1,1411,0.351878462,261.63,2.839078464
5.8,7.5,14.1,2200,0.828559525,81.78,2.646174797
15.8,10.6,15.4,967,0.436550641,243.32,2.734367509
19.3,13.4,16.5,1356,0.732106554,318.45,2.803360381
5.8,4.1,13,1511,0.017046459,75.4,2.564949357
9.7,14,16.6,1656,0.802497837,161.02,2.809402695
9.4,8.1,14.9,1222,0.279046229,140.06,2.701361213
14.1,6.8,15.7,1022,0.820636538,221.37,2.753660712
12.3,8.6,15.7,1022,0.797363972,193.11,2.753660712
21.6,12.9,21,922,0.633360413,453.6,3.044522438
20.8,18.7,20.5,722,0.650110877,426.4,3.020424886
6.4,10.7,14.1,2200,0.029505353,90.24,2.646174797
17.78,12.8,14.1,2200,0.892687503,250.698,2.646174797
7.2,12.1,14.1,2200,0.124795371,101.52,2.646174797
17.7,11.9,16.9,1733,0.682456652,299.13,2.827313622
16.7,9.5,22.8,956,0.194042548,380.76,3.126760536
13.1,8.8,17.7,644,0.475545379,231.87,2.87356464
14.6,11,12.9,633,0.243166465,188.34,2.557227311
5.8,7.6,11.8,1600,0.993002885,68.44,2.468099531
8.6,7.3,21,922,0.338464457,180.6,3.044522438
26.7,18.7,21,922,0.777390195,560.7,3.044522438
11.6,13.2,14.1,2200,0.294250796,163.56,2.646174797
9.2,8.8,16.4,1844,0.307541523,150.88,2.797281335
4.7,5.5,15,1956,0.186206862,70.5,2.708050201
16.1,14.4,16.7,1067,0.182200301,268.87,2.815408719
13.5,8.8,15.1,1067,0.268985535,203.85,2.714694744
22.5,16,20.5,722,0.704745878,461.25,3.020424886
17.7,11.3,17.2,1778,0.249375597,304.44,2.844909384
13.1,11.5,14.1,2200,0.484759755,184.71,2.646174797
3.2,4.3,9.7,1644,0.276589486,31.04,2.272125886
3,3.9,11.8,1600,0.469398428,35.4,2.468099531
4.2,5.5,11.8,1600,0.287994679,49.56,2.468099531
17.5,8.5,15.7,1022,0.406665141,274.75,2.753660712
3.5,2.5,16.2,1478,0.451283724,56.7,2.785011242
7.2,8.4,16.5,589,0.629716646,118.8,2.803360381
24.4,16.7,20.5,722,0.168492306,500.2,3.020424886
8.9,10.8,16.6,1467,0.473962726,147.74,2.809402695
6.3,7.9,13.2,2122,0.269762783,83.16,2.58021683
15.8,9.9,15.4,967,0.109412974,243.32,2.734367509
13.6,9.9,13,1511,0.187571305,176.8,2.564949357
7.3,6.8,16.4,1844,0.149929486,119.72,2.797281335
8.2,8.5,16.4,1844,0.275143907,134.48,2.797281335
20.8,12.9,22.8,956,0.171152938,474.24,3.126760536
13.1,10,15.4,1033,0.494564422,201.74,2.734367509
6.8,5.8,15.7,1022,0.505045027,106.76,2.753660712
19.4,12.4,15.7,656,0.060544766,304.58,2.753660712
4.9,5.3,15,1956,0.343737125,73.5,2.708050201
6.9,7.7,15.7,656,0.118111775,108.33,2.753660712
11.1,6.1,11.8,1600,0.127777245,130.98,2.468099531
23.7,14,15.7,656,0.919163368,372.09,2.753660712
29,14.4,15.1,489,0.375363551,437.9,2.714694744
19,23.3,21,922,0.061297903,399,3.044522438
12.8,11.2,16.4,1844,0.827736377,209.92,2.797281335
7.7,5.6,11.8,1600,0.278211032,90.86,2.468099531
5.1,6.1,15,1956,0.985831986,76.5,2.708050201
11,11.5,17.2,1778,0.900203159,189.2,2.844909384
14.1,8.5,16.9,1733,0.070664885,238.29,2.827313622
2.4,2.7,14.9,1222,0.990872328,35.76,2.701361213
13.7,10.3,16.6,1467,0.851032846,227.42,2.809402695
6.6,5.9,16.4,1844,0.386828247,108.24,2.797281335
19.7,10.6,16.2,1478,0.978062744,319.14,2.785011242
12.9,6.4,16.9,1733,0.151269052,218.01,2.827313622
13.1,7.7,15.4,1033,0.606718571,201.74,2.734367509
14.1,11.7,17.2,1778,0.638908939,242.52,2.844909384
8.1,8.7,14.1,2200,0.55198684,114.21,2.646174797
6.9,11.7,17.2,1778,0.469733763,118.68,2.844909384
18.3,14.4,20.5,722,0.418782219,375.15,3.020424886
14.4,9.8,12.9,633,0.7412475,185.76,2.557227311
18.5,9.6,16.4,1844,0.581845806,303.4,2.797281335
15.4,9.6,16.4,1844,0.725098971,252.56,2.797281335
3,3,16.2,1478,0.62160697,48.6,2.785011242
10.2,7.2,14.1,2200,0.679535506,143.82,2.646174797
4.1,8.1,16.6,1467,0.194392919,68.06,2.809402695
21.7,9.2,16.5,589,0.171206188,358.05,2.803360381
12,9.8,16.9,1733,0.933585909,202.8,2.827313622
12.6,15.9,17.2,1778,0.588857137,216.72,2.844909384
18.8,16.4,20.3,800,0.511545029,381.64,3.010620886
5.3,5.6,11.8,1600,0.438703056,62.54,2.468099531
3.9,5,9.7,1644,0.655732916,37.83,2.272125886
7.8,5,13,1511,0.626048272,101.4,2.564949357
10.7,9.4,16.9,1733,0.794401616,180.83,2.827313622
11.8,10.2,22.8,956,0.66805991,269.04,3.126760536
7.2,10.6,16.4,1844,0.842349348,118.08,2.797281335
13.5,15.4,22.8,956,0.720295168,307.8,3.126760536
6.5,8.7,17.1,1411,0.214414956,111.15,2.839078464
4,4.4,15,1956,0.704461202,60,2.708050201
7.8,8.2,16.6,1467,0.924384402,129.48,2.809402695
13.1,14,16.6,1467,0.89205424,217.46,2.809402695
11.6,9.3,16.9,1733,0.904609705,196.04,2.827313622
13,11.2,17.1,1411,0.659269121,222.3,2.839078464
10.3,10.8,15.7,656,0.375148518,161.71,2.753660712
9.5,13.3,17.2,1778,0.87172872,163.4,2.844909384
9.3,8.4,15,1956,0.809295744,139.5,2.708050201
12.8,7,17.2,1778,0.40290358,220.16,2.844909384
26.7,9.5,13,1511,0.185601852,347.1,2.564949357
11.7,6.6,15.4,967,0.381011381,180.18,2.734367509
10.2,8.2,14.1,2200,0.859596439,143.82,2.646174797
4.4,5.7,9.7,1644,0.365882611,42.68,2.272125886
12.2,8.7,16.9,1733,0.003533773,206.18,2.827313622
3.5,4.2,9.7,1644,0.144859189,33.95,2.272125886
17.1,9.5,13,1511,0.508117247,222.3,2.564949357
6,6.3,15,1956,0.476267601,90,2.708050201
3.6,2.9,13,1511,0.804066185,46.8,2.564949357
9.8,9.2,15,1956,0.072195654,147,2.708050201
22.3,13.2,18.1,556,0.62379,403.63,2.895911938
25.6,19.9,19.6,789,0.956592285,501.76,2.975529566
3,4.7,15,1956,0.010649653,45,2.708050201
5.8,6.2,15.1,489,0.004136307,87.58,2.714694744
23.1,13.7,14.9,1222,0.13838446,344.19,2.701361213
15.1,10.8,16.4,1844,0.917844881,247.64,2.797281335
4.9,7.6,13.2,2122,0.306050436,64.68,2.58021683
6.8,10.3,17.1,1411,0.071626829,116.28,2.839078464
14.4,10.3,12.9,633,0.372525171,185.76,2.557227311
7.4,10.9,14.1,2200,0.393010674,104.34,2.646174797
16.4,10.2,15.4,1033,0.092058224,252.56,2.734367509
13.2,11.8,14.1,2200,0.843863045,186.12,2.646174797
5.2,6.2,10.1,1522,0.530699009,52.52,2.312535424
20.1,10.8,18.1,556,0.416238935,363.81,2.895911938
7.6,7.7,15.4,967,0.60562396,117.04,2.734367509
14.3,9.1,20.5,722,0.086043534,293.15,3.020424886
25,14.1,21,922,0.211763213,525,3.044522438
21.1,10.9,19.6,789,0.888649425,413.56,2.975529566
8.5,7.5,17.2,1778,0.915848597,146.2,2.844909384
18.4,8.4,15.4,1033,0.52387879,283.36,2.734367509
3,4.5,15,1956,0.466872533,45,2.708050201
23.3,16.7,20.5,722,0.470580621,477.65,3.020424886
37.2,11.7,9.7,1644,0.818618239,360.84,2.272125886
27.7,12.1,16.2,1478,0.592643343,448.74,2.785011242
3.3,4.5,9.7,1644,0.452321855,32.01,2.272125886
20.2,14.4,20.1,733,0.605040906,406.02,3.000719815
16.7,17.2,19.6,789,0.558757664,327.32,2.975529566
18,13.5,14.9,1222,0.481566045,268.2,2.701361213
14.5,11.1,17.1,1411,0.10929851,247.95,2.839078464
11.5,12.6,14.1,2200,0.836218912,162.15,2.646174797
3.1,4.6,9.7,1644,0.314307855,30.07,2.272125886
21.8,16.5,18.7,844,0.120073292,407.66,2.928523524
8.5,4.7,21,922,0.799052958,178.5,3.044522438
9.6,9.8,20.3,800,0.42730098,194.88,3.010620886
10.5,7.3,13,1511,0.691128261,136.5,2.564949357
8.5,9.7,17.1,1411,0.636658445,145.35,2.839078464
7.3,7.4,16.7,1067,0.211115686,121.91,2.815408719
19.3,11.6,14.6,789,0.3745717,281.78,2.681021529
17.5,10.4,13,1511,0.464955318,227.5,2.564949357
22.6,13.4,16.9,1733,0.736408661,381.94,2.827313622
24.2,12.6,18.7,844,0.438355208,452.54,2.928523524
24.5,12.3,17.1,1411,0.474656155,418.95,2.839078464
5.2,5.1,11.8,1600,0.847920541,61.36,2.468099531
7.8,8.1,16.7,1067,0.224308568,130.26,2.815408719
22.7,9.5,22.8,956,0.047863475,517.56,3.126760536
12.8,12.3,16.6,1656,0.45406893,212.48,2.809402695
25,15.4,18.1,556,0.29479638,452.5,2.895911938
15.6,11.2,15.4,967,0.751910852,240.24,2.734367509
6.1,7.2,16.4,1844,0.628148081,100.04,2.797281335
20.1,11.8,18.7,844,0.475441077,375.87,2.928523524
13.2,7.2,18.7,844,0.150050401,246.84,2.928523524
6.3,5.7,16.5,589,0.241270495,103.95,2.803360381
10.8,15.9,17.2,1778,0.499339301,185.76,2.844909384
2.8,4.9,9.7,1644,0.814837277,27.16,2.272125886
23.9,10.2,15.7,656,0.02744898,375.23,2.753660712
13.1,10.8,15,1956,0.242991928,196.5,2.708050201
15.1,8.6,15.1,489,0.164243318,228.01,2.714694744
10.5,12.6,14.1,2200,0.252419031,148.05,2.646174797
11.6,13.4,14.1,2200,0.520923301,163.56,2.646174797
16.7,12.1,15.4,1033,0.917594714,257.18,2.734367509
17.1,13.1,17.7,644,0.410615025,302.67,2.87356464
11.1,9.7,21,922,0.875593832,233.1,3.044522438
17.9,8.8,16.5,589,0.881373816,295.35,2.803360381
15.7,11,16.9,1733,0.984379236,265.33,2.827313622
8.3,4.2,20.5,722,0.068943694,170.15,3.020424886
18.8,14.7,20.3,800,0.763936137,381.64,3.010620886
12.8,12.9,17.1,1411,0.512451623,218.88,2.839078464
18.4,10.2,15,1956,0.939577768,276,2.708050201
5.9,3.7,15.7,656,0.101169552,92.63,2.753660712
21.1,15.6,16.4,1844,0.247764486,346.04,2.797281335
12.2,12.4,14.1,2200,0.321492663,172.02,2.646174797
14.1,15.9,16.4,1844,0.54408547,231.24,2.797281335
3.9,4.5,14.9,1222,0.714006537,58.11,2.701361213
9.6,12,12.9,633,0.064021893,123.84,2.557227311
25.8,15.2,21,922,0.163882704,541.8,3.044522438
10.7,7.4,15,1956,0.264175783,160.5,2.708050201
41.4,17,20.1,733,0.073490292,832.14,3.000719815
19.5,13.8,17.1,1411,0.850182981,333.45,2.839078464
13.2,12.4,17.2,1778,0.383004856,227.04,2.844909384
8.4,10.6,19.6,789,0.975604374,164.64,2.975529566
11.2,9.2,13,1511,0.419335862,145.6,2.564949357
12.6,8.9,20.1,733,0.409314799,253.26,3.000719815
27.2,13.3,16.7,1067,0.290459642,454.24,2.815408719
28.8,16.1,17.1,1411,0.053529334,492.48,2.839078464
6.3,5.7,16.4,1844,0.009151612,103.32,2.797281335
9.9,7,16.6,1467,0.055594547,164.34,2.809402695
11.2,9.1,17.7,644,0.891215665,198.24,2.87356464
11.5,13.2,16.9,1733,0.470496371,194.35,2.827313622
31.4,13.4,16.2,1478,0.556437279,508.68,2.785011242
16.2,10.3,15.4,1033,0.226479501,249.48,2.734367509
16.4,8.7,16.4,1844,0.012700401,268.96,2.797281335
4.1,4,16.2,1478,0.056666056,66.42,2.785011242
24.4,12.1,15.7,656,0.770051552,383.08,2.753660712
8.9,10.9,14.1,2200,0.391885094,125.49,2.646174797
3.6,3.4,9.7,1644,0.740797801,34.92,2.272125886
21.5,8.8,18.1,556,0.743376739,389.15,2.895911938
12,8.9,20.3,800,0.445421397,243.6,3.010620886
5,3.5,14.9,1222,0.46409928,74.5,2.701361213
5.9,6.8,15,1956,0.179394673,88.5,2.708050201
3.4,2.9,13,1511,0.090927526,44.2,2.564949357
9.5,14.7,17.2,1778,0.075962669,163.4,2.844909384
15.9,15.8,17.2,1778,0.821208774,273.48,2.844909384
6.4,4.8,11.8,1600,0.377505411,75.52,2.468099531
15.6,11.7,21,922,0.044284501,327.6,3.044522438
16.1,11.6,16.9,1733,0.255572942,272.09,2.827313622
4.5,4.8,9.7,1644,0.187731315,43.65,2.272125886
27.7,15.8,15.1,489,0.624191979,418.27,2.714694744
5.8,6.9,16.7,1067,0.476245571,96.86,2.815408719
8.1,6.8,16.4,1844,0.018396982,132.84,2.797281335
28.5,15.3,15.7,1022,0.089351718,447.45,2.753660712
6.9,8.2,13.2,2122,0.641745448,91.08,2.58021683
16.2,10,19.6,789,0.42269756,317.52,2.975529566
11.3,16.2,17.2,1778,0.155272194,194.36,2.844909384
5.2,6.5,11.8,1600,0.198212493,61.36,2.468099531
21.9,12.9,17.1,1411,0.897487518,374.49,2.839078464
4.5,3.2,15,1956,0.455375682,67.5,2.708050201
12.8,12,18.7,844,0.059160247,239.36,2.928523524
25.5,12.5,18.7,844,0.305679573,476.85,2.928523524
24.3,13.3,16.7,1067,0.925982662,405.81,2.815408719
21.4,10.4,12.9,633,0.161978981,276.06,2.557227311
17.8,11.2,12.9,633,0.832262339,229.62,2.557227311
16.9,12.3,15.7,1022,0.122338,265.33,2.753660712
8.1,8.8,16.9,1733,0.181422362,136.89,2.827313622
10.5,8.3,16.4,1844,0.141222464,172.2,2.797281335
11.6,6.7,16.9,1733,0.92582854,196.04,2.827313622
14,13.4,16.6,1656,0.684349294,232.4,2.809402695
10.3,8.3,15,1956,0.233230152,154.5,2.708050201
17.9,9.9,15.4,1033,0.303298257,275.66,2.734367509
10,13.5,16.9,1733,0.472762191,169,2.827313622
16.2,13.1,17.1,1411,0.610322635,277.02,2.839078464
2.8,4.4,15,1956,0.578256021,42,2.708050201
10.7,11.3,15.1,1067,0.516299546,161.57,2.714694744
11.2,17.6,20.5,722,0.210638119,229.6,3.020424886
3.5,3.6,16.2,1478,0.911295939,56.7,2.785011242
6.7,8.3,16.4,1844,0.082912984,109.88,2.797281335
24.3,13.8,19.6,789,0.539437768,476.28,2.975529566
4.8,4.8,9.7,1644,0.707889476,46.56,2.272125886
22.7,20,21,922,0.456908769,476.7,3.044522438
7.4,9,17.1,1411,0.108485799,126.54,2.839078464
24,11.8,20.1,733,0.391776336,482.4,3.000719815
13.4,11.1,16.6,1656,0.042449908,222.44,2.809402695
3.5,4.6,11.8,1600,0.867095896,41.3,2.468099531
6.5,5.7,15,1956,0.908874657,97.5,2.708050201
2.9,3.1,15,1956,0.74923867,43.5,2.708050201
25.6,15.7,16.5,589,0.714157419,422.4,2.803360381
4.4,3.9,11.8,1600,0.359110423,51.92,2.468099531
20.9,11.2,13,1511,0.961408845,271.7,2.564949357
14,10.1,20.3,800,0.235399261,284.2,3.010620886
19.4,11.1,17.2,1778,0.491688943,333.68,2.844909384
10.9,10.7,17.2,1778,0.9169449,187.48,2.844909384
15.4,13.5,16.9,1733,0.502597977,260.26,2.827313622
10.5,9.8,17.1,1411,0.689189756,179.55,2.839078464
8.9,12.6,14.1,2200,0.247270848,125.49,2.646174797
17.8,8.2,22.8,956,0.392699482,405.84,3.126760536
17.2,11.6,14.9,1222,0.479386866,256.28,2.701361213
24.8,16.7,18.7,844,0.213290184,463.76,2.928523524
20.2,12.8,17.7,644,0.59071465,357.54,2.87356464
17.5,16.5,17.2,1778,0.787046966,301,2.844909384
17.3,18.2,17.2,1778,0.223482188,297.56,2.844909384
12,9,15.8,1522,0.694579916,189.6,2.76000994
15,9.5,17.1,1411,0.801368509,256.5,2.839078464
2.9,3,9.7,1644,0.183312275,28.13,2.272125886
20.8,14.6,21,922,0.300164335,436.8,3.044522438
12.7,9.5,16.9,1733,0.656333157,214.63,2.827313622
5,4.2,9.7,1644,0.174171409,48.5,2.272125886
4.6,4.7,16.2,1478,0.301552739,74.52,2.785011242
24.5,14.4,21,922,0.107134386,514.5,3.044522438
11.5,10.5,15.7,1022,0.947146187,180.55,2.753660712
12.6,14.4,17.1,1411,0.447956317,215.46,2.839078464
16.5,10.7,20.1,733,0.28832065,331.65,3.000719815
15.6,12.3,17.2,1778,0.880843797,268.32,2.844909384
24.5,12.5,15.1,489,0.796807642,369.95,2.714694744
20.5,11.6,13,1511,0.653830211,266.5,2.564949357
13,15.3,16.4,1844,0.463486094,213.2,2.797281335
5.9,4.8,11.8,1600,0.037655555,69.62,2.468099531
22.5,14.4,16.4,1844,0.916855509,369,2.797281335
23.8,11.2,14.6,789,0.84286602,347.48,2.681021529
26,13.1,15.4,967,0.692903543,400.4,2.734367509
13.7,7.2,18.7,844,0.656541023,256.19,2.928523524
22.1,14.4,20.3,800,0.062996514,448.63,3.010620886
30.6,20.7,19.6,789,0.737872911,599.76,2.975529566
3.6,3.5,16.9,1733,0.782490498,60.84,2.827313622
10.1,6.5,12.9,633,0.464188664,130.29,2.557227311
6.1,5.7,16.2,1478,0.399818534,98.82,2.785011242
9.5,11.1,16.7,1067,0.211522881,158.65,2.815408719
22.1,14.1,18.7,844,0.21648002,413.27,2.928523524
7.9,6.3,20.5,722,0.759109502,161.95,3.020424886
9.2,6.7,16.2,1478,0.830016693,149.04,2.785011242
23.6,18.3,18.7,844,0.058992189,441.32,2.928523524
27.2,14.3,16.7,1067,0.830777922,454.24,2.815408719
4.4,5.2,14.1,2200,0.14667346,62.04,2.646174797
4.8,5.2,15.1,489,0.430548462,72.48,2.714694744
15.3,14.4,16.6,1467,0.267876719,253.98,2.809402695
16.1,7.1,15.4,1033,0.996516316,247.94,2.734367509
14.4,12.7,14.1,2200,0.499851339,203.04,2.646174797
14.4,8.7,15.7,1022,0.304327517,226.08,2.753660712
11.2,8.3,16.4,1844,0.092773543,183.68,2.797281335
20.9,14.8,16.7,1067,0.69822492,349.03,2.815408719
6.5,7.3,13,1511,0.488551751,84.5,2.564949357
14.2,10.6,16.9,1733,0.271284199,239.98,2.827313622
13.5,12.1,14.1,2200,0.387707286,190.35,2.646174797
3,5.2,13.2,2122,0.162063347,39.6,2.58021683
7.6,10.7,14.1,2200,0.303347092,107.16,2.646174797
16.5,6.9,13,1511,0.94108013,214.5,2.564949357
9.6,12.9,22.8,956,0.83710575,218.88,3.126760536
6.7,6.4,17.2,1778,0.943162383,115.24,2.844909384
14.2,12.8,16.4,1844,0.24799356,232.88,2.797281335
4,5.6,9.7,1644,0.131972749,38.8,2.272125886
17.1,10,12.9,633,0.851918055,220.59,2.557227311
18.2,8.9,12.9,633,0.110521609,234.78,2.557227311
13.6,13.3,16.4,1844,0.791787013,223.04,2.797281335
6,5.4,9.7,1644,0.651206202,58.2,2.272125886
18.2,15.1,20.1,733,0.061481279,365.82,3.000719815
4.3,5.7,14.9,1222,0.26888616,64.07,2.701361213
12.5,11.5,16.4,1844,0.684514049,205,2.797281335
2.7,3.9,11.8,1600,0.393378979,31.86,2.468099531
15.6,12.5,20.3,800,0.346958765,316.68,3.010620886
9.4,7.9,15.4,1033,0.751951653,144.76,2.734367509
13.3,10.8,15.7,1022,0.275772675,208.81,2.753660712
11.2,10.8,16.4,1844,0.002328412,183.68,2.797281335
6.5,8.8,17.2,1778,0.034149924,111.8,2.844909384
10.6,12.3,17.2,1778,0.236964221,182.32,2.844909384
13.3,14.7,17.2,1778,0.683236912,228.76,2.844909384
4.9,4.4,11.8,1600,0.856314614,57.82,2.468099531
10.4,6.2,13,1511,0.515263301,135.2,2.564949357
26.8,14,15.7,1022,0.800390278,420.76,2.753660712
20.5,13.6,20.3,800,0.106926079,416.15,3.010620886
3.1,2.5,15.1,489,0.987638148,46.81,2.714694744
22.7,16.8,21,922,0.418954696,476.7,3.044522438
16.1,8.1,15.7,1022,0.016830576,252.77,2.753660712
13.5,10.9,17.7,644,0.980252904,238.95,2.87356464
13,12.8,15,1956,0.551696569,195,2.708050201
9.1,12.2,14.1,2200,0.477160955,128.31,2.646174797
3.6,4.2,15.1,489,0.314733854,54.36,2.714694744
3.5,4,11.8,1600,0.783273211,41.3,2.468099531
11.8,12.8,16.9,1733,0.421552434,199.42,2.827313622
3.1,3.5,16.2,1478,0.525482886,50.22,2.785011242
14.6,9.3,13,1511,0.110147483,189.8,2.564949357
5.4,7.2,14.1,2200,0.316675827,76.14,2.646174797
7.5,6.8,14.1,2200,0.818666478,105.75,2.646174797
25.5,12.3,15.1,489,0.576675346,385.05,2.714694744
9.1,5.9,12.9,633,0.939686001,117.39,2.557227311
6.4,3.9,17.2,1778,0.44684731,110.08,2.844909384
30.6,17.9,18.7,844,0.504837422,572.22,2.928523524
27.5,13.5,18.1,556,0.402619279,497.75,2.895911938
8.5,9.2,18.7,844,0.089927589,158.95,2.928523524
25.1,12.9,15,1956,0.042151363,376.5,2.708050201
9.6,12.7,14.1,2200,0.43360546,135.36,2.646174797
13.4,17.6,18.7,844,0.953007322,250.58,2.928523524
12.2,9.8,16.9,1733,0.142618966,206.18,2.827313622
5.7,12,17.7,644,0.920756219,100.89,2.87356464
4.2,9.9,15,1956,0.086537602,63,2.708050201
6.4,5.6,11.8,1600,0.331274502,75.52,2.468099531
22.2,11.1,16.5,589,0.056692543,366.3,2.803360381
6.8,8.1,13.2,2122,0.829269942,89.76,2.58021683
13.1,13.2,15.7,656,0.845449209,205.67,2.753660712
15,11.4,21.2,967,0.914522098,318,3.054001182
16.1,13.5,20.3,800,0.873069075,326.83,3.010620886
15.3,13.8,17.1,1411,0.011135131,261.63,2.839078464
7.2,8.1,16.6,1656,0.615428792,119.52,2.809402695
16.6,13.1,20.5,722,0.574414485,340.3,3.020424886
10.2,5.2,12.9,633,0.437162153,131.58,2.557227311
8.6,11,14.1,2200,0.525814528,121.26,2.646174797
14.9,11.4,14.9,1222,0.817517761,222.01,2.701361213
21.8,8.4,15,1956,0.444523464,327,2.708050201
3.2,3.5,16.2,1478,0.130693014,51.84,2.785011242
4,5.3,9.7,1644,0.786883311,38.8,2.272125886
18.1,13.1,16.7,1067,0.384782568,302.27,2.815408719
23.4,13.8,22.8,956,0.791526121,533.52,3.126760536
5.2,7.2,17.2,1778,0.21980668,89.44,2.844909384
4,5.3,9.7,1644,0.434493563,38.8,2.272125886
22.3,16,18.1,556,0.204140211,403.63,2.895911938
14.1,11.8,17.7,644,0.149604256,249.57,2.87356464
10.9,9.4,16.7,1067,0.415193401,182.03,2.815408719
5.6,3.4,9.7,1644,0.920217299,54.32,2.272125886
18.1,15.6,21,922,0.244181836,380.1,3.044522438
13.5,8.9,16.9,1733,0.032625003,228.15,2.827313622
12.1,13.8,16.6,1656,0.469666086,200.86,2.809402695
22.3,15.5,16.7,1067,0.791099077,372.41,2.815408719
11.7,8.3,13,1511,0.306455247,152.1,2.564949357
17.3,10,14.9,1222,0.441597043,257.77,2.701361213
8.2,5.5,15,1956,0.263854105,123,2.708050201
7.2,3.6,9.7,1644,0.038079243,69.84,2.272125886
12.4,10.4,14.1,2200,0.144117099,174.84,2.646174797
18.3,13.2,22.8,956,0.310939922,417.24,3.126760536
8.9,6,15.4,1033,0.56313719,137.06,2.734367509
6.9,5.6,9.7,1644,0.930915323,66.93,2.272125886
9.8,7.9,16.7,1067,0.212834872,163.66,2.815408719
8.9,7.1,13,1511,0.126833097,115.7,2.564949357
3.1,2.2,15.4,1033,0.79489749,47.74,2.734367509
12,10.8,17.1,1411,0.20534519,205.2,2.839078464
17,11.1,22.8,956,0.475057225,387.6,3.126760536
13.1,12.4,17.1,1411,0.575874384,224.01,2.839078464
15.1,12.4,18.7,844,0.990633003,282.37,2.928523524
13.5,12.4,17.2,1778,0.238023765,232.2,2.844909384
15,10.6,16.5,589,0.868026191,247.5,2.803360381
6.5,6.4,16.2,1478,0.853241797,105.3,2.785011242
23.4,12,16.2,1478,0.625043955,379.08,2.785011242
3.8,3.7,11.8,1600,0.693930608,44.84,2.468099531
10.7,9.7,17.1,1411,0.083561504,182.97,2.839078464
9.3,7,17.7,644,0.015362411,164.61,2.87356464
5.5,4.6,11.8,1600,0.181109251,64.9,2.468099531
9.2,8.9,16.4,1844,0.914604698,150.88,2.797281335
14.7,9.9,13,1511,0.364654283,191.1,2.564949357
3.6,4.2,9.7,1644,0.883717171,34.92,2.272125886
15.4,12.6,15.7,656,0.765409118,241.78,2.753660712
16.2,16.6,15.7,656,0.320169818,254.34,2.753660712
10.3,12.3,17.2,1778,0.278169072,177.16,2.844909384
14.5,15.1,20.3,800,0.939198551,294.35,3.010620886
11.6,11.5,16.6,1656,0.973882471,192.56,2.809402695
7.2,9.7,15.4,1033,0.305595635,110.88,2.734367509
19.5,10.9,15.7,656,0.566337142,306.15,2.753660712
5.6,9.5,17.1,1411,0.787893576,95.76,2.839078464
12,13.5,16.6,1656,0.259301879,199.2,2.809402695
7.9,13.1,14.1,2200,0.458533993,111.39,2.646174797
32.5,10.8,15.4,1033,0.821932703,500.5,2.734367509
26.9,12.4,20.1,733,0.632607198,540.69,3.000719815
14.8,14.2,21.2,967,0.822722168,313.76,3.054001182
14,11.1,15,1956,0.960234051,210,2.708050201
15.7,12.4,15.4,967,0.072008037,241.78,2.734367509
11.4,5.9,9.7,1644,0.205758796,110.58,2.272125886
14.5,13.4,16.4,1844,0.448077724,237.8,2.797281335
7,13.5,15.4,1033,0.287090545,107.8,2.734367509
20.8,14.7,18.7,844,0.345685111,388.96,2.928523524
14.4,13.2,14.1,2200,0.733715964,203.04,2.646174797
14.2,14,17.2,1778,0.41035231,244.24,2.844909384
11.6,9.1,10.1,1522,0.331747902,117.16,2.312535424
3,4.2,11.8,1600,0.095982461,35.4,2.468099531
15.8,13.7,17.2,1778,0.092815683,271.76,2.844909384
3.5,3.3,12.9,633,0.927442548,45.15,2.557227311
13.6,12.7,17.1,1411,0.662887815,232.56,2.839078464
26,13.9,15,1956,0.028332446,390,2.708050201
21.9,17.2,18.7,844,0.857668099,409.53,2.928523524
9.7,10.5,14.1,2200,0.008599281,136.77,2.646174797
13,13.8,18.7,844,0.795825565,243.1,2.928523524
15.6,13.6,16.9,1733,0.512231333,263.64,2.827313622
3.7,3.8,16.2,1478,0.625065184,59.94,2.785011242
11.7,16,17.2,1778,0.837904424,201.24,2.844909384
19.4,16.7,20.5,722,0.61500403,397.7,3.020424886
12.3,7.2,14.6,789,0.241364688,179.58,2.681021529
21.2,11.1,19.6,789,0.216271561,415.52,2.975529566
15.4,7.3,15.4,1033,0.468456944,237.16,2.734367509
10.8,11.7,20.5,722,0.129833871,221.4,3.020424886
15.7,9.8,12.9,633,0.005973315,202.53,2.557227311
24.7,11.9,15.7,1022,0.78692061,387.79,2.753660712
3.6,5.1,15,1956,0.884997485,54,2.708050201
4.7,4.2,13,1511,0.856440087,61.1,2.564949357
18.8,13.7,16.4,1844,0.659787268,308.32,2.797281335
15.8,10.9,17.1,1411,0.015337723,270.18,2.839078464
27.6,16,21,922,0.904588593,579.6,3.044522438
12.9,9.1,12.9,633,0.370514784,166.41,2.557227311
10.8,10.2,16.4,1844,0.256747637,177.12,2.797281335
16.4,14.5,15.4,967,0.225535566,252.56,2.734367509
23.4,12,16.7,1067,0.998152791,390.78,2.815408719
24,14.7,18.1,556,0.931365497,434.4,2.895911938
13.9,15.6,18.1,556,0.555461829,251.59,2.895911938
7.1,8.5,17.1,1411,0.244228768,121.41,2.839078464
3.2,3.9,16.2,1478,0.041490103,51.84,2.785011242
16.5,11.8,13,1511,0.080532193,214.5,2.564949357
16.8,13.2,15,1956,0.438934926,252,2.708050201
23.4,13.4,15.1,489,0.481988622,353.34,2.714694744
5.2,5.3,9.7,1644,0.73479747,50.44,2.272125886
9.5,6.6,16.6,1467,0.537874137,157.7,2.809402695
3,3.5,15,1956,0.563227696,45,2.708050201
19.7,9.8,12.9,633,0.195451471,254.13,2.557227311
19.7,15.3,21,922,0.248607994,413.7,3.044522438
16.7,15.6,16.4,1844,0.546461072,273.88,2.797281335
10.6,7.3,16.9,1733,0.464963825,179.14,2.827313622
3.5,5.4,15,1956,0.1262672,52.5,2.708050201
10.9,12.6,14.1,2200,0.108140154,153.69,2.646174797
18.8,16,16.9,1733,0.673802614,317.72,2.827313622
20.4,14.8,18.7,844,0.705514489,381.48,2.928523524
15.8,11,18.1,556,0.824624895,285.98,2.895911938
24.1,14.2,15.4,967,0.764618588,371.14,2.734367509
16.2,22.6,20.3,800,0.948160876,328.86,3.010620886
11.6,8.7,13,1511,0.107706959,150.8,2.564949357
9.4,10.9,16.9,1733,0.924839244,158.86,2.827313622
13.6,12.2,15,1956,0.862013649,204,2.708050201
3.9,4.4,11.8,1600,0.730667986,46.02,2.468099531
9.8,8.8,15.7,656,0.66139268,153.86,2.753660712
7.5,8.6,16.4,1844,0.128092342,123,2.797281335
9.8,8.8,15.1,1067,0.310615588,147.98,2.714694744
17.5,8.5,16.4,1844,0.130607333,287,2.797281335
16.5,12.3,17.2,1778,0.948996488,283.8,2.844909384
8.2,7.1,16.6,1467,0.712302374,136.12,2.809402695
14.5,12.8,17.1,1411,0.701867199,247.95,2.839078464
15.4,13.4,16.7,1067,0.541465765,257.18,2.815408719
9.1,7.5,16.4,1844,0.767345122,149.24,2.797281335
5,4.7,17.1,1411,0.918571481,85.5,2.839078464
4.3,4.8,11.8,1600,0.692477849,50.74,2.468099531
10.6,10.4,14.1,2200,0.404412367,149.46,2.646174797
15.3,14,20.3,800,0.96521541,310.59,3.010620886
3.8,2.8,14.9,1222,0.812638558,56.62,2.701361213
21,15.5,16.4,1844,0.514436949,344.4,2.797281335
10.5,8.9,15.7,1022,0.617860669,164.85,2.753660712
6,4.4,15.7,1022,0.925767908,94.2,2.753660712
15.9,11.2,22.8,956,0.739547213,362.52,3.126760536
11.1,5.6,15,1956,0.977525107,166.5,2.708050201
3.7,7,14.1,2200,0.386654047,52.17,2.646174797
7,7.3,16.7,1067,0.096823113,116.9,2.815408719
25.8,13.3,19.6,789,0.555790832,505.68,2.975529566
4.5,5.8,16.2,1478,0.978891625,72.9,2.785011242
20.9,11.7,17.7,644,0.762908922,369.93,2.87356464
3.2,4.9,9.7,1644,0.790964371,31.04,2.272125886
12.4,11.9,14.1,2200,0.757267415,174.84,2.646174797
23,13.8,15.4,967,0.481755052,354.2,2.734367509
26.2,9.6,22.8,956,0.248012608,597.36,3.126760536
24.4,11.3,15.4,1033,0.98506754,375.76,2.734367509
3.5,4.1,11.8,1600,0.731753113,41.3,2.468099531
26.5,15.7,16.2,1478,0.369008781,429.3,2.785011242
3.5,4.6,13,1511,0.126264159,45.5,2.564949357
7.6,9,14.1,2200,0.078364709,107.16,2.646174797
9.6,10.3,17.7,644,0.826364284,169.92,2.87356464
9,15.6,17.2,1778,0.97505769,154.8,2.844909384
14.7,6.6,22.8,956,0.079106064,335.16,3.126760536
5.6,3.8,13,1511,0.745921504,72.8,2.564949357
12.6,13.3,14.1,2200,0.343893276,177.66,2.646174797
10.6,8.2,13,1511,0.201239861,137.8,2.564949357
5.2,7,13.2,2122,0.691116744,68.64,2.58021683
14.3,13.9,17.7,644,0.339464058,253.11,2.87356464
9.6,9,16.4,1844,0.267887584,157.44,2.797281335
8,8,17.1,1411,0.534303532,136.8,2.839078464
26.5,13.5,20.1,733,0.515219204,532.65,3.000719815
6.2,7.7,16.9,1733,0.523254589,104.78,2.827313622
3.7,4.1,9.7,1644,0.471321589,35.89,2.272125886
5.2,9.6,15,1956,0.562319711,78,2.708050201
22.2,15.6,15.4,1033,0.139395554,341.88,2.734367509
23.2,13.3,19.6,789,0.498768156,454.72,2.975529566
9.5,9.6,15,1956,0.841467896,142.5,2.708050201
23.1,14.4,20.5,722,0.682107423,473.55,3.020424886
4.4,8.6,14.1,2200,0.903592641,62.04,2.646174797
19.4,14.9,17.1,1411,0.619758115,331.74,2.839078464
22.8,11.1,15.4,967,0.22757101,351.12,2.734367509
13.2,20.7,22.8,956,0.896231332,300.96,3.126760536
23.1,17.8,21,922,0.413826702,485.1,3.044522438
4.1,3.7,9.7,1644,0.465199905,39.77,2.272125886
8.9,6.4,13,1511,0.795300672,115.7,2.564949357
15.5,9.5,16.4,1844,0.100078515,254.2,2.797281335
11.6,8.8,16.4,1844,0.096689841,190.24,2.797281335
12.8,9.3,14.9,1222,0.59870037,190.72,2.701361213
9.8,10.5,16.6,1467,0.256328722,162.68,2.809402695
3.8,4,10.1,1522,0.381939083,38.38,2.312535424
3.8,4.7,16.2,1478,0.357264924,61.56,2.785011242
10,13.1,14.1,2200,0.465448668,141,2.646174797
10,11.9,17.7,644,0.770404379,177,2.87356464
26.3,14.9,15.7,1022,0.968505516,412.91,2.753660712
28.9,10.4,19.6,789,0.043770304,566.44,2.975529566
22.1,8.6,16.4,1844,0.687439344,362.44,2.797281335
3.2,3.7,10.1,1522,0.248170672,32.32,2.312535424
7.9,12.3,14.1,2200,0.519196681,111.39,2.646174797
11.7,10.6,15.1,1067,0.738078593,176.67,2.714694744
3,4.1,11.8,1600,0.460523882,35.4,2.468099531
7.6,7.9,14.1,2200,0.595231821,107.16,2.646174797
22.7,14.9,16.7,1067,0.375713571,379.09,2.815408719
9.9,8.9,20.1,733,0.835895303,198.99,3.000719815
17.1,12.2,16.5,589,0.367822737,282.15,2.803360381
4.4,3.8,12.9,633,0.9205017,56.76,2.557227311
12.3,8.9,13,1511,0.993794077,159.9,2.564949357
16.6,10.3,16.4,1844,0.947169439,272.24,2.797281335
7.5,5,13,1511,0.729591126,97.5,2.564949357
14.8,8.2,15.7,1022,0.705010867,232.36,2.753660712
8.2,14.3,14.1,2200,0.691498046,115.62,2.646174797
10.1,11.3,15.8,1522,0.716086936,159.58,2.76000994
5.1,3.8,16.9,1733,0.814084059,86.19,2.827313622
5.7,6.3,15.8,1522,0.012561642,90.06,2.76000994
24,9,19.6,789,0.738087598,470.4,2.975529566
23.3,11.9,19.6,789,0.144789265,456.68,2.975529566
4.7,8.4,13.2,2122,0.354350267,62.04,2.58021683
2.8,4.5,11.8,1600,0.889410337,33.04,2.468099531
28,15.4,21,922,0.685240305,588,3.044522438
8.7,5.6,16.6,1467,0.716573652,144.42,2.809402695
14.7,10.2,18.1,556,0.82670978,266.07,2.895911938
21.4,14.3,14.9,1222,0.116880544,318.86,2.701361213
25.5,11.9,17.7,644,0.072143631,451.35,2.87356464
12.3,15,17.2,1778,0.871829624,211.56,2.844909384
17.5,8.4,16.7,1067,0.795120301,292.25,2.815408719
6.8,7.9,14.1,2200,0.915921552,95.88,2.646174797
17.3,15.1,18.7,844,0.09314557,323.51,2.928523524
23.9,9.1,14.9,1222,0.232254666,356.11,2.701361213
6.9,6.2,11.8,1600,0.160572219,81.42,2.468099531
9.3,8.6,17.1,1411,0.943173538,159.03,2.839078464
3,4.2,13,1511,0.612997529,39,2.564949357
11.2,13.2,17.1,1411,0.350273916,191.52,2.839078464
8.6,7.1,15,1956,0.141981702,129,2.708050201
4.2,3.5,15,1956,0.574266217,63,2.708050201
6.3,7,22.8,956,0.899794988,143.64,3.126760536
8.9,10.3,14.1,2200,0.040400361,125.49,2.646174797
18.5,16.9,18.7,844,0.386538997,345.95,2.928523524
29.6,12,14.8,1022,0.910281302,438.08,2.694627181
7.5,6.1,16.2,1478,0.672131154,121.5,2.785011242
19,15.6,21,922,0.907084116,399,3.044522438
3.9,3,9.7,1644,0.240646411,37.83,2.272125886
5.9,12.3,17.2,1778,0.977243211,101.48,2.844909384
18.5,12.5,17.7,644,0.703349019,327.45,2.87356464
6.9,10.9,16.9,1733,0.315515291,116.61,2.827313622
36.4,14.6,15.1,489,0.396164731,549.64,2.714694744
10.7,6.8,20.1,733,0.602389041,215.07,3.000719815
19.3,10.2,13,1511,0.052778998,250.9,2.564949357
6.9,4.6,16.4,1844,0.182227299,113.16,2.797281335
5.3,6,17.7,644,0.381755295,93.81,2.87356464
5.2,5.9,15.7,656,0.944338183,81.64,2.753660712
11.8,8.9,16.4,1844,0.07498686,193.52,2.797281335
10.4,10.2,15.4,1033,0.042193993,160.16,2.734367509
11.4,12.4,15.7,656,0.408445,178.98,2.753660712
3.9,3.7,16.2,1478,0.168377553,63.18,2.785011242
5.5,14,18.7,844,0.57516197,102.85,2.928523524
15.7,10.5,16.4,1844,0.94011362,257.48,2.797281335
6.6,8.2,13.2,2122,0.519576356,87.12,2.58021683
11.8,7.9,15.8,1522,0.988603253,186.44,2.76000994
14.3,10.5,16.9,1733,0.749753401,241.67,2.827313622
8.3,5.2,16.4,1844,0.481269164,136.12,2.797281335
13.1,8.2,15.7,1022,0.960537072,205.67,2.753660712
11.8,10.9,15.4,967,0.118028753,181.72,2.734367509
10.1,6.8,20.3,800,0.41603799,205.03,3.010620886
16.7,9.7,13,1511,0.517362385,217.1,2.564949357
33.5,22.6,20.5,722,0.133226748,686.75,3.020424886
26.9,10.4,18.1,556,0.318830945,486.89,2.895911938
8.9,8.2,14.1,2200,0.727184657,125.49,2.646174797
11.6,11.2,14.9,1222,0.889952751,172.84,2.701361213
8.4,7.3,16.7,1067,0.015829946,140.28,2.815408719
22.5,14.2,17.1,1411,0.994201785,384.75,2.839078464
14.1,11,16.4,1844,0.268352648,231.24,2.797281335
23.6,12.8,14.9,1222,0.122332689,351.64,2.701361213
11.6,8.7,17.7,644,0.677823027,205.32,2.87356464
13,12.4,17.1,1411,0.256882266,222.3,2.839078464
13.6,7.9,16.7,1067,0.2402147,227.12,2.815408719
33.8,10.6,15,1956,0.322137175,507,2.708050201
20,15.4,20.5,722,0.507466485,410,3.020424886
5.3,5.8,15,1956,0.181272248,79.5,2.708050201
17.3,11.4,17.2,1778,0.63517754,297.56,2.844909384
27,14.4,15,1956,0.68257938,405,2.708050201
15.2,11.1,17.1,1411,0.09379688,259.92,2.839078464
12,8.6,21,922,0.275006553,252,3.044522438
4.8,5.1,20.1,733,0.229686307,96.48,3.000719815
4.1,6.5,13.2,2122,0.748254858,54.12,2.58021683
13.4,13.8,16.6,1656,0.168525145,222.44,2.809402695
5.2,10.1,14.1,2200,0.29362667,73.32,2.646174797
5.6,6.2,11.8,1600,0.524031642,66.08,2.468099531
11.7,12.7,16.6,1656,0.9228931,194.22,2.809402695
9,5.2,15.7,1022,0.269572788,141.3,2.753660712
8.8,7.4,11.8,1600,0.930334214,103.84,2.468099531
3.8,5.3,9.7,1644,0.871228573,36.86,2.272125886
18.7,10.4,16.4,1844,0.487980864,306.68,2.797281335
12.8,9.8,16.9,1733,0.08347557,216.32,2.827313622
9.7,9.9,16.6,1467,0.840017565,161.02,2.809402695
8.8,8.2,21,922,0.325972452,184.8,3.044522438
3.9,5.2,11.8,1600,0.341717688,46.02,2.468099531
10.4,10.7,15,1956,0.0098909,156,2.708050201
18.8,15,20.1,733,0.725530674,377.88,3.000719815
15.8,15.3,15,1956,0.171349001,237,2.708050201
2.3,2.5,16.2,1478,0.008982182,37.26,2.785011242
4.5,9.5,15.4,1033,0.573881546,69.3,2.734367509
19.1,11.7,16.9,1733,0.83294887,322.79,2.827313622
16,15.1,17.1,1411,0.064582067,273.6,2.839078464
6.7,4.6,16.7,1067,0.987993724,111.89,2.815408719
9.8,8.4,16.2,1478,0.949719012,158.76,2.785011242
7,5.3,21.2,967,0.981962588,148.4,3.054001182
16.5,8.7,22.8,956,0.473487575,376.2,3.126760536
9.3,8.1,16.7,1067,0.108322817,155.31,2.815408719
12.6,6.7,7.2,1733,0.022265235,90.72,1.974081026
6.7,7.3,16.7,1067,0.078181552,111.89,2.815408719
12.4,8.3,16.4,1844,0.923235817,203.36,2.797281335
13.9,14.8,16.5,589,0.758725507,229.35,2.803360381
8.1,6.8,16.4,1844,0.188993496,132.84,2.797281335
10.6,10.8,15.8,1522,0.528230329,167.48,2.76000994
18.4,8.6,12.9,633,0.53372112,237.36,2.557227311
11.5,12.8,14.1,2200,0.615421958,162.15,2.646174797
8.5,9.7,17.1,1411,0.049066081,145.35,2.839078464
15.9,12.3,17.2,1778,0.441580084,273.48,2.844909384
8.9,7.9,14.1,2200,0.794908524,125.49,2.646174797
20.2,13.2,16.7,1067,0.62409273,337.34,2.815408719
24.6,14.3,15.1,489,0.066525828,371.46,2.714694744
5.4,4.4,13,1511,0.673630157,70.2,2.564949357
18,13.6,15,1956,0.132710164,270,2.708050201
10.4,10.6,16.4,1844,0.060357961,170.56,2.797281335
12.9,14.2,16.6,1656,0.107937857,214.14,2.809402695
6.2,3.5,15.1,489,0.66840068,93.62,2.714694744
23.5,16.3,20.3,800,0.044160576,477.05,3.010620886
31.5,10.5,12.9,633,0.992266943,406.35,2.557227311
5.6,4.6,9.7,1644,0.411190091,54.32,2.272125886
4.3,4.9,15.4,1033,0.166155126,66.22,2.734367509
13.8,14.2,17.1,1411,0.706873486,235.98,2.839078464
13,10,22.8,956,0.420996932,296.4,3.126760536
24.8,14.2,16.7,1067,0.161167006,414.16,2.815408719
13.7,13.7,15.7,1022,0.375017347,215.09,2.753660712
13.5,11.3,16.4,1844,0.902021574,221.4,2.797281335
32,10.6,15.4,1033,0.453954563,492.8,2.734367509
10.7,11.9,22.8,956,0.496019506,243.96,3.126760536
4.3,4.1,9.7,1644,0.80083673,41.71,2.272125886
14.2,10.4,16.4,1844,0.983637275,232.88,2.797281335
16.5,11.7,15,1956,0.867012727,247.5,2.708050201
11.9,6.3,20.3,800,0.393223115,241.57,3.010620886
12.4,12.6,16.7,1067,0.461159211,207.08,2.815408719
20.7,14.7,14.8,1022,0.6972659,306.36,2.694627181
25.5,16,20.5,722,0.317849482,522.75,3.020424886
19.5,13.9,16.6,1467,0.636989608,323.7,2.809402695
15.1,11.6,16.6,1656,0.858622351,250.66,2.809402695
24.7,10.2,15.4,967,0.345411321,380.38,2.734367509
9,9.6,15.8,1522,0.382382075,142.2,2.76000994
18.1,13.1,15.7,656,0.883974472,284.17,2.753660712
9.4,8.9,14.1,2200,0.198178932,132.54,2.646174797
8.9,8.2,16.5,1356,0.858947945,146.85,2.803360381
3.5,5.4,13,1511,0.008251424,45.5,2.564949357
14.8,8.7,15.4,1033,0.395284316,227.92,2.734367509
16.1,11.6,18.7,844,0.393822032,301.07,2.928523524
14.2,12.1,15.7,1022,0.840875777,222.94,2.753660712
4.8,4.5,16.6,1467,0.628898149,79.68,2.809402695
12.4,12.7,15.7,1022,0.297714752,194.68,2.753660712
8.6,10,16.6,1656,0.063447386,142.76,2.809402695
26.9,14.3,15.4,967,0.197400073,414.26,2.734367509
16.3,10.3,19.6,789,0.674358685,319.48,2.975529566
3.1,3.8,16.2,1478,0.311904331,50.22,2.785011242
10,10,22.8,956,0.634244278,228,3.126760536
26,12.7,16.7,1067,0.455018971,434.2,2.815408719
5.9,6.8,16.9,1733,0.785823153,99.71,2.827313622
2.7,4.4,15.1,489,0.165327288,40.77,2.714694744
8.6,7.6,16.9,1733,0.210925568,145.34,2.827313622
10,8.3,14.9,1222,0.84005096,149,2.701361213
6.9,5.2,13,1511,0.12779903,89.7,2.564949357
14.2,13.4,14.1,2200,0.855003529,200.22,2.646174797
4.5,4.3,15.1,489,0.920944997,67.95,2.714694744
3.6,4.1,9.7,1644,0.64103113,34.92,2.272125886
5.2,5.5,9.7,1644,0.776872688,50.44,2.272125886
13.7,9.6,10.1,1522,0.636427722,138.37,2.312535424
12.1,13,14.1,2200,0.141279515,170.61,2.646174797
25.3,12.6,20.1,733,0.494771742,508.53,3.000719815
5.4,7.5,16.6,1467,0.8652234,89.64,2.809402695
8.3,6.3,11.8,1600,0.339830659,97.94,2.468099531
23,9.7,19.6,789,0.775304302,450.8,2.975529566
6.5,6.8,15,1956,0.151174941,97.5,2.708050201
9.7,9.2,17.1,1411,0.762831707,165.87,2.839078464
29.8,11.8,15.7,1022,0.35126603,467.86,2.753660712
10.2,14.7,14.1,2200,0.643319795,143.82,2.646174797
3.2,4.2,11.8,1600,0.79133734,37.76,2.468099531
4.8,4.6,13,1511,0.149330931,62.4,2.564949357
14.7,15.5,17.2,1778,0.87406707,252.84,2.844909384
16,11.7,14.9,1222,0.066375056,238.4,2.701361213
16.2,10.4,16.4,1844,0.322489259,265.68,2.797281335
12.4,12.4,14.1,2200,0.852922827,174.84,2.646174797
16.2,15.3,16.6,1656,0.376597538,268.92,2.809402695
3.7,4.2,11.8,1600,0.103808347,43.66,2.468099531
6.8,6.2,13,1511,0.415102931,88.4,2.564949357
5.2,2.6,15.4,1033,0.915251651,80.08,2.734367509
11.2,11.6,14.1,2200,0.816118024,157.92,2.646174797
18.7,16.4,21,922,0.717613176,392.7,3.044522438
7.8,6.1,16.9,1733,0.105669248,131.82,2.827313622
19.4,11.3,15.4,1033,0.857434024,298.76,2.734367509
13.3,7.6,18.7,844,0.830435236,248.71,2.928523524
8.4,7.2,20.1,733,0.266888289,168.84,3.000719815
17.4,10.3,15.4,967,0.830574895,267.96,2.734367509
3.1,3.5,16.2,1478,0.40947361,50.22,2.785011242
8.5,6.6,16.6,1467,0.793531865,141.1,2.809402695
9.9,19.9,22.8,956,0.525680247,225.72,3.126760536
7.2,10.8,14.1,2200,0.798854653,101.52,2.646174797
12.8,11.7,22.8,956,0.854193967,291.84,3.126760536
7.1,6.2,16.6,1467,0.778360064,117.86,2.809402695
24.6,12,14.9,1222,0.469057301,366.54,2.701361213
19.8,10.3,16.7,1067,0.408071482,330.66,2.815408719
19.9,18.9,20.3,800,0.31039872,403.97,3.010620886
11.1,8.9,22.8,956,0.379771108,253.08,3.126760536
5.9,5.1,16.2,1478,0.086495909,95.58,2.785011242
7.5,4.6,16.5,589,0.698478172,123.75,2.803360381
9,11.2,17.1,1411,0.915785284,153.9,2.839078464
6.7,2.8,16.7,1067,0.547013492,111.89,2.815408719
7,7.8,15.4,967,0.395551405,107.8,2.734367509
8.1,5.9,15.7,1022,0.418246058,127.17,2.753660712
20.7,8.6,15.4,1033,0.14881559,318.78,2.734367509
10.8,5.9,15.4,967,0.070615984,166.32,2.734367509
12.7,9.1,16.4,1844,0.87293689,208.28,2.797281335
16.8,8.7,20.5,722,0.617012281,344.4,3.020424886
3.9,7,14.1,2200,0.728492933,54.99,2.646174797
3.1,5.1,11.8,1600,0.33819978,36.58,2.468099531
21.2,15.3,16.6,1656,0.138155486,351.92,2.809402695
8.5,12.9,15.4,1033,0.307019013,130.9,2.734367509
21.3,14.8,16.7,1067,0.326777032,355.71,2.815408719
10.2,13.6,17.2,1778,0.785071229,175.44,2.844909384
17,14.6,16.7,1067,0.443194195,283.9,2.815408719
17.6,15.4,16.9,1733,0.245571355,297.44,2.827313622
26.5,12.2,15.4,1033,0.567781575,408.1,2.734367509
5.2,7.2,12.9,633,0.061648033,67.08,2.557227311
9.5,4.9,16.9,1733,0.154096489,160.55,2.827313622
21.4,17.6,20.3,800,0.952648044,434.42,3.010620886
6.3,5.7,16.4,1844,0.935872862,103.32,2.797281335
5.5,6.3,16.2,1478,0.622151712,89.1,2.785011242
4.9,4.4,11.8,1600,0.658912599,57.82,2.468099531
8.4,5.8,11.8,1600,0.665878368,99.12,2.468099531
11.5,7.6,16.6,1467,0.021726642,190.9,2.809402695
18.2,10.7,14.8,1022,0.577093816,269.36,2.694627181
5.1,4.9,13,1511,0.074142122,66.3,2.564949357
17.4,10.6,15.4,1033,0.849942325,267.96,2.734367509
7,6.4,16.2,1478,0.55771506,113.4,2.785011242
24.2,15.1,15.7,656,0.455557293,379.94,2.753660712
18.9,14.2,16.6,1656,0.972214337,313.74,2.809402695
5.1,4.2,16.4,1844,0.747766611,83.64,2.797281335
7.5,8.6,16.6,1467,0.739614952,124.5,2.809402695
3.2,4.8,11.8,1600,0.78757497,37.76,2.468099531
18.9,11.9,15.7,1022,0.731916128,296.73,2.753660712
8,6.4,21,922,0.682031738,168,3.044522438
25.3,15,15.7,1022,0.824226232,397.21,2.753660712
20.1,18.5,20.3,800,0.971281177,408.03,3.010620886
4.2,5.8,9.7,1644,0.339381111,40.74,2.272125886
8.9,11.5,16.6,1656,0.496175758,147.74,2.809402695
7.9,5.1,9.7,1644,0.147431998,76.63,2.272125886
11.6,10.6,16.9,1733,0.091303518,196.04,2.827313622
20,10.7,16.5,589,0.661505003,330,2.803360381
30.8,11.7,15.4,967,0.221016549,474.32,2.734367509
19.7,12.4,17.1,1411,0.736579881,336.87,2.839078464
3.3,3.9,16.2,1478,0.146011856,53.46,2.785011242
3.4,4.5,16.2,1478,0.513499503,55.08,2.785011242
4.8,4.2,15.1,489,0.99284569,72.48,2.714694744
25.4,14.9,18.1,556,0.276353682,459.74,2.895911938
24.5,12,18.1,556,0.830298043,443.45,2.895911938
11,10.3,16.9,1733,0.501541771,185.9,2.827313622
6.8,5.6,11.8,1600,0.287743847,80.24,2.468099531
3.3,4.5,9.7,1644,0.968022754,32.01,2.272125886
24,9.5,19.6,789,0.758527698,470.4,2.975529566
9.3,10.5,20.3,800,0.277538497,188.79,3.010620886
16.6,13.8,15,1956,0.887026121,249,2.708050201
5.8,8,16.6,1467,0.691029855,96.28,2.809402695
3.3,4.1,10.1,1522,0.096247322,33.33,2.312535424
9.2,11.5,17.1,1411,0.31695673,157.32,2.839078464
3.6,3.6,9.7,1644,0.075059598,34.92,2.272125886
11.3,8.4,15.4,1033,0.05819883,174.02,2.734367509
10.1,9.9,17.2,1778,0.230353539,173.72,2.844909384
19,12.4,22.8,956,0.046492786,433.2,3.126760536
18.2,15.6,16.7,1067,0.206154377,303.94,2.815408719
11.2,9.2,15,1956,0.702024807,168,2.708050201
10.1,8,22.8,956,0.730668808,230.28,3.126760536
3.8,3.4,15.7,656,0.533673817,59.66,2.753660712
11.8,10.3,16.6,1467,0.903181157,195.88,2.809402695
13.3,10.4,14.9,1222,0.909858634,198.17,2.701361213
21.2,17.1,16.6,1656,0.1552275,351.92,2.809402695
10.5,9.7,21,922,0.363952662,220.5,3.044522438
30.7,16.6,20.3,800,0.88588389,623.21,3.010620886
11.4,13.1,15,1956,0.163585077,171,2.708050201
3.3,3.4,11.8,1600,0.498514541,38.94,2.468099531
25.6,15.8,17.7,644,0.209271535,453.12,2.87356464
4,5,16.9,1733,0.4350949,67.6,2.827313622
6.7,9.8,11.8,1600,0.965319514,79.06,2.468099531
20.3,9.9,12.9,633,0.73243874,261.87,2.557227311
7.1,9.7,14.1,2200,0.706615465,100.11,2.646174797
16.3,10.5,16.9,1733,0.125185616,275.47,2.827313622
4.9,8.2,14.1,2200,0.708608865,69.09,2.646174797
27.8,13.3,20.1,733,0.387569055,558.78,3.000719815
8.6,5,20.3,800,0.083533035,174.58,3.010620886
7.1,7.5,16.4,1844,0.86846595,116.44,2.797281335
7.5,9.8,17.1,1411,0.369756515,128.25,2.839078464
26.9,16.2,21,922,0.190397352,564.9,3.044522438
19.9,10.7,21,922,0.368099684,417.9,3.044522438
14,12.9,15,1956,0.151813343,210,2.708050201
16.4,13.8,15.4,1033,0.120599899,252.56,2.734367509
4.7,6,15.7,656,0.875423113,73.79,2.753660712
8.6,8.3,16.9,1733,0.685776741,145.34,2.827313622
12.6,9.9,17.7,644,0.807138467,223.02,2.87356464
15.5,10.7,14.9,1222,0.828801774,230.95,2.701361213
14.6,11.4,17.1,1411,0.87980805,249.66,2.839078464
3.2,3.8,10.1,1522,0.270642147,32.32,2.312535424
9.9,12.4,14.1,2200,0.625480341,139.59,2.646174797
7.8,6.7,16.2,1478,0.657252858,126.36,2.785011242
17.4,12.6,15,1956,0.853448589,261,2.708050201
8.1,9.4,15,1956,0.59237196,121.5,2.708050201
18.3,12.4,16.7,1067,0.284847109,305.61,2.815408719
4.8,3,16.4,1844,0.488126789,78.72,2.797281335
9.6,10.9,14.1,2200,0.664865099,135.36,2.646174797
19.2,15.5,16.6,1656,0.286030575,318.72,2.809402695
6.4,6.8,11.8,1600,0.054690454,75.52,2.468099531
13.2,9.9,18.1,556,0.99058558,238.92,2.895911938
18.1,15.6,16.7,1067,0.599303206,302.27,2.815408719
13.3,12.2,17.1,1411,0.599931389,227.43,2.839078464
20,12.9,14.9,1222,0.067914317,298,2.701361213
18.4,12.2,15.4,967,0.21735927,283.36,2.734367509
12.4,13.5,16.4,1844,0.290189353,203.36,2.797281335
12.2,9.3,15.7,656,0.676889397,191.54,2.753660712
16.5,11.4,15.7,1022,0.578769706,259.05,2.753660712
5.2,3.5,16.7,1067,0.810790759,86.84,2.815408719
15.7,13,16.7,1067,0.887109383,262.19,2.815408719
24.6,12.5,15.4,967,0.10768934,378.84,2.734367509
23.4,9.8,13,1511,0.598531598,304.2,2.564949357
23.6,10.6,16.5,589,0.653465267,389.4,2.803360381
12.2,9.6,14.1,2200,0.052744606,172.02,2.646174797
29.2,13.4,15.1,489,0.316698075,440.92,2.714694744
22.3,13.5,16.2,1478,0.891422325,361.26,2.785011242
26.7,11.3,18.1,556,0.81531027,483.27,2.895911938
15.4,6.2,15.4,1033,0.127596349,237.16,2.734367509
15.3,11.8,15.4,967,0.243958509,235.62,2.734367509
14.1,12.5,16.4,1844,0.980528557,231.24,2.797281335
19.9,11.5,17.7,644,0.769461498,352.23,2.87356464
3.8,3.4,12.9,633,0.508456718,49.02,2.557227311
14.7,13,22.8,956,0.493271422,335.16,3.126760536
16.5,12.6,16.4,1844,0.337349694,270.6,2.797281335
15.3,12.4,16.7,1067,0.02977004,255.51,2.815408719
9.8,9.2,22.8,956,0.633665822,223.44,3.126760536
4.3,4.2,7.2,1733,0.703010141,30.96,1.974081026
7.6,3.7,15.4,967,0.435343026,117.04,2.734367509
5.4,6.9,16.6,1467,0.39922166,89.64,2.809402695
12.9,10.4,11.8,1600,0.2202267,152.22,2.468099531
6.1,4.5,15.7,1022,0.416788622,95.77,2.753660712
3.6,2.4,14.9,1222,0.003110369,53.64,2.701361213
9.9,7.2,14.9,1222,0.714137268,147.51,2.701361213
6.6,3.2,20.1,733,0.008809809,132.66,3.000719815
16.3,9.4,14.9,1222,0.626927454,242.87,2.701361213
17.3,9.3,16.4,1844,0.028751267,283.72,2.797281335
24.5,12.4,15.7,1022,0.685524001,384.65,2.753660712
7.6,6.6,10.1,1522,0.366747277,76.76,2.312535424
21,7.6,16.5,589,0.987542756,346.5,2.803360381
4.4,5.4,11.8,1600,0.561449834,51.92,2.468099531
12.7,9.2,14.9,1222,0.819841759,189.23,2.701361213
3.9,5.3,9.7,1644,0.01136535,37.83,2.272125886
15.4,12,21,922,0.34704153,323.4,3.044522438
8.5,7.3,14.9,1222,0.9324306,126.65,2.701361213
9.1,3.9,17.7,644,0.836103456,161.07,2.87356464
17.8,12,22.8,956,0.750300933,405.84,3.126760536
4.6,4.3,15.7,1022,0.504525978,72.22,2.753660712
15.4,10.6,17.2,1778,0.379050205,264.88,2.844909384
11.2,12.4,20.3,800,0.1021031,227.36,3.010620886
11.1,9.4,16.6,1467,0.539805128,184.26,2.809402695
16.2,15.4,17.2,1778,0.839821213,278.64,2.844909384
21.5,11.7,9.7,1644,0.04477125,208.55,2.272125886
25.3,17.1,17.1,1411,0.069459207,432.63,2.839078464
17.5,9.6,12.9,633,0.086035531,225.75,2.557227311
17,13.2,19.6,789,0.507928319,333.2,2.975529566
7.2,6.9,10.1,1522,0.223689979,72.72,2.312535424
6.8,6.9,16.2,1478,0.926846064,110.16,2.785011242
19,12.6,16.4,1844,0.422988306,311.6,2.797281335
10.6,10.2,16.9,1733,0.029052375,179.14,2.827313622
13.9,9.3,19.6,789,0.359762267,272.44,2.975529566
15.4,14.4,15,1956,0.914310349,231,2.708050201
13.4,12.7,16.5,1356,0.221293383,221.1,2.803360381
11.2,12.8,15.1,1067,0.941861952,169.12,2.714694744
9.3,10.9,16.7,1067,0.954497196,155.31,2.815408719
13.7,9.7,13,1511,0.840070958,178.1,2.564949357
22.8,13.4,18.7,844,0.794178302,426.36,2.928523524
6.2,7.8,17.2,1778,0.591614801,106.64,2.844909384
2.9,4.4,9.7,1644,0.143555405,28.13,2.272125886
8.5,12.5,16.9,1733,0.768396951,143.65,2.827313622
13.3,13.6,16.7,1067,0.734881851,222.11,2.815408719
11.9,14.5,17.2,1778,0.300775935,204.68,2.844909384
18.1,11.9,16.4,1844,0.439375559,296.84,2.797281335
13.7,10.5,15,1956,0.497462987,205.5,2.708050201
11.7,11.8,16.6,1467,0.639629341,194.22,2.809402695
4.3,6.4,15,1956,0.904691716,64.5,2.708050201
14.7,12.8,14.1,2200,0.868589248,207.27,2.646174797
2.9,4.3,9.7,1644,0.601820099,28.13,2.272125886
3,2.2,13,1511,0.625011958,39,2.564949357
4.2,2.4,15.7,1022,0.072040522,65.94,2.753660712
11.8,13.2,14.1,2200,0.294251684,166.38,2.646174797
15.3,10.1,16.9,1733,0.737888603,258.57,2.827313622
8.1,7.2,16.4,1844,0.604610573,132.84,2.797281335
25.4,16.2,18.1,556,0.918522663,459.74,2.895911938
11,7.2,18.7,844,0.866868244,205.7,2.928523524
11.5,8.1,20.1,733,0.784716174,231.15,3.000719815
27.4,13.6,16.2,1478,0.472258803,443.88,2.785011242
18.4,11.8,17.1,1411,0.530512259,314.64,2.839078464
15.3,13.5,16.5,589,0.001270869,252.45,2.803360381
8.4,9.1,22.8,956,0.690778012,191.52,3.126760536
7.3,5.8,16.2,1478,0.216060255,118.26,2.785011242
2.8,3.9,9.7,1644,0.647514531,27.16,2.272125886
14.1,11.1,12.9,633,0.068362295,181.89,2.557227311
26.7,12.2,14.9,1222,0.871058439,397.83,2.701361213
20.6,15.6,20.3,800,0.830745025,418.18,3.010620886
15.6,10.3,17.2,1778,0.861785795,268.32,2.844909384
3.7,3.3,16.2,1478,0.422947667,59.94,2.785011242
11.6,9.8,17.2,1778,0.653167762,199.52,2.844909384
10.2,12.3,14.1,2200,0.828445779,143.82,2.646174797
14.4,11.2,15.4,1033,0.18872815,221.76,2.734367509
15.4,7.3,15.4,967,0.836645294,237.16,2.734367509
15.9,11.3,17.2,1778,0.544266157,273.48,2.844909384
9.5,11.4,16.4,1844,0.86767256,155.8,2.797281335
13.6,9.3,16.7,1067,0.819509589,227.12,2.815408719
26.7,15.9,16.5,589,0.24068367,440.55,2.803360381
3.5,3.2,16.9,1733,0.270771026,59.15,2.827313622
4.8,4.7,11.8,1600,0.976067683,56.64,2.468099531
20.7,9.4,16.7,1067,0.697487828,345.69,2.815408719
12.2,6.4,13,1511,0.999419289,158.6,2.564949357
14.8,10.2,14.9,1222,0.88556137,220.52,2.701361213
17.7,12.6,14.9,1222,0.461256442,263.73,2.701361213
13.3,15.6,20.5,722,0.738874149,272.65,3.020424886
2.2,2.8,16.2,1478,0.801936239,35.64,2.785011242
15.4,11.2,18.1,556,0.250049517,278.74,2.895911938
16,11.6,17.2,1778,0.703949306,275.2,2.844909384
23,13.4,14.9,1222,0.684199939,342.7,2.701361213
10,9.3,16.9,1733,0.408107527,169,2.827313622
14.9,12.5,16.6,1656,0.133184478,247.34,2.809402695
12.1,13.4,14.1,2200,0.762946187,170.61,2.646174797
8,7.9,16.7,1067,0.122136861,133.6,2.815408719
6.7,2.8,17.1,1411,0.342305032,114.57,2.839078464
25.7,15.3,18.1,556,0.811078587,465.17,2.895911938
4.1,4.5,16.2,1478,0.144248214,66.42,2.785011242
12.3,9.7,16.4,1844,0.564379607,201.72,2.797281335
7.6,5,11.8,1600,0.304074931,89.68,2.468099531
5.5,4.5,16.2,1478,0.139989044,89.1,2.785011242
17.6,15.4,14.9,1222,0.948373611,262.24,2.701361213
20.1,14.4,16.9,1733,0.009880545,339.69,2.827313622
20.2,13.1,16.5,589,0.847396388,333.3,2.803360381
23.9,13.1,21,922,0.368325591,501.9,3.044522438
18.2,12,20.3,800,0.479517234,369.46,3.010620886
10.7,9.4,16.5,1356,0.109585308,176.55,2.803360381
11,9.8,16.9,1733,0.936864616,185.9,2.827313622
21.2,13.7,16.7,1067,0.928800029,354.04,2.815408719
28.2,9.6,13,1511,0.980825509,366.6,2.564949357
28.2,12.4,16.2,1478,0.588771525,456.84,2.785011242
11.3,12.3,14.1,2200,0.832162192,159.33,2.646174797
5.5,5.2,15,1956,0.582578959,82.5,2.708050201
15.6,9.7,16.9,1733,0.45804275,263.64,2.827313622
8,6.8,12.9,633,0.77877881,103.2,2.557227311
8,7.5,15.8,1522,0.745387596,126.4,2.76000994
16.1,10.4,17.1,1411,0.074978657,275.31,2.839078464
4.1,2.7,15.7,656,0.296067715,64.37,2.753660712
9.6,9.4,14.1,2200,0.818650825,135.36,2.646174797
15.8,10.2,13,1511,0.258727618,205.4,2.564949357
15.6,12.8,21,922,0.187472752,327.6,3.044522438
18.6,10.2,12.9,633,0.25809812,239.94,2.557227311
14.5,9.9,16.9,1733,0.899190972,245.05,2.827313622
8,6.5,16.2,1478,0.505166944,129.6,2.785011242
12.5,10.3,16.4,1844,0.030001089,205,2.797281335
8.1,7.4,21,922,0.725937624,170.1,3.044522438
4.3,2.7,16.9,1733,0.004943251,72.67,2.827313622
15.9,13.5,15,1956,0.25959344,238.5,2.708050201
2.7,3.6,9.7,1644,0.011913173,26.19,2.272125886
5.4,4.4,13,1511,0.746533358,70.2,2.564949357
18.8,16.5,21,922,0.183420032,394.8,3.044522438
28.1,15.4,21,922,0.864621818,590.1,3.044522438
22.7,14,15.7,1022,0.081352847,356.39,2.753660712
22,15.1,16.5,589,0.6144192,363,2.803360381
14.1,12.1,16.4,1844,0.284167919,231.24,2.797281335
16.1,12.7,18.7,844,0.843192896,301.07,2.928523524
28.6,18,21,922,0.381703193,600.6,3.044522438
19,5.7,7.2,1733,0.189226737,136.8,1.974081026
12.1,11.8,14.1,2200,0.734816508,170.61,2.646174797
11.6,10,20.3,800,0.816210997,235.48,3.010620886
3.6,4.4,11.8,1600,0.925563399,42.48,2.468099531
13.4,12.2,14.1,2200,0.90771325,188.94,2.646174797
12.7,10.1,16.4,1844,0.466114186,208.28,2.797281335
3.4,4.7,11.8,1600,0.491828146,40.12,2.468099531
28.2,9.3,19.6,789,0.715837515,552.72,2.975529566
19.5,11.8,17.7,644,0.538990051,345.15,2.87356464
15.7,7.9,17.1,1411,0.129570828,268.47,2.839078464
7.5,6.3,18.7,844,0.767964498,140.25,2.928523524
30.3,15.6,18.7,844,0.623927029,566.61,2.928523524
13.2,9.3,22.8,956,0.022343151,300.96,3.126760536
4.3,4.2,9.7,1644,0.807956773,41.71,2.272125886
15.3,14.9,17.2,1778,0.201853238,263.16,2.844909384
25.7,14,15.7,656,0.399511109,403.49,2.753660712
6.4,5.2,21.2,967,0.811155996,135.68,3.054001182
4.6,4.3,11.8,1600,0.462931336,54.28,2.468099531
9,9,16.9,1733,0.605543315,152.1,2.827313622
4.8,4.3,17.2,1778,0.385383327,82.56,2.844909384
15.9,10,16.4,1844,0.795214672,260.76,2.797281335
22.1,11.9,20.3,800,0.783690693,448.63,3.010620886
19,10.6,13,1511,0.363039885,247,2.564949357
7.4,9.9,17.1,1411,0.742791164,126.54,2.839078464
6.5,5.3,16.9,1733,0.133087213,109.85,2.827313622
18.4,13.9,16.5,1356,0.743080517,303.6,2.803360381
39.2,15.3,14.8,1022,0.08060778,580.16,2.694627181
15.7,8.7,16.4,1844,0.21707262,257.48,2.797281335
9.7,11.2,16.4,1844,0.069819044,159.08,2.797281335
13.3,10.4,16.7,1067,0.818961327,222.11,2.815408719
14.9,14.4,20.3,800,0.988130516,302.47,3.010620886
9.4,7.8,15,1956,0.785669446,141,2.708050201
2.2,3.9,15,1956,0.726806553,33,2.708050201
11,10.9,16.6,1467,0.086040255,182.6,2.809402695
8.4,5.9,16.2,1478,0.362263423,136.08,2.785011242
24.5,14.8,21,922,0.352101319,514.5,3.044522438
3.3,4.5,9.7,1644,0.757749034,32.01,2.272125886
16.3,12.2,13,1511,0.50353023,211.9,2.564949357
14.2,9.2,16.9,1733,0.784497468,239.98,2.827313622
11.2,4.7,16.2,1478,0.674822057,181.44,2.785011242
17.3,14,20.1,733,0.438003047,347.73,3.000719815
17.9,11.4,15.7,1022,0.144474254,281.03,2.753660712
11.5,12.6,14.1,2200,0.782982857,162.15,2.646174797
22,11.7,15,1956,0.26519391,330,2.708050201
4.3,5.2,9.7,1644,0.993869304,41.71,2.272125886
18.5,12,14.9,1222,0.911177975,275.65,2.701361213
4.3,5.2,9.7,1644,0.085071416,41.71,2.272125886
5.5,5.1,16.6,1467,0.704937046,91.3,2.809402695
8.6,11.6,14.1,2200,0.374074776,121.26,2.646174797
3.8,2.3,15.7,1022,0.479639739,59.66,2.753660712
10.9,13.7,14.1,2200,0.601279714,153.69,2.646174797
7,7.7,15,1956,0.495391401,105,2.708050201
17.7,11.7,20.3,800,0.662453873,359.31,3.010620886
10.8,10,16.4,1844,0.239346588,177.12,2.797281335
18.5,11.1,17.1,1411,0.361662614,316.35,2.839078464
7.2,6.1,12.9,633,0.278264695,92.88,2.557227311
12.2,9.8,16.9,1733,0.271886877,206.18,2.827313622
24.6,15,15.1,489,0.975047146,371.46,2.714694744
9.5,8.7,16.4,1844,0.824647625,155.8,2.797281335
14.5,10.4,17.1,1411,0.867398183,247.95,2.839078464
6.6,7.2,15.4,967,0.056916155,101.64,2.734367509
24.7,12.6,12.9,633,0.710053341,318.63,2.557227311
37,14.8,11.8,1600,0.53830534,436.6,2.468099531
15,9.9,15.4,967,0.699261308,231,2.734367509
18.8,9.3,22.8,956,0.346031077,428.64,3.126760536
11.5,9.6,14.1,2200,0.784250787,162.15,2.646174797
4.4,5,14.9,1222,0.747061578,65.56,2.701361213
7.9,6.3,20.3,800,0.893516652,160.37,3.010620886
6.1,4.1,17.1,1411,0.58632876,104.31,2.839078464
22,10.8,21.2,967,0.228753381,466.4,3.054001182
12.9,13.2,14.1,2200,0.15509763,181.89,2.646174797
4.2,5.8,11.8,1600,0.41313141,49.56,2.468099531
17.3,14.9,20.3,800,0.624014355,351.19,3.010620886
9.8,6.2,15.7,656,0.115603058,153.86,2.753660712
19.8,10.8,15.7,1022,0.28298565,310.86,2.753660712
2.5,2.7,15.1,489,0.960019496,37.75,2.714694744
20.3,15.4,16.6,1656,0.357810269,336.98,2.809402695
15.6,13.8,17.7,644,0.751551923,276.12,2.87356464
11.4,9.8,16.4,1844,0.710484596,186.96,2.797281335
5.6,4.6,11.8,1600,0.11040937,66.08,2.468099531
11.9,9,15.7,1022,0.023792803,186.83,2.753660712
25.7,12.7,18.7,844,0.934601893,480.59,2.928523524
25.3,12.1,15.4,1033,0.866546472,389.62,2.734367509
4.6,5.6,11.8,1600,0.521403126,54.28,2.468099531
12.7,6,7.2,1733,0.684194661,91.44,1.974081026
13.3,13.3,14.1,2200,0.446177943,187.53,2.646174797
7,5.9,16.9,1733,0.799603806,118.3,2.827313622
7.4,16.4,20.5,722,0.046816071,151.7,3.020424886
16.1,10.7,16.5,589,0.048732402,265.65,2.803360381
27.1,16.3,21,922,0.349193665,569.1,3.044522438
12,13.1,14.1,2200,0.389380496,169.2,2.646174797
4.2,5.4,11.8,1600,0.99230379,49.56,2.468099531
22,15.3,15.7,656,0.981115262,345.4,2.753660712
3.4,5,18.7,844,0.993895809,63.58,2.928523524
19.7,13.3,15.7,656,0.789940375,309.29,2.753660712
10.2,12.2,17.1,1411,0.503225917,174.42,2.839078464
12.3,10.8,14.9,1222,0.946295452,183.27,2.701361213
25.8,16.9,16.5,589,0.558421912,425.7,2.803360381
28,15.5,17.7,644,0.654339379,495.6,2.87356464
11.4,9.2,22.8,956,0.367230727,259.92,3.126760536
13.6,9.3,16.9,1733,0.763960371,229.84,2.827313622
3.5,3.6,15.7,1022,0.703280738,54.95,2.753660712
7.9,7.3,13,1511,0.728028387,102.7,2.564949357
11.3,9.8,14.9,1222,0.692496733,168.37,2.701361213
18,13.4,17.1,1411,0.732126989,307.8,2.839078464
19.5,17.8,20.3,800,0.13824705,395.85,3.010620886
12,13.7,17.2,1778,0.404952254,206.4,2.844909384
17.1,14.8,20.3,800,0.3912228,347.13,3.010620886
14.7,8.2,12.9,633,0.492735028,189.63,2.557227311
13.4,11,14.9,1222,0.280521471,199.66,2.701361213
11.2,9.6,17.1,1411,0.483258557,191.52,2.839078464
11.5,12.8,14.1,2200,0.704235617,162.15,2.646174797
10.8,9.3,16.7,1067,0.191970648,180.36,2.815408719
11.8,10.4,21,922,0.170824773,247.8,3.044522438
9.3,9,14.1,2200,0.69172524,131.13,2.646174797
20.4,12.3,16.4,1844,0.719134711,334.56,2.797281335
4.1,5.5,16.6,1467,0.428352379,68.06,2.809402695
14.7,9.7,14.9,1222,0.218781581,219.03,2.701361213
19.2,10.6,15.1,489,0.228191124,289.92,2.714694744
26.6,15,19.6,789,0.057599308,521.36,2.975529566
30.3,17.3,18.1,556,0.211339938,548.43,2.895911938
23.2,11.7,19.6,789,0.432792535,454.72,2.975529566
9.6,8.5,15.7,1022,0.638359761,150.72,2.753660712
7.3,7,16.6,1467,0.61822592,121.18,2.809402695
14.1,9.4,16.9,1733,0.598449926,238.29,2.827313622
21.6,12.8,14.9,1222,0.52859417,321.84,2.701361213
15.6,9,12.9,633,0.928727315,201.24,2.557227311
12.6,9.3,17.2,1778,0.505018949,216.72,2.844909384
13.2,13.2,14.1,2200,0.804911729,186.12,2.646174797
17.7,12.4,14.9,1222,0.760064601,263.73,2.701361213
16.1,14.8,17.1,1411,0.169933941,275.31,2.839078464
24.1,13,14.9,1222,0.08665584,359.09,2.701361213
26.2,15.8,17.1,1411,0.030952066,448.02,2.839078464
17.6,12.3,22.8,956,0.54807615,401.28,3.126760536
10.2,7.8,15,1956,0.838752128,153,2.708050201
15.4,9.9,16.9,1733,0.351176746,260.26,2.827313622
18,14.2,15,1956,0.880311641,270,2.708050201
2.8,4.3,15,1956,0.354761513,42,2.708050201
26.8,12.8,16.2,1478,0.999150088,434.16,2.785011242
7.6,8.3,17.2,1778,0.270678743,130.72,2.844909384
4,4.7,11.8,1600,0.712754849,47.2,2.468099531
15.4,10.7,20.5,722,0.941555784,315.7,3.020424886
22.7,13.7,19.6,789,0.142764012,444.92,2.975529566
