"CW","CLR","SD","D","PLOT"
2.65,0.8,2344.444444,8.6,1
1.55,0.68,2344.444444,3.1,1
0.64,0.38,1600,6.6,2
2.634,0.25,1600,9.6,2
2.562,0.31,1600,7,2
3.095,0.45,1600,14.4,2
4.5985,0.56,1600,22.5,2
3.18,0.45,1600,17.6,2
3.215,0.34,1600,8.7,2
4.456,0.53,1600,13.6,2
3.8145,0.44,1600,14.4,2
2.1485,0.34,1600,11.3,2
1.4235,0.48,1600,7.5,2
2.999,0.43,1600,10.4,2
2.4795,0.38,1600,11.4,2
4.009,0.29,1600,5.3,2
2.4365,0.36,1600,11.2,2
1.342,0.22,1600,6.4,2
1.1525,0.07,1600,6.8,2
3.935,0.63,1600,14.5,2
3.5,0.42,1600,6.3,2
1.895,0.34,1600,9.2,2
3.065,0.6,1600,8.3,2
2.23,0.72,1600,15.7,2
3.065,0.56,1600,15.5,2
2.025,0.6,1600,9.2,2
3.56,0.5,1600,17,2
3.5045,0.23,1600,13.1,2
2.084,0.43,1600,10.5,2
3.3475,0.51,1600,17.3,2
1.805,0.35,1600,8.1,2
2.5125,0.49,1600,10.8,2
2.8585,0.36,1600,15.7,2
1.8615,0.29,1600,10.4,2
2.8735,0.25,1600,16.2,2
2.8865,0.43,1600,10.5,2
2.422,0.45,1600,10.4,2
2.248,0.37,1600,12.5,2
2.2145,0.48,1600,9.5,2
2.7015,0.37,1600,9.6,2
2.605,0.19,1600,14.1,2
1.677,0.2,1600,10.8,2
4.701,0.42,1600,18.5,2
3.4735,0.31,1600,15.1,2
3.4715,0.22,1600,15.4,2
3.666,0.41,1600,18.6,2
3.662,0.44,1600,15.5,2
3.722,0.45,1600,13.6,2
3.316,0.23,1600,9.5,2
4.1075,0.44,1600,18.1,2
4.3055,0.38,1600,14.1,2
3.291,0.27,1600,10.5,2
4.763,0.52,1600,22.1,2
3.16,0.2,1600,13.9,2
2.884,0.24,1600,10.1,2
4.4195,0.38,1600,15.7,2
2.392,0.34,1600,10.8,2
3.2575,0.49,1600,12.4,2
2.834,0.24,1600,9.3,2
2.7225,0.18,1600,9.3,2
1.795,0.43,1600,10.7,2
4.308,0.55,1600,20,2
2.928,0.16,1600,11.8,2
3.8205,0.47,1600,18,2
4.777,0.53,1600,11.4,2
4.5335,0.66,1600,16.7,2
1.8165,0.32,1600,9.7,2
2.191,0.35,1600,12.4,2
3.005,0.31,1600,14.2,2
3.67,0.8,1600,8.2,2
4.855,0.59,1600,19,2
3.2925,0.59,1600,18.5,2
2.396,0.2,1600,13.6,2
3.659,0.51,1600,20.4,2
3.336,0.33,1600,12.5,2
5.41,0.4,1600,21.1,2
3.464,0.41,1600,14.6,2
4.8075,0.66,1600,20.9,2
4.4455,0.47,1600,16.6,2
4.708,0.5,1600,19.1,2
2.7095,0.59,1600,12.5,2
3.40075,0.44,1600,12.7,2
1.953,0.55,1600,9.8,2
3.128,0.33,1600,15.6,2
4.164,0.47,1600,12.7,2
2.258,0.31,1600,7.3,2
2.764,0.29,1600,7.1,2
4.818,0.49,1600,12.8,2
3.22,0.39,1600,13.7,2
3.7385,0.44,1600,15.9,2
2.945,0.44,1600,14.1,2
3.035,0.33,1600,11.4,2
2.285,0.27,1600,8.1,2
3.653,0.52,1600,13,2
4.085,0.52,1600,11.9,2
2.8585,0.27,1600,9.7,2
5.198,0.65,1600,18.7,2
4.2925,0.45,1600,17.5,2
1.2315,0.07,1600,4.8,2
2.32,0.38,1600,8.1,2
1.832,0.52,1600,5.1,2
3.2445,0.47,1600,11.6,2
2.4305,0.69,1600,9.2,2
2.5965,0.49,1600,9.8,2
2.3455,0.46,1600,6.7,2
2.295,0.1,1600,8.3,2
2.461,0.4,1600,16.4,2
5.166,0.33,1600,16.2,2
4.0845,0.35,1600,14.2,2
3.433,0.45,1600,11.5,2
3.533,0.32,1600,11,2
2.49,0.57,1600,8.3,2
0.71,0.43,1600,9.1,2
1.585,0.28,1600,6.9,2
2.0975,0.35,1600,17.2,2
4.5825,0.38,1600,11.1,2
2.5155,0.43,1600,11.2,2
3.9125,0.19,1600,14.2,2
2.7505,0.24,1600,8.9,2
2.8325,0.33,1600,12.3,2
3.999,0.53,1600,16.2,2
1.903,0.88,1477.777778,4.5,3
1.51,0.3,2155.555556,5.8,4
2.965,0.23,2155.555556,8.7,4
3.207,0.73,2155.555556,8.7,4
3.3445,0.7,2155.555556,13.2,4
1.66,0.18,2155.555556,4.1,4
1.795,0.43,2155.555556,4.7,4
2.5,0.21,2155.555556,6.9,4
2.04,0.44,2155.555556,3,4
2.435,0.6,2155.555556,5.2,4
3.505,0.63,2155.555556,7.5,4
3.225,0.23,2155.555556,7.8,4
3.71,0.46,2155.555556,8,4
2.71,0.47,2155.555556,4.3,4
2.745,0.32,2155.555556,6.9,4
2.795,0.23,2155.555556,6.8,4
1.915,0.63,2155.555556,4.9,4
3.14,0.34,2155.555556,6.5,4
3.73,0.58,2155.555556,5.4,4
3.365,0.41,2155.555556,6.3,4
3.485,0.42,2155.555556,6.3,4
1.795,0.37,2155.555556,6.6,4
2.085,0.4,2155.555556,6.8,4
4.06,0.79,1022.222222,18.2,14
4,0.77,1022.222222,20.7,14
6.5,0.62,1022.222222,28.9,14
4.8,0.68,1022.222222,22.2,14
5.8,0.81,1022.222222,29.6,14
6.85,0.61,1022.222222,16.2,14
6.85,0.52,1022.222222,32.1,14
6.826,0.83,788.8888889,27.1,15
4.5375,0.58,788.8888889,12.3,15
3.0065,0.54,788.8888889,9.9,15
2.751,0.38,788.8888889,5,15
2.38,0.43,788.8888889,8.9,15
4.4015,0.41,788.8888889,10.3,15
4.337,0.78,788.8888889,19.3,15
5.2105,0.79,788.8888889,23.8,15
4.4495,0.8,788.8888889,22.3,15
4.1415,0.62,788.8888889,9.4,15
6.555,0.8,788.8888889,32.9,15
1.75,0.76,488.8888889,2.5,16
1.3,0.86,488.8888889,2.9,16
1.65,0.82,488.8888889,2.7,16
1.9,0.82,488.8888889,2.5,16
2,0.71,488.8888889,4.8,16
2.1,0.81,488.8888889,4.8,16
3.15,0.8,488.8888889,6.2,16
5.45,0.78,488.8888889,24.6,16
6.05,0.84,488.8888889,29.2,16
5.55,0.71,488.8888889,22.2,16
5.05,0.69,488.8888889,23.3,16
4.7,0.8,488.8888889,19.2,16
4.15,0.62,488.8888889,21.2,16
5.2,0.58,488.8888889,15.1,16
5.55,0.87,488.8888889,24.5,16
6.49,0.83,488.8888889,25.5,16
6.25,0.81,488.8888889,33.3,16
7.12,0.74,488.8888889,18.4,16
7.505,0.71,488.8888889,33.4,16
3.125,0.49,488.8888889,6.2,16
3.125,0.6,488.8888889,6.2,16
1.48,0.71,488.8888889,5.9,16
6.445,0.67,488.8888889,11.2,16
1.705,0.81,488.8888889,2.5,16
5.97,0.89,488.8888889,17.2,16
2.515,0.77,488.8888889,5.4,16
1.8,0.82,488.8888889,2.9,16
2.815,0.72,488.8888889,3.1,16
4.84,0.58,488.8888889,13.5,16
5.13,0.81,488.8888889,24.6,16
4.82,0.83,488.8888889,29,16
6.223,0.75,488.8888889,26.8,16
4.867,0.41,488.8888889,23,16
4.8895,0.84,488.8888889,36.4,16
2.101,0.74,488.8888889,5.8,16
1.971,0.84,488.8888889,2.2,16
1.6445,0.86,488.8888889,3.6,16
2.2005,0.77,488.8888889,4.5,16
3.675,0.55,1611.111111,7,17
3.2,0.77,1611.111111,11,17
3.42,0.72,1611.111111,8.3,17
3.5,0.73,1611.111111,5.2,17
3.645,0.75,1611.111111,11.1,17
2.48,0.7,1611.111111,3.1,17
2.035,0.74,1611.111111,3.7,17
1.84,0.49,1611.111111,2.8,17
1.405,0.46,1611.111111,3.2,17
2.4625,0.84,1611.111111,6.5,17
2.2915,0.75,1611.111111,7.3,17
2.233,0.77,1611.111111,6.8,17
2.0725,0.75,1611.111111,3.7,17
3.2385,0.76,1611.111111,8.8,17
3.013,0.83,1611.111111,8.2,17
2.512,0.88,1611.111111,5.3,17
2.4305,0.79,1611.111111,4,17
2.516,0.85,1611.111111,6.2,17
2.8025,0.68,1611.111111,11.3,17
3.3425,0.54,1611.111111,7.6,17
2.173,0.81,1611.111111,2.7,17
2.5725,0.82,1611.111111,6.4,17
2.811,0.85,1611.111111,5,17
2.669,0.9,1611.111111,5.6,17
1.613,0.62,1611.111111,3.3,17
1.9295,0.86,1611.111111,3.8,17
1.56,0.95,1611.111111,3.2,17
1.779,0.78,1611.111111,3.5,17
2.055,0.61,1611.111111,3.7,17
2.095,0.81,1611.111111,4.6,17
2.013,0.81,1611.111111,4.1,17
2.476,0.84,1611.111111,5.3,17
2.019,0.84,1611.111111,2.5,17
1.5835,0.76,1611.111111,4.3,17
2.4125,0.75,1611.111111,4,17
1.592,0.84,1611.111111,4.6,17
1.9995,0.8,1611.111111,3.5,17
2.292,0.85,1611.111111,6.5,17
1.4975,0.65,1611.111111,5.2,17
2.0235,0.63,1611.111111,3.8,17
1.72,0.79,1611.111111,4.4,17
1.796,0.74,1611.111111,2.9,17
0.8305,0.82,1611.111111,4,17
1.543,0.62,1611.111111,6.2,17
2.091,0.7,1611.111111,4.9,17
1.423,0.85,1611.111111,3,17
1.6435,0.72,1611.111111,3.8,17
1.778,0.9,1611.111111,3.5,17
5.4065,0.9,1611.111111,28,17
1.986,0.67,1611.111111,4.7,17
2.445,0.87,1611.111111,3.9,17
2.41,0.93,1611.111111,4.6,17
2.2845,0.73,1611.111111,5.9,17
2.237,0.81,1611.111111,3.9,17
1.8035,0.8,1611.111111,3.1,17
1.983,0.83,1611.111111,3.2,17
2.359,0.84,1611.111111,4,17
1.6885,0.67,1611.111111,3.8,17
1.889,0.8,1611.111111,4.9,17
2.8985,0.9,1611.111111,8.8,17
2.6125,0.77,1611.111111,2.7,17
1.9835,0.73,1611.111111,6.2,17
2.2085,0.76,1611.111111,5.4,17
2.8585,0.72,1611.111111,5.2,17
2.1495,0.86,1611.111111,6.8,17
1.9375,0.88,1611.111111,5.3,17
2.065,0.83,1611.111111,3.4,17
2.178,0.76,1611.111111,3.6,17
2.962,0.8,1611.111111,2.8,17
1.8325,0.71,1611.111111,3,17
1.8455,0.75,1611.111111,3.1,17
2.8565,0.67,1611.111111,3.2,17
2.414,0.73,1611.111111,3.9,17
2.339,0.78,1611.111111,4.4,17
2.2318,0.67,1611.111111,4.2,17
1.8465,0.68,1611.111111,3,17
2.654,0.48,1611.111111,3.2,17
2.158,0.72,1611.111111,4,17
1.6965,0.48,1611.111111,4.8,17
1.8965,0.57,1611.111111,3.1,17
1.842,0.6,1611.111111,3,17
2.5355,0.67,1611.111111,4.7,17
2.9505,0.78,1611.111111,5.6,17
2.6465,0.69,1611.111111,6.4,17
1.6815,0.63,1611.111111,6.5,17
1.944,0.46,1611.111111,4.5,17
2.1115,0.39,1611.111111,3.5,17
1.373,0.6,1611.111111,3.7,17
1.457,0.87,1611.111111,3,17
3.3945,0.76,1611.111111,11,17
2.487,0.71,1611.111111,6.8,17
2.172,0.66,1611.111111,4.1,17
2.0145,0.8,1611.111111,4.2,17
1.823,0.47,1611.111111,6.7,17
1.6535,0.45,1611.111111,5.8,17
1.9625,0.34,1611.111111,4.2,17
1.8005,0.39,1611.111111,4.8,17
2.369,0.55,1611.111111,6.2,17
3.0615,0.52,1611.111111,7.2,17
1.8345,0.85,1611.111111,3.2,17
2.372,0.74,1611.111111,3.4,17
4.7955,0.86,1611.111111,12.5,17
4.023,0.87,1611.111111,12.9,17
2.2565,0.75,1611.111111,5.3,17
2.6975,0.76,1611.111111,6.9,17
2.2665,0.85,1611.111111,6.4,17
2.7385,0.79,1611.111111,4.8,17
2.819,0.67,1611.111111,5.8,17
2.3865,0.77,1611.111111,3.6,17
2.702,0.64,1611.111111,5.2,17
2.6185,0.83,1611.111111,3.3,17
2.821,0.82,1611.111111,5.2,17
3.6075,0.85,1611.111111,9.6,17
2.4065,0.74,1611.111111,6.2,17
2.039,0.7,1611.111111,4.2,17
2.096,0.66,1611.111111,3.6,17
2.158,0.65,1611.111111,4.7,17
3.4115,0.63,1611.111111,5.5,17
2.94,0.86,1611.111111,6.4,17
1.8085,0.69,1611.111111,4.3,17
2.781,0.7,1611.111111,5.2,17
2.39,0.9,1611.111111,5,17
2.3675,0.75,1611.111111,7.4,17
2.256,0.84,1611.111111,6.4,17
2.318,0.69,1611.111111,4.7,17
2.228,0.75,1611.111111,4.7,17
2.7805,0.72,1611.111111,8.4,17
5.263,0.82,1611.111111,20.4,17
5.12,0.65,1611.111111,10.2,17
2.218,0.73,1955.555556,10.7,21
2.5375,0.7,1955.555556,10.8,21
1.6585,0.65,1955.555556,5.9,21
1.096,0.57,1955.555556,4.3,21
2.4495,0.16,1955.555556,7.2,21
2.5475,0.6,1955.555556,16.3,21
2.613,0.52,1955.555556,2.7,21
2.4125,0.41,1955.555556,16.6,21
1.4285,0.44,1955.555556,2.8,21
1.889,0.38,1955.555556,8.6,21
2.5545,0.46,1955.555556,10.2,21
2.6555,0.31,1955.555556,6.1,21
2.6725,0.41,1955.555556,11.1,21
2.518,0.18,1955.555556,10.3,21
2.3375,0.46,1955.555556,9.4,21
2.4655,0.27,1955.555556,6.6,21
2.7505,0.38,1955.555556,11,21
2.25,0.46,1955.555556,6.1,21
1.8095,0.56,1955.555556,4.8,21
3.13,0.48,1955.555556,14.1,21
2.129,0.72,1955.555556,3,21
2.523,0.65,1955.555556,9.6,21
2.3295,0.67,1955.555556,3.5,21
2.585,0.3,1955.555556,5,21
2.465,0.49,1955.555556,10.3,21
2.285,0.67,1955.555556,15.9,21
2.47,0.64,1955.555556,25.1,21
4.945,0.62,1955.555556,24.8,21
5.42,0.75,1955.555556,33.8,21
3.405,0.81,1955.555556,12.6,21
3.725,0.75,1955.555556,5.8,21
2.245,0.77,1955.555556,14.8,21
4.575,0.81,1955.555556,14.2,21
2.88,0.36,1955.555556,22,21
2.92,0.63,1955.555556,4.3,21
2.425,0.71,1955.555556,4.5,21
1.675,0.65,1955.555556,4.8,21
2.335,0.79,1955.555556,17.4,21
3.21,0.78,1955.555556,15.8,21
1.695,0.6,1955.555556,19.8,21
1.61,0.47,1955.555556,16.8,21
1.32,0.54,1955.555556,6,21
1.615,0.55,1955.555556,5.2,21
2.77,0.66,1955.555556,4.5,21
0.795,0.33,1955.555556,8,21
2.35,0.66,1955.555556,18,21
2.545,0.45,1955.555556,9,21
1.86,0.73,1955.555556,9.5,21
1.535,0.8,1955.555556,5.9,21
2.615,0.62,1955.555556,9.8,21
2.26,0.77,1955.555556,6.7,21
2.48,0.36,1955.555556,5.9,21
2.57,0.69,1955.555556,4.2,21
2.745,0.44,1955.555556,6.5,21
2.595,0.37,1955.555556,3.1,21
2.775,0.64,1955.555556,11,21
3.435,0.68,1955.555556,6.5,21
3.68,0.81,1955.555556,34.6,21
2.5,0.63,1955.555556,16.5,21
1.78,0.45,1955.555556,4.9,21
2.26,0.74,1955.555556,15.9,21
2.98,0.46,1955.555556,13.6,21
2.595,0.79,1955.555556,11.1,21
1.64,0.57,1955.555556,13.7,21
2.58,0.77,1955.555556,5.1,21
3.595,0.73,1955.555556,11.4,21
3.655,0.72,1955.555556,16.6,21
2.1,0.57,1955.555556,10.4,21
2.295,0.07,1955.555556,3.1,21
1.34,0.42,1955.555556,8.1,21
3.065,0.37,1955.555556,8.1,21
2.13,0.35,1955.555556,9.8,21
1.71,0.69,1955.555556,10.5,21
1.37,0.18,1955.555556,4.7,21
2.585,0.76,1955.555556,16.5,21
1.085,0.45,1955.555556,6.4,21
2.22,0.38,1955.555556,11,21
2.68,0.41,1955.555556,11.1,21
2.08,0.44,1955.555556,11.4,21
1.985,0.45,1955.555556,6.8,21
2.13,0.54,1955.555556,14,21
2.41,0.8,1955.555556,10.4,21
3.29,0.67,1955.555556,6.7,21
2.25,0.78,1955.555556,8.2,21
1.595,0.38,1955.555556,4.3,21
2.24,0.49,1955.555556,9.3,21
1.405,0.45,1955.555556,8.6,21
2.085,0.59,1955.555556,3.2,21
1.56,0.53,1955.555556,8.1,21
1.24,0.27,1955.555556,4.1,21
1.32,0.36,1955.555556,4.1,21
1.52,0.51,1955.555556,5.2,21
2.94,0.53,1955.555556,11.2,21
3.265,0.8,1955.555556,16.9,21
2.075,0.78,1955.555556,10.7,21
2.205,0.33,1955.555556,6,21
1.4,0.48,1955.555556,5.3,21
1.755,0.67,1955.555556,10.5,21
1.175,0.66,1955.555556,5.2,21
1.715,0.83,1955.555556,9.3,21
1.05,0.58,1955.555556,2.7,21
2.905,0.61,1955.555556,13.1,21
3.59,0.72,1955.555556,15,21
2.965,0.73,1955.555556,9,21
2.89,0.78,1955.555556,8.9,21
3.16,0.76,1955.555556,9.7,21
2.14,0.74,1955.555556,5.3,21
3.78,0.73,1955.555556,10.3,21
3.21,0.84,1955.555556,14,21
4.265,0.59,1955.555556,18,21
2.445,0.84,1955.555556,16.8,21
3.655,0.8,1955.555556,9.8,21
3.945,0.86,1955.555556,12.1,21
4.025,0.8,1955.555556,26,21
3.995,0.69,1955.555556,21.8,21
2.24,0.85,1955.555556,9.7,21
3.51,0.76,1955.555556,27,21
1.61,0.49,1955.555556,4.2,21
1.845,0.81,1955.555556,15.4,21
3.2,0.76,1955.555556,22,21
2.485,0.3,1955.555556,5.9,21
3.655,0.28,1955.555556,8.5,21
1.76,0.65,1955.555556,3.6,21
1.765,0.28,1955.555556,5.6,21
2.2,0.73,1955.555556,4,21
2.595,0.57,1955.555556,3,21
1.96,0.61,1955.555556,18.4,21
2.74,0.11,1955.555556,3,21
2.41,0.11,1955.555556,2.8,21
2.825,0.64,1955.555556,7.3,21
1.87,0.72,1955.555556,4.2,21
2.005,0.1,1955.555556,2.9,21
1.51,0.38,1955.555556,7,21
1.66,0.88,1955.555556,2.2,21
1.92,0.15,1955.555556,3,21
1.885,0.69,1955.555556,3.5,21
3.055,0.64,1955.555556,8.9,21
2.47,0.65,1955.555556,6.5,21
2.09,0.32,1955.555556,4.5,21
2.13,0.38,1955.555556,4.7,21
1.36,0.54,1955.555556,2.2,21
3.28,0.64,1955.555556,7.4,21
2.9,0.78,1955.555556,13,21
3.915,0.72,1955.555556,12.9,21
1.76,0.47,1955.555556,9.5,21
3.585,0.83,1955.555556,20.2,21
3.08,0.52,1955.555556,5.5,21
3.815,0.8,1477.777778,19.7,22
5.56,0.73,1477.777778,26.8,22
1.96,0.78,1477.777778,2.6,22
1.81,0.76,1477.777778,2.3,22
1.755,0.7,1477.777778,3.4,22
1.435,0.72,1477.777778,3.5,22
1.47,0.86,1477.777778,2.9,22
1.485,0.63,1477.777778,2.7,22
2.085,0.63,1477.777778,4.8,22
6.635,0.86,1477.777778,30.4,22
5.85,0.82,1477.777778,28.8,22
2.29,0.83,1477.777778,4.1,22
1.53,0.49,1477.777778,5.7,22
1.68,0.81,1477.777778,2.2,22
1.77,0.86,1477.777778,2.4,22
2.645,0.86,1477.777778,4.1,22
2.87,0.81,1477.777778,8.4,22
1.95,0.39,1477.777778,4.1,22
2.57,0.71,1477.777778,6.4,22
1.55,0.62,1477.777778,3.8,22
1.355,0.52,1477.777778,2.2,22
1.765,0.58,1477.777778,3.7,22
1.335,0.48,1477.777778,4.4,22
1.535,0.6,1477.777778,3.2,22
2.49,0.88,1477.777778,2,22
2.135,0.57,1477.777778,6.3,22
2.805,0.66,1477.777778,3.5,22
2.585,0.74,1477.777778,4.6,22
2.33,0.63,1477.777778,3.1,22
2.585,0.76,1477.777778,3.9,22
2.22,0.5,1477.777778,3.1,22
2.545,0.6,1477.777778,4.9,22
2.74,0.58,1477.777778,3.6,22
1.785,0.83,1477.777778,2.3,22
2.095,0.73,1477.777778,4,22
1.905,0.71,1477.777778,2.2,22
2.1,0.82,1477.777778,4.1,22
2.785,0.71,1477.777778,3.2,22
2.62,0.72,1477.777778,4,22
2.69,0.67,1477.777778,3.6,22
2.64,0.83,1477.777778,2.7,22
3.58,0.76,1477.777778,6,22
1.93,0.32,1477.777778,2.2,22
1.565,0.52,1477.777778,2.5,22
1.53,0.5,1477.777778,2.2,22
1.9,0.85,1477.777778,3.3,22
1.865,0.8,1477.777778,3,22
3.625,0.83,1477.777778,8.9,22
2.09,0.81,1477.777778,6.8,22
3.125,0.8,1477.777778,5.4,22
3.125,0.8,1477.777778,7.5,22
3.125,0.81,1477.777778,5.9,22
1.865,0.66,1477.777778,7,22
1.555,0.67,1477.777778,4.5,22
5.095,0.65,1477.777778,26.5,22
5.165,0.71,1477.777778,27.4,22
2.14,0.73,1477.777778,5.9,22
3.045,0.78,1477.777778,6.1,22
2.65,0.55,1477.777778,3.2,22
2.09,0.47,1477.777778,2.5,22
1.9,0.69,1477.777778,3.8,22
2.195,0.63,1477.777778,3.5,22
1.835,0.44,1477.777778,5.5,22
1.925,0.26,1477.777778,4,22
2.225,0.7,1477.777778,5.7,22
2.22,0.24,1477.777778,3.5,22
1.615,0.29,1477.777778,3.1,22
2.92,0.72,1477.777778,5.3,22
2.66,0.28,1477.777778,3.5,22
2.385,0.69,1477.777778,8,22
2.645,0.73,1477.777778,10.2,22
2.865,0.2,1477.777778,4.5,22
2.38,0.3,1477.777778,7.8,22
6.835,0.65,1477.777778,19.2,22
4.995,0.66,1477.777778,28.2,22
3.77,0.85,1477.777778,9.8,22
5.565,0.72,1477.777778,22.2,22
5.975,0.72,1477.777778,22.3,22
1.33,0.16,1477.777778,3.4,22
6.46,0.76,1477.777778,23.4,22
6.545,0.82,1477.777778,31.4,22
5.41,0.75,1477.777778,27.1,22
1.35,0.26,1477.777778,2.8,22
2.11,0.46,1477.777778,5.5,22
1.835,0.42,1477.777778,6.5,22
2.225,0.75,1477.777778,5.5,22
2.985,0.64,1477.777778,6.5,22
2.86,0.55,1477.777778,9.2,22
2.32,0.64,1477.777778,7.3,22
1.675,0.42,1477.777778,3.7,22
4.445,0.83,1477.777778,27.7,22
4.755,0.67,1477.777778,29.2,22
3.705,0.73,1477.777778,11.5,22
3.305,0.41,1477.777778,6.9,22
2.3,0.66,1477.777778,3.7,22
1.73,0.78,1477.777778,2.6,22
2.095,0.56,1477.777778,6.1,22
4.865,0.81,1477.777778,15.8,22
4.865,0.8,1477.777778,14.9,22
3.01,0.5,1477.777778,5,22
2.595,0.32,1477.777778,2.9,22
5.75,0.79,1477.777778,18.4,22
1.945,0.5,1766.666667,17.6,26
1.855,0.32,1766.666667,13.6,26
2.225,0.44,1766.666667,10.5,26
2.325,0.35,1766.666667,15.3,26
1.56,0.36,1766.666667,8.4,26
2.595,0.37,1766.666667,16.3,26
1.545,0.31,1766.666667,5.9,26
2.025,0.34,1766.666667,11.2,26
1.615,0.55,1766.666667,6.5,26
1.375,0.24,1766.666667,8.1,26
1.22,0.18,1766.666667,6.4,26
2.115,0.48,1766.666667,8.5,26
2.355,0.51,1766.666667,14.1,26
2.575,0.48,1766.666667,10,26
2.665,0.24,1766.666667,5.2,26
2.46,0.34,1766.666667,13.4,26
2.575,0.44,1766.666667,14.4,26
2.665,0.39,1766.666667,12.1,26
2.06,0.58,1766.666667,11.1,26
2.065,0.3,1766.666667,16.1,26
2.195,0.33,1766.666667,4.3,26
2.96,0.48,1766.666667,6.1,26
2.915,0.29,1766.666667,15.6,26
3.83,0.37,1766.666667,19.1,26
3.14,0.28,1766.666667,15.6,26
1.855,0.63,1766.666667,5.3,26
2.635,0.56,1766.666667,6.2,26
2.735,0.36,1766.666667,20.1,26
2.175,0.52,1766.666667,17,26
2.585,0.64,1766.666667,8.6,26
2.865,0.52,1766.666667,15.6,26
2.82,0.57,1766.666667,18.6,26
2.75,0.36,1766.666667,20.2,26
2.265,0.68,1766.666667,12.2,26
3.76,0.64,1766.666667,7,26
2.965,0.52,1766.666667,11.6,26
3.665,0.61,1766.666667,20.7,26
3.55,0.6,1766.666667,21.1,26
4.495,0.61,1766.666667,12.8,26
3.655,0.6,1766.666667,10.6,26
4.24,0.42,1766.666667,22.6,26
3.11,0.73,1766.666667,5.4,26
2.785,0.42,1766.666667,12.8,26
2.74,0.39,1766.666667,15.4,26
3.7,0.76,1766.666667,11,26
2.935,0.53,1766.666667,5.6,26
2.175,0.5,1766.666667,10.9,26
2.655,0.45,1766.666667,10.8,26
2.98,0.38,1766.666667,12.4,26
3.605,0.33,1766.666667,12.3,26
1.93,0.2,1766.666667,9.5,26
1.875,0.22,1766.666667,10.9,26
3.99,0.33,1766.666667,12.9,26
3.915,0.19,1766.666667,10.7,26
4.61,0.07,1766.666667,14.2,26
5.62,0.46,1766.666667,20.7,26
4.53,0.7,1766.666667,21.8,26
5.01,0.72,1766.666667,12.5,26
3.8,0.63,1766.666667,13.5,26
2.17,0.39,1766.666667,3.6,26
3.74,0.62,1766.666667,14.4,26
3.985,0.57,1766.666667,14.1,26
4.03,0.48,1766.666667,13.4,26
3.785,0.41,1766.666667,15.2,26
4.71,0.69,1766.666667,14.5,26
3.665,0.61,1766.666667,17.3,26
3.195,0.62,1766.666667,7.8,26
2.87,0.39,1766.666667,12.2,26
3.715,0.45,1766.666667,14.2,26
3.49,0.58,1766.666667,14.2,26
3.975,0.28,1766.666667,11,26
3.61,0.28,1766.666667,12.2,26
4.155,0.69,1766.666667,15.3,26
4.185,0.6,1766.666667,8.8,26
3.5,0.34,1766.666667,10.2,26
2.2,0.51,1766.666667,6.5,26
2.97,0.72,1766.666667,12,26
3.45,0.42,1766.666667,20.8,26
3.79,0.58,1766.666667,19.5,26
3.545,0.43,1766.666667,8.2,26
2.67,0.66,1766.666667,10,26
3.2,0.57,1766.666667,9,26
4.065,0.36,1766.666667,12.4,26
4.31,0.5,1766.666667,22.5,26
3.67,0.36,1766.666667,9.7,26
5.695,0.77,1766.666667,19.2,26
5.37,0.66,1766.666667,16.3,26
2.745,0.6,1766.666667,3.6,26
2.745,0.37,1766.666667,13.4,26
2.29,0.45,1766.666667,7.1,26
2.53,0.3,1766.666667,11.8,26
1.725,0.48,1766.666667,11.2,26
2.955,0.37,1766.666667,13.7,26
2.525,0.27,1766.666667,5.9,26
2.69,0.46,1766.666667,17.2,26
2.955,0.45,1766.666667,8.9,26
2.725,0.39,1766.666667,11.6,26
1.96,0.26,1766.666667,12.7,26
2.1,0.18,1766.666667,6.9,26
1.995,0.31,1766.666667,13.6,26
2.56,0.24,1766.666667,12.8,26
2.535,0.25,1766.666667,14.2,26
2.855,0.37,1766.666667,6.5,26
2.58,0.26,1766.666667,13.9,26
2.095,0.24,1766.666667,13.2,26
2.195,0.24,1766.666667,17.7,26
1.975,0.32,1766.666667,11.5,26
3.425,0.17,1766.666667,16.3,26
3.11,0.28,1766.666667,13.1,26
2.32,0.32,1766.666667,13.6,26
2.33,0.43,1766.666667,3.5,26
2.475,0.41,1766.666667,12.2,26
1.42,0.23,1766.666667,11.6,26
1.955,0.28,1766.666667,7.5,26
3.28,0.43,1766.666667,15.6,26
2.47,0.33,1766.666667,13.1,26
2.695,0.45,1766.666667,15.7,26
3.985,0.28,1766.666667,20.9,26
2.91,0.39,1766.666667,17.6,26
3.96,0.4,1766.666667,15.4,26
2.48,0.42,1766.666667,12.1,26
3.44,0.34,1766.666667,9.9,26
3.535,0.39,1766.666667,9.7,26
4.705,0.46,1766.666667,20.2,26
2.52,0.53,1766.666667,5.1,26
2.36,0.45,1766.666667,10.6,26
2.315,0.36,1766.666667,11.9,26
2.96,0.29,1766.666667,10.8,26
2.825,0.37,1766.666667,14.3,26
2.63,0.19,1766.666667,9.4,26
2.765,0.43,1766.666667,15.2,26
3.335,0.39,1766.666667,15,26
4.21,0.41,1766.666667,17.6,26
2.65,0.2,1766.666667,8.5,26
1.37,0.59,1766.666667,3.5,26
2.325,0.45,1766.666667,9.1,26
3.39,0.36,1766.666667,13.4,26
2.87,0.59,1766.666667,7.6,26
3.165,0.52,1766.666667,5.7,26
1.905,0.5,1766.666667,3.5,26
3.805,0.53,1766.666667,14.8,26
2.055,0.56,1766.666667,4,26
3.035,0.59,1766.666667,9.6,26
3.95,0.62,1766.666667,18.8,26
3.095,0.75,1766.666667,5.9,26
2.31,0.51,1766.666667,15.6,26
2.3205,0.5,1077.777778,10.1,27
3.0185,0.42,1077.777778,10.7,27
2.9175,0.59,1077.777778,11.2,27
3.482,0.48,1077.777778,13.5,27
4.173,0.54,1077.777778,16.9,27
3.459,0.43,1077.777778,16.1,27
2.585,0.21,1077.777778,7,27
2.7165,0.58,1077.777778,11.7,27
3.364,0.44,1077.777778,14.4,27
3.9825,0.66,1077.777778,15.4,27
2.626,0.59,1077.777778,9.8,27
4.3205,0.7,1077.777778,22.4,27
4.1435,0.44,1077.777778,15.1,27
2.945,0.34,1466.666667,16.3,28
2.92,0.36,1466.666667,15.1,28
3.07,0.54,1466.666667,11.9,28
3.06,0.41,1466.666667,13.4,28
2.33,0.55,1466.666667,8.9,28
2.72,0.46,1466.666667,14,28
3.03,0.62,1466.666667,12,28
2.3,0.44,1466.666667,8.6,28
2.5,0.4,1466.666667,10.8,28
2.7,0.36,1466.666667,6,28
3,0.39,1466.666667,11.7,28
3.25,0.55,1466.666667,19.2,28
2.75,0.5,1466.666667,10.5,28
3.35,0.58,1466.666667,14.6,28
1.55,0.18,1466.666667,4.2,28
2.95,0.47,1466.666667,14.3,28
3.1,0.33,1466.666667,15.5,28
3.15,0.28,1466.666667,13.4,28
3.14,0.46,1466.666667,14.9,28
3.06,0.46,1466.666667,15.9,28
2.315,0.19,1466.666667,8.9,28
2.1,0.44,1466.666667,7.5,28
3.125,0.63,1466.666667,15.1,28
4.04,0.43,1466.666667,16.7,28
3.755,0.53,1466.666667,11.9,28
3.52,0.49,1466.666667,15.1,28
2.77,0.36,1466.666667,11.6,28
2.845,0.41,1466.666667,15.1,28
2.37,0.56,1466.666667,7.2,28
2.27,0.19,1466.666667,7,28
3.32,0.36,1466.666667,22,28
2.52,0.76,1466.666667,4.8,28
2.81,0.03,1466.666667,7,28
2.8,0.44,1466.666667,21.4,28
2.74,0.19,1466.666667,12.8,28
2.405,0.37,1466.666667,9.1,28
2.215,0.41,1466.666667,12.1,28
2.325,0.18,1511.111111,4.1,32
2.48,0.27,1511.111111,6.9,32
2.455,0.39,1511.111111,8.6,32
2.97,0.16,1511.111111,7.1,32
2.32,0.19,1511.111111,7.3,32
2.355,0.29,1511.111111,8.9,32
3.335,0.32,1511.111111,6.1,32
3.65,0.25,1511.111111,8.2,32
3.71,0.33,1511.111111,11.8,32
2.14,0.16,1511.111111,7.2,32
2.68,0.19,1511.111111,11.2,32
2.895,0.61,1511.111111,5.4,32
2.465,0.2,1511.111111,7.8,32
1.835,0.24,1511.111111,5.8,32
2.04,0.71,1511.111111,5.5,32
3.04,0.39,1511.111111,11.7,32
3.58,0.35,1511.111111,11.7,32
3.07,0.4,1511.111111,8.6,32
3,0.35,1511.111111,8.9,32
3.16,0.4,1511.111111,9.7,32
1.99,0.36,1511.111111,4.1,32
3.085,0.41,1511.111111,8.3,32
3.085,0.5,1511.111111,11,32
3.11,0.56,1511.111111,8.7,32
3.035,0.32,1511.111111,10.6,32
2.875,0.26,1511.111111,8.7,32
2.285,0.34,1511.111111,9.9,32
2.755,0.32,1511.111111,9.1,32
2.635,0.23,1511.111111,7.5,32
1.975,0.33,1511.111111,8.5,32
2.22,0.35,1511.111111,6.5,32
1.815,0.14,1511.111111,5.4,32
1.71,0.16,1511.111111,7.7,32
1.97,0.2,1511.111111,9.5,32
1.915,0.45,1511.111111,5.4,32
2.68,0.55,1511.111111,11.1,32
2.02,0.67,1511.111111,5.7,32
2.915,0.5,1511.111111,14.8,32
3.01,0.46,1511.111111,12.2,32
2.845,0.35,1511.111111,13.1,32
3.51,0.4,1511.111111,13.4,32
4.23,0.55,1511.111111,20.9,32
3.125,0.36,1511.111111,11.5,32
2.5,0.39,1511.111111,7.8,32
2.425,0.59,1511.111111,5.8,32
3.155,0.5,1511.111111,13.7,32
3.26,0.41,1511.111111,12.1,32
1.94,0.31,1511.111111,5.4,32
2.47,0.38,1511.111111,9.4,32
2.835,0.42,1511.111111,9.8,32
2.7,0.23,1511.111111,9.6,32
2.94,0.44,1511.111111,10,32
5.02,0.58,1511.111111,28.1,32
3.49,0.4,1511.111111,15.3,32
2.145,0.65,1511.111111,6.3,32
2.2,0.31,1511.111111,16,32
2.48,0.33,1511.111111,20.4,32
3.015,0.42,1511.111111,19.5,32
2.39,0.62,1511.111111,8.7,32
2.07,0.61,1511.111111,6.1,32
3.11,0.69,1511.111111,6.4,32
2.885,0.42,1511.111111,4.8,32
4.04,0.36,1511.111111,19.1,32
4.215,0.5,1511.111111,19.2,32
2.19,0.78,1511.111111,6.7,32
2.805,0.61,1511.111111,14.6,32
3.5,0.55,1511.111111,14.2,32
3.845,0.23,1511.111111,15.4,32
2.545,0.33,1511.111111,13.1,32
3.015,0.6,1511.111111,15.6,32
3.48,0.38,1511.111111,18.5,32
2.265,0.37,1511.111111,9.5,32
3.55,0.38,1511.111111,18.3,32
2.265,0.35,1766.666667,11.9,33
2.24,0.49,1766.666667,13.2,33
2.485,0.43,1766.666667,14.7,33
0.9,0.25,1766.666667,5.9,33
1.45,0.36,1766.666667,9,33
1.31,0.41,1766.666667,14.7,33
3.085,0.64,1766.666667,15.1,33
3.615,0.52,1766.666667,17.3,33
4.35,0.36,1766.666667,18.7,33
2.23,0.25,1766.666667,10.6,33
3.165,0.43,1766.666667,12.6,33
2.84,0.4,1766.666667,11.3,33
1.77,0.45,1766.666667,7,33
2.66,0.51,1766.666667,9,33
3.49,0.4,1766.666667,18.8,33
3.21,0.45,1766.666667,13.3,33
3.245,0.4,1766.666667,16.8,33
2.085,0.38,1766.666667,6.5,33
2.675,0.37,1766.666667,11.4,33
3.215,0.53,1766.666667,14.2,33
2.295,0.04,1766.666667,14.8,33
1.51,0.14,1766.666667,9.5,33
2.795,0.25,1766.666667,12.7,33
2.475,0.3,1766.666667,10.5,33
4.135,0.61,1766.666667,19.9,33
1.715,0.39,1766.666667,7.1,33
1.925,0.31,1766.666667,10.2,33
2.365,0.4,1766.666667,10.9,33
3.07,0.56,1766.666667,14.1,33
2.855,0.44,1766.666667,15.9,33
2.785,0.54,1766.666667,13.2,33
3.295,0.49,1766.666667,14.6,33
1.785,0.68,1766.666667,6,33
2.725,0.54,1766.666667,15.3,33
2.305,0.29,1766.666667,7.6,33
2.425,0.31,1766.666667,6.9,33
3.4,0.44,1766.666667,11,33
2.875,0.26,1766.666667,8.6,33
3.795,0.62,1766.666667,15.6,33
1.3,0.19,1766.666667,7.2,33
2.32,0.32,1766.666667,13.7,33
3.69,0.6,1766.666667,19.4,33
4.5695,0.65,1766.666667,17.5,33
3.15,0.53,1766.666667,9.8,33
3.37,0.63,1766.666667,9.5,33
3.935,0.57,1766.666667,13.3,33
3.615,0.61,1766.666667,12,33
3.565,0.66,1766.666667,12.2,33
3.475,0.22,1766.666667,6.2,33
2.86,0.64,1766.666667,12.4,33
2.92,0.44,1766.666667,11.6,33
3.495,0.58,1766.666667,15.3,33
3.695,0.33,1766.666667,15.2,33
3.305,0.31,1766.666667,10.5,33
2.7,0.39,1766.666667,11.4,33
3.22,0.34,1766.666667,18.6,33
2.675,0.4,1766.666667,10.8,33
1.62,0.21,1766.666667,9.5,33
2.9,0.41,1766.666667,15.9,33
3.125,0.64,1766.666667,16.2,33
1.1,0.48,1766.666667,8.7,33
2.195,0.66,1766.666667,13.7,33
3.595,0.53,1766.666667,21,33
3.32,0.6,1766.666667,15.4,33
3.17,0.36,1766.666667,15.8,33
3.06,0.31,1766.666667,16.4,33
2.255,0.25,1766.666667,10.7,33
1.935,0.06,1766.666667,7.5,33
2.755,0.35,1766.666667,13.2,33
2.035,0.29,1766.666667,8.9,33
2.18,0.17,1766.666667,8.8,33
1.635,0.26,1766.666667,7.8,33
4.65,0.57,1766.666667,22.3,33
2.015,0.55,1766.666667,6.9,33
2.02,0.41,1766.666667,8.6,33
3.08,0.46,1766.666667,13.3,33
2.905,0.57,1766.666667,10.3,33
3.16,0.56,1766.666667,14.3,33
3.71,0.45,1766.666667,16,33
2.815,0.35,1766.666667,12.6,33
3.215,0.54,1766.666667,17.3,33
1.23,0.58,1766.666667,5.2,33
2.63,0.29,1766.666667,14.1,33
2.97,0.45,1766.666667,14.1,33
2.795,0.45,1766.666667,14.1,33
2.425,0.42,1766.666667,12.6,33
2.35,0.32,1766.666667,7.8,33
2.24,0.47,1766.666667,15.6,33
2.445,0.21,1766.666667,12.5,33
2.74,0.57,1766.666667,12.9,33
2.46,0.44,1766.666667,9.7,33
2.055,0.27,1766.666667,7.6,33
1.56,0.28,1766.666667,6.7,33
2.99,0.31,1766.666667,13.9,33
3.045,0.28,1766.666667,12.3,33
2.71,0.41,1766.666667,8.5,33
2.45,0.35,1766.666667,10.6,33
4.055,0.51,1766.666667,17.7,33
2.205,0.27,1766.666667,6.6,33
3.305,0.37,1766.666667,10.8,33
3.41,0.43,1766.666667,16.6,33
2.28,0.3,1766.666667,8.5,33
3.655,0.49,1766.666667,16.5,33
3.535,0.22,1766.666667,15.9,33
3.615,0.3,1766.666667,15.4,33
2.755,0.47,1766.666667,10.9,33
2.82,0.53,1766.666667,15.2,33
2.945,0.42,1766.666667,9.9,33
1.835,0.45,1766.666667,7,33
2.72,0.45,1766.666667,13.2,33
2.315,0.37,1766.666667,6,33
3.75,0.58,1766.666667,15.6,33
2.545,0.28,1766.666667,4.8,33
1.99,0.25,1766.666667,8.3,33
2.945,0.46,1766.666667,17.3,33
2.595,0.34,1766.666667,16,33
2.485,0.43,1766.666667,9.4,33
1.125,0.69,1766.666667,3.7,33
1.25,0.64,1766.666667,3.8,33
2.78,0.47,1766.666667,13.3,33
2.345,0.49,1766.666667,6.4,33
3.09,0.34,1766.666667,13.8,33
3.345,0.45,1766.666667,19.6,33
2.645,0.34,1766.666667,12.8,33
2.26,0.49,1766.666667,6,33
3,0.83,1733.333333,4.8,35
4.725,0.72,1733.333333,12.7,35
4.57,0.82,1733.333333,19,35
2.995,0.82,1733.333333,6.5,35
2.8,0.83,1733.333333,9,35
2.89,0.72,1733.333333,5.1,35
3.07,0.82,1733.333333,5.8,35
2.955,0.73,1733.333333,7.1,35
2.61,0.66,1733.333333,6,35
2.53,0.93,1733.333333,3.5,35
4.11,0.57,1088.888889,15,36
5.245,0.16,1088.888889,16.6,36
5.15,0.55,1088.888889,18.9,36
2.605,0.8,1644.444444,6.9,37
2.575,0.76,1644.444444,2.9,37
2.29,0.65,1644.444444,4.3,37
2.615,0.72,1644.444444,5.4,37
3.14,0.82,1644.444444,7.9,37
1.625,0.48,1644.444444,3.1,37
1.51,0.56,1644.444444,3.2,37
1.985,0.73,1644.444444,3.3,37
1.815,0.5,1644.444444,3.5,37
1.73,0.45,1644.444444,2.7,37
1.94,0.56,1644.444444,3.3,37
2.075,0.61,1644.444444,5,37
2.065,0.45,1644.444444,4.4,37
1.98,0.69,1644.444444,4.3,37
2.165,0.73,1644.444444,5.6,37
2.245,0.61,1644.444444,5.9,37
1.89,0.46,1644.444444,4.3,37
2.045,0.46,1644.444444,3.7,37
2.025,0.86,1644.444444,4.1,37
2.165,0.83,1644.444444,3.6,37
2.355,0.85,1644.444444,3.6,37
1.715,0.79,1644.444444,4.8,37
1.905,0.64,1644.444444,2.7,37
2.21,0.78,1644.444444,3.7,37
2.135,0.62,1644.444444,5,37
2.855,0.66,1644.444444,3.8,37
1.99,0.73,1644.444444,3.1,37
1.7,0.83,1644.444444,2.9,37
2.04,0.7,1644.444444,4.1,37
1.84,0.5,1644.444444,2.6,37
1.82,0.53,1644.444444,3.6,37
2.48,0.69,1644.444444,5.3,37
2.305,0.62,1644.444444,5.1,37
2.545,0.46,1644.444444,3.7,37
2.24,0.69,1644.444444,4.2,37
2.545,0.68,1644.444444,3.7,37
2.225,0.83,1644.444444,3,37
2.055,0.8,1644.444444,3.2,37
2.295,0.79,1644.444444,4,37
2.075,0.87,1644.444444,3.9,37
2.225,0.89,1644.444444,3,37
1.545,0.74,1644.444444,2.9,37
1.715,0.68,1644.444444,3.8,37
2.4,0.62,1644.444444,5,37
2.94,0.65,1644.444444,6,37
2.925,0.67,1644.444444,5.2,37
2.385,0.64,1644.444444,3.6,37
2.34,0.56,1644.444444,3.3,37
1.68,0.59,1644.444444,2.8,37
2.245,0.53,1644.444444,3.3,37
2.48,0.68,1644.444444,3.7,37
2.485,0.71,1644.444444,3.5,37
2.685,0.7,1644.444444,4,37
2.285,0.58,1644.444444,4,37
2.515,0.59,1644.444444,4.5,37
2.515,0.5,1644.444444,3.9,37
2.19,0.61,1644.444444,2.9,37
2.91,0.7,1644.444444,6.9,37
1.92,0.48,1644.444444,3.6,37
1.475,0.79,1644.444444,3.2,37
1.94,0.55,1644.444444,5.2,37
2.025,0.7,1644.444444,3.2,37
2.205,0.66,1644.444444,4.8,37
2.245,0.71,1644.444444,4.5,37
5.25,0.92,1644.444444,21.5,37
4.78,0.9,1644.444444,18.6,37
2.155,0.77,1644.444444,4.4,37
2.155,0.77,1644.444444,4.4,37
3.175,0.9,1644.444444,11.4,37
3.33,0.67,1644.444444,7.2,37
1.925,0.85,1644.444444,3.7,37
1.625,0.53,1644.444444,5.6,37
1.925,0.71,1644.444444,6.3,37
2.425,0.8,1644.444444,4,37
2.375,0.78,1644.444444,4.5,37
2.25,0.74,1644.444444,5.6,37
1.98,0.73,1644.444444,3.6,37
2.175,0.87,1644.444444,2.8,37
2.295,0.91,1644.444444,4.4,37
2.545,0.89,511.1111111,5.3,40
2.105,0.95,1522.222222,3.3,41
2.24,0.87,1522.222222,2.9,41
3.585,0.81,1522.222222,10.8,41
4.455,0.78,1522.222222,15.4,41
4.825,0.91,1522.222222,13.7,41
4.61,0.98,1522.222222,12.5,41
3.185,0.8,1522.222222,11.6,41
1.945,0.87,1522.222222,5.6,41
2.95,0.83,1522.222222,13.6,41
2.7,0.76,1522.222222,11.6,41
2.03,0.79,1522.222222,2.6,41
2.715,0.85,1522.222222,5.2,41
3.05,0.89,1522.222222,7.6,41
3.515,0.8,1522.222222,7.2,41
2.32,0.89,1522.222222,3.2,41
2.33,0.7,1522.222222,3.2,41
2.385,0.88,1522.222222,2.5,41
3.61,0.85,522.2222222,24.8,43
3.785,0.81,522.2222222,23,43
1.86,0.77,1977.777778,3.2,44
3.615,0.65,1977.777778,11.4,44
2.61,0.4,1977.777778,9.6,44
3.75,0.88,1977.777778,8.9,44
3,0.71,1022.222222,12.8,48
3.55,0.71,1022.222222,19.8,48
3.45,0.51,1022.222222,17.9,48
3.5,0.56,1022.222222,16.1,48
2.8,0.65,1022.222222,13.3,48
3.65,0.74,1022.222222,14.8,48
2.35,0.44,1022.222222,6.3,48
3.45,0.59,1022.222222,18.6,48
2.85,0.53,1022.222222,17.6,48
2.95,0.69,1022.222222,12,48
2.65,0.53,1022.222222,11.5,48
2.45,0.6,1022.222222,11,48
3.9,0.71,1022.222222,18.2,48
3.55,0.66,1022.222222,17.5,48
2.8,0.68,1022.222222,14.1,48
2.35,0.22,1022.222222,3.8,48
2.8,0.57,1022.222222,8.1,48
2.6,0.38,1022.222222,6.8,48
4.5,0.59,1022.222222,23.8,48
3.65,0.56,1022.222222,16.2,48
2.55,0.55,1022.222222,6.5,48
3.35,0.69,1022.222222,12.4,48
2.95,0.45,1022.222222,8.6,48
2.55,0.17,1022.222222,4.2,48
4,0.61,1022.222222,13.7,48
3.15,0.83,1022.222222,9.8,48
4.3,0.76,1022.222222,25.3,48
2.7,0.66,1022.222222,6.1,48
3.7,0.7,1022.222222,22,48
3.1,0.51,1022.222222,8.4,48
5.8,0.77,1022.222222,32.1,48
2.895,0.46,1022.222222,11.9,48
4.015,0.53,1022.222222,24.7,48
3.5,0.65,1022.222222,14.9,48
2.795,0.67,1022.222222,10.5,48
3.075,0.67,1022.222222,14.2,48
3.12,0.49,1022.222222,8.1,48
4.705,0.7,1022.222222,22.7,48
3.56,0.68,1022.222222,16.5,48
3.105,0.57,1022.222222,10.5,48
4.47,0.59,1022.222222,14.4,48
4.395,0.33,1022.222222,13.1,48
3.875,0.62,1022.222222,16.9,48
4.465,0.65,1022.222222,23.6,48
4.905,0.6,1022.222222,25.1,48
5.355,0.56,1022.222222,26.8,48
4.1,0.65,1022.222222,23.5,48
4.885,0.56,1022.222222,22.5,48
3.205,0.66,1022.222222,13.4,48
2.39,0.51,1022.222222,9.6,48
3.78,0.56,1022.222222,21.7,48
3.24,0.48,1022.222222,6,48
5.46,0.61,1022.222222,28.5,48
2.99,0.76,1022.222222,9.8,48
3.89,0.54,1022.222222,18.5,48
1.71,0.58,1022.222222,3.5,48
1.835,0.56,1022.222222,4.6,48
5.34,0.62,1022.222222,26.3,48
5.02,0.59,1022.222222,25.6,48
5.475,0.75,1022.222222,33.1,48
4.88,0.57,1022.222222,31.2,48
4.085,0.5,1022.222222,18.4,48
3.515,0.64,1022.222222,7.3,48
3.31,0.55,1022.222222,16.7,48
3.41,0.52,1022.222222,9,48
4.865,0.6,1022.222222,29.8,48
3.425,0.53,1022.222222,14.4,48
2.76,0.44,1022.222222,6.1,48
3.875,0.69,1022.222222,23.1,48
3.08,0.49,1022.222222,6.8,48
3.505,0.53,1022.222222,28.6,48
3.245,0.59,1022.222222,12.3,48
3.565,0.69,1022.222222,16,48
3.45,0.63,1022.222222,18.9,48
4.185,0.68,1022.222222,24.5,48
3.7,0.71,588.8888889,14.4,49
3.15,0.56,588.8888889,9.4,49
6.65,0.78,588.8888889,25,49
6.35,0.68,588.8888889,18.6,49
7.5,0.72,588.8888889,18.6,49
5.2,0.84,588.8888889,13.2,49
5.5,0.61,588.8888889,21.4,49
6.25,0.7,588.8888889,17.5,49
1.8,0.79,588.8888889,5.2,49
5.3,0.8,588.8888889,14.8,49
5.7,0.78,588.8888889,20.1,49
3.2,0.66,588.8888889,8,49
2.65,0.52,588.8888889,3.5,49
6.2,0.77,588.8888889,18.4,49
5.35,0.6,588.8888889,13.5,49
4.45,0.81,588.8888889,17.1,49
6.8,0.75,588.8888889,24.7,49
5,0.62,588.8888889,23.6,49
3.35,0.6,588.8888889,15,49
2.65,0.52,588.8888889,10.5,49
4.85,0.79,588.8888889,15.5,49
3.25,0.67,588.8888889,10.2,49
4.5,0.7,588.8888889,12.9,49
4,0.67,588.8888889,14.1,49
3,0.77,588.8888889,14.9,49
5.45,0.71,588.8888889,14.2,49
5.65,0.79,588.8888889,15.2,49
5.4,0.79,588.8888889,20.2,49
4.05,0.61,588.8888889,9.6,49
7,0.82,588.8888889,16.3,49
4.45,0.71,588.8888889,9.1,49
4.65,0.81,588.8888889,14.6,49
5.35,0.74,588.8888889,15.1,49
4.85,0.67,588.8888889,17.8,49
4.85,0.81,588.8888889,15.2,49
6.55,0.68,588.8888889,14.4,49
5.55,0.84,588.8888889,31.5,49
5.25,0.74,588.8888889,19.7,49
4.85,0.55,588.8888889,16,49
3.25,0.51,588.8888889,9.5,49
3.2,0.63,588.8888889,7.4,49
4.1,0.64,588.8888889,7.2,49
2.4,0.6,588.8888889,5.3,49
5.2,0.81,588.8888889,15.7,49
3.8,0.69,588.8888889,9.1,49
7.2,0.75,588.8888889,18.5,49
6.15,0.84,588.8888889,22.1,49
3.95,0.71,588.8888889,10.1,49
5.4,0.7,588.8888889,18.2,49
6.55,0.81,588.8888889,20.3,49
3.55,0.52,588.8888889,14.7,49
6.35,0.73,588.8888889,15.6,49
3.15,0.66,1511.111111,8.1,50
2.45,0.51,1511.111111,6.5,50
5.5,0.79,1511.111111,19,50
2.15,0.63,1511.111111,5.1,50
4.35,0.71,1511.111111,13.6,50
1.15,0.64,1511.111111,2.6,50
3.15,0.75,1511.111111,5.8,50
4.85,0.79,1511.111111,16.5,50
2.05,0.59,1511.111111,4.6,50
4.6,0.45,1511.111111,16.5,50
2.25,0.51,1511.111111,5,50
2.9,0.43,1511.111111,5.4,50
5.35,0.59,1511.111111,20.6,50
3.25,0.55,1511.111111,10.6,50
4.35,0.55,1511.111111,11.7,50
3.4,0.37,1511.111111,12.3,50
4.25,0.85,1511.111111,26.7,50
3.95,0.56,1511.111111,7.9,50
4.35,0.71,1511.111111,16.8,50
3.9,0.67,1511.111111,14.6,50
4.15,0.73,1511.111111,18.9,50
3.1,0.55,1511.111111,8.1,50
1.75,0.31,1511.111111,3.4,50
1.3,0.27,1511.111111,3,50
4.55,0.75,1511.111111,16.7,50
3.45,0.7,1511.111111,8.3,50
7.3,0.79,1511.111111,28.2,50
5.35,0.88,1511.111111,19.4,50
4.25,0.84,1511.111111,18.3,50
5.45,0.85,1511.111111,19.6,50
3.39,0.73,1511.111111,11.8,50
3.35,0.81,1511.111111,13.2,50
2.65,0.54,1511.111111,9,50
7.45,0.78,1511.111111,24.4,50
4.8,0.72,1511.111111,17.1,50
6.75,0.82,1511.111111,31.3,50
4.45,0.57,1511.111111,12.9,50
5.55,0.81,1511.111111,16.3,50
5.65,0.7,1511.111111,16,50
5.65,0.63,1511.111111,16.7,50
5.7,0.68,1511.111111,14.7,50
4.75,0.52,1511.111111,17.2,50
2.1,0.59,1511.111111,5.8,50
2.8,0.56,1511.111111,7,50
2.95,0.45,1511.111111,8.5,50
1.6,0.51,1511.111111,4.1,50
4.6,0.71,1511.111111,15.9,50
2.5,0.57,1511.111111,6.5,50
2.8,0.61,1511.111111,13.1,50
4.85,0.73,1511.111111,21.7,50
3.4,0.48,1511.111111,8.9,50
2.8,0.41,1511.111111,4,50
3.25,0.69,1511.111111,8.2,50
3.75,0.73,1511.111111,8.9,50
4.35,0.64,1511.111111,23.6,50
5,0.7,1511.111111,17.4,50
6.25,0.55,1511.111111,12.6,50
6.75,0.56,1511.111111,14.2,50
5.1,0.64,1511.111111,13.7,50
4.35,0.61,1511.111111,11.2,50
1.5,0.46,1511.111111,3.5,50
2.05,0.37,1511.111111,6.6,50
2.2,0.39,1511.111111,6.8,50
5.95,0.85,1511.111111,22.6,50
4.25,0.77,1511.111111,11.6,50
4.5,0.67,1511.111111,13.6,50
1.45,0.51,1511.111111,6.4,50
6.35,0.7,1511.111111,19.3,50
4.8,0.62,1511.111111,10.4,50
2.2,0.58,1511.111111,10.3,50
3.05,0.73,1511.111111,7.9,50
6.35,0.56,1511.111111,17.5,50
6.35,0.82,1511.111111,22.6,50
2.6,0.64,1511.111111,5.2,50
1.75,0.57,1511.111111,2.8,50
2.95,0.86,1511.111111,5,50
2.15,0.86,1511.111111,4.7,50
1.75,0.93,1511.111111,5.2,50
2.6,0.74,1511.111111,3,50
2.1,0.6,1511.111111,4.9,50
3,0.82,1511.111111,5.8,50
2.7,0.67,1511.111111,5.6,50
2.2,0.58,1511.111111,3.2,50
2.55,0.73,1511.111111,5.4,50
2.3,0.74,1511.111111,4.8,50
2.05,0.61,1511.111111,3.5,50
1.5,0.32,1511.111111,5.8,50
0.8,0.24,1511.111111,3.3,50
3.2,0.67,1511.111111,10.5,50
2.05,0.75,1511.111111,3.2,50
4,0.74,1511.111111,21.2,50
4.15,0.75,1511.111111,20.5,50
3.55,0.59,1511.111111,13.9,50
2.55,0.52,1511.111111,7.5,50
2.9,0.52,1511.111111,6.6,50
3.2,0.48,1511.111111,6.9,50
5,0.73,1511.111111,18.1,50
5.75,0.66,1511.111111,16.2,50
4.1,0.66,1511.111111,10.4,50
1.7,0.5,1511.111111,5.2,50
2.2,0.33,1511.111111,3.8,50
5.95,0.7,1511.111111,21.3,50
3.6,0.57,1511.111111,8.9,50
2.7,0.51,1511.111111,3.5,50
2.65,0.4,1511.111111,7,50
5.35,0.86,1511.111111,21.3,50
3.25,0.54,1511.111111,7.8,50
3.3,0.48,1511.111111,5.3,50
4.15,0.83,1511.111111,15.8,50
5.4,0.76,1511.111111,11.2,50
5.25,0.79,1511.111111,23.4,50
4.1,0.47,1511.111111,15.2,50
2.95,0.38,1511.111111,10.1,50
3.2,0.58,1511.111111,8.9,50
1.85,0.57,1511.111111,13.1,50
3.6,0.85,1511.111111,13.4,50
5.35,0.75,1511.111111,19.9,50
5.1,0.78,1511.111111,12.2,50
2.45,0.34,1511.111111,5.3,50
4.85,0.82,1511.111111,18.2,50
4.2,0.72,1511.111111,12.8,50
2.4,0.55,1511.111111,3.6,50
2.7,0.82,1511.111111,5.6,50
2.8,0.94,1511.111111,3.8,50
5.65,0.83,1511.111111,20.9,50
3.95,0.68,1511.111111,7.9,50
5.4,0.73,1511.111111,12.3,50
2.76,0.65,1133.333333,7.5,47
2.485,0.62,1133.333333,8,47
2.025,0.42,1133.333333,4.3,47
2.74,0.79,822.2222222,16.2,48
2.45,0.6,822.2222222,10.1,48
3.335,0.52,822.2222222,22.1,48
3.045,0.58,822.2222222,22.3,48
3.875,0.82,822.2222222,25.9,48
3.955,0.72,822.2222222,25.6,48
4.5,0.71,822.2222222,23.1,48
3.295,0.72,822.2222222,21.9,48
3.605,0.47,822.2222222,27.3,48
3.72,0.42,822.2222222,23.2,48
3.65,0.62,822.2222222,22.6,48
2.48,0.33,822.2222222,15.1,48
3.18,0.62,822.2222222,18.6,48
4.195,0.3,822.2222222,21.8,48
3.36,0.29,822.2222222,28.9,48
2.47,0.43,822.2222222,15.6,48
2.73,0.25,822.2222222,12.1,48
2.75,0.41,822.2222222,12.7,48
3.595,0.54,822.2222222,22.7,48
3.02,0.48,822.2222222,17,48
2.915,0.34,822.2222222,13.9,48
3.455,0.37,822.2222222,23,48
3.495,0.62,822.2222222,21.2,48
2.455,0.62,822.2222222,12.4,48
4.13,0.55,822.2222222,27.6,48
4.12,0.6,822.2222222,27.3,48
3.54,0.51,822.2222222,23.1,48
4.17,0.74,822.2222222,29.6,48
3.35,0.54,822.2222222,25.8,48
2.585,0.47,822.2222222,24,48
4.375,0.56,822.2222222,26.8,48
2.255,0.52,822.2222222,8.4,48
4.08,0.33,822.2222222,24,48
2.29,0.47,822.2222222,8.8,48
4.05,0.49,822.2222222,24.1,48
5.41,0.59,822.2222222,27.1,48
3.955,0.5,822.2222222,23.4,48
4.875,0.52,822.2222222,25.8,48
4.145,0.68,822.2222222,24.9,48
5.24,0.71,822.2222222,30.5,48
3.315,0.35,822.2222222,15,48
2.25,0.64,822.2222222,9.4,48
3.485,0.47,822.2222222,25.9,48
3.7,0.34,822.2222222,25,48
3.67,0.38,822.2222222,17.9,48
3.115,0.46,822.2222222,20.7,48
1.71,0.26,822.2222222,4.3,48
5.225,0.59,822.2222222,30.6,48
3.845,0.57,822.2222222,24.4,48
2.845,0.53,822.2222222,16.7,48
2.765,0.27,822.2222222,16.3,48
2.32,0.32,822.2222222,7.4,48
4.975,0.5,822.2222222,29,48
4.54,0.43,822.2222222,28.2,48
4.055,0.53,822.2222222,19.8,48
3.98,0.51,822.2222222,24.3,48
3.47,0.58,822.2222222,21.1,48
3.89,0.43,822.2222222,23.7,48
3.815,0.49,822.2222222,26.6,48
3.48,0.4,822.2222222,21.4,48
1.96,0.59,822.2222222,5.4,48
3.41,0.45,822.2222222,23.3,48
2.75,0.57,822.2222222,11.2,48
3.625,0.52,822.2222222,23.2,48
3.205,0.5,822.2222222,15.1,48
2.135,0.38,822.2222222,11.8,48
3.59,0.36,822.2222222,25.2,48
3.84,0.46,822.2222222,21.5,48
4.115,0.38,822.2222222,24.8,48
5.69,0.41,2155.555556,15.6,49
5.67,0.43,2155.555556,11.5,49
3.255,0.18,2155.555556,12.1,49
3.83,0.34,2155.555556,9.2,49
4.585,0.35,2155.555556,12.4,49
3.355,0.45,2155.555556,9.9,49
4.565,0.19,2155.555556,13.2,49
2.84,0.39,2155.555556,7.2,49
3.205,0.36,2155.555556,9.2,49
2.28,0.36,2155.555556,7.6,49
3.165,0.28,2155.555556,9.9,49
2.21,0.21,2155.555556,7.5,49
3.44,0.33,2155.555556,11.4,49
3.855,0.33,2155.555556,10.5,49
3.205,0.32,2155.555556,7.9,49
4.79,0.41,2155.555556,17.78,49
3.245,0.48,2155.555556,16.6,49
3.695,0.37,2155.555556,13.6,49
2.385,0.24,2155.555556,7.2,49
3.435,0.29,2155.555556,7.1,49
3.98,0.36,2155.555556,11.4,49
3,0.08,2155.555556,3.6,49
2.605,0.28,2155.555556,5.2,49
4.815,0.28,2155.555556,12.2,49
1.9,0.32,2155.555556,8.3,49
4.64,0.52,2155.555556,13.6,49
3.885,0.47,2155.555556,8.9,49
3.78,0.2,2155.555556,10.2,49
3.42,0.28,2155.555556,9.6,49
4.49,0.47,2155.555556,11.3,49
5.71,0.31,2155.555556,13.2,49
3.905,0.36,2155.555556,8.1,49
3.715,0.25,2155.555556,14.6,49
4.21,0.22,2155.555556,9.7,49
4.165,0.19,2155.555556,13.5,49
3.525,0.4,2155.555556,8.1,49
3.87,0.26,2155.555556,8.6,49
4.42,0.3,2155.555556,8.2,49
3.78,0.19,2155.555556,6.4,49
3.36,0.23,2155.555556,11.5,49
2.075,0.29,2155.555556,8.4,49
2.16,0.24,2155.555556,10.1,49
3.695,0.33,2155.555556,10.7,49
2.54,0.44,2155.555556,7,49
2.24,0.33,2155.555556,4.4,49
3.13,0.25,2155.555556,7.4,49
2.55,0.35,2155.555556,7.9,49
2.82,0.29,2155.555556,5.2,49
3.165,0.31,2155.555556,9.6,49
3.495,0.24,2155.555556,7.2,49
3.44,0.19,2155.555556,10.2,49
2.7815,0.47,2155.555556,6.7,49
2.38,0.38,2155.555556,10.2,49
2.575,0.17,2155.555556,2.7,49
3.06,0.51,2155.555556,7.5,49
4.14,0.33,2155.555556,6.7,49
2.705,0.22,2155.555556,8.2,49
2.48,0.18,2155.555556,3.6,49
3.795,0.31,2155.555556,12.1,49
3.025,0.18,2155.555556,7.1,49
3.9,0.23,2155.555556,7.9,49
4.67,0.44,2155.555556,15.9,49
4.545,0.27,2155.555556,14.6,49
3.975,0.41,2155.555556,10.9,49
2.29,0.15,2155.555556,7.4,49
2.335,0.25,2155.555556,13.4,49
3.57,0.17,2155.555556,12.4,49
3.305,0.15,2155.555556,11.5,49
3.09,0.32,2155.555556,10.2,49
3.265,0.49,2155.555556,14.4,49
3.085,0.29,2155.555556,13.1,49
3.4,0.32,2155.555556,12.6,49
3.405,0.36,2155.555556,14.4,49
1.4,0.38,2155.555556,7.6,49
1.595,0.37,2155.555556,7.5,49
2.23,0.43,2155.555556,3.7,49
2.055,0.35,2155.555556,11.5,49
2.32,0.44,2155.555556,5.8,49
3.25,0.36,2155.555556,15,49
3.09,0.3,2155.555556,9.7,49
2.75,0.28,2155.555556,4.5,49
2.96,0.26,2155.555556,9.6,49
1.88,0.22,2155.555556,10.1,49
3.25,0.28,2155.555556,9.5,49
3.5,0.27,2155.555556,14.2,49
2.6,0.22,2155.555556,13.5,49
2.8,0.19,2155.555556,11.6,49
2.7,0.41,2155.555556,14.7,49
5.45,0.47,2155.555556,9.5,49
3.9,0.2,2155.555556,11.3,49
4.75,0.27,2155.555556,11.8,49
3.1,0.2,2155.555556,9.2,49
2.55,0.16,2155.555556,8.6,49
2.7,0.15,2155.555556,12.2,49
2.05,0.16,2155.555556,8.4,49
3.2,0.22,2155.555556,7.5,49
2.25,0.16,2155.555556,7.6,49
1.9,0.19,2155.555556,7.4,49
1.2,0.33,2155.555556,7,49
3,0.24,2155.555556,14.4,49
1.65,0.19,2155.555556,7.6,49
3.1,0.16,2155.555556,5.9,49
2.75,0.28,2155.555556,5.4,49
3.3,0.23,2155.555556,9.6,49
3.15,0.32,2155.555556,8.9,49
3.5,0.28,2155.555556,12.1,49
3.75,0.37,2155.555556,11.2,49
3.7,0.22,2155.555556,10.2,49
3.05,0.28,2155.555556,10.9,49
2.6,0.11,2155.555556,10.6,49
3,0.29,2155.555556,11.6,49
3.7,0.14,2155.555556,12.2,49
3.2,0.32,2155.555556,13.5,49
4.1,0.39,2155.555556,12.4,49
3.9,0.29,2155.555556,11.2,49
2.4,0.11,2155.555556,8.6,49
2,0.27,2155.555556,10,49
1.9,0.17,2155.555556,5.3,49
1.165,0.23,2155.555556,5.2,49
1.91,0.19,2155.555556,4.4,49
2.745,0.19,2155.555556,7.2,49
2.265,0.18,2155.555556,7,49
2.34,0.4,2155.555556,8.6,49
1.69,0.33,2155.555556,9.1,49
0.845,0.34,2155.555556,6.5,49
2.965,0.27,2155.555556,11.5,49
3.085,0.34,2155.555556,13.5,49
2.65,0.34,2155.555556,5.7,49
3.09,0.29,2155.555556,6.8,49
2.78,0.31,2155.555556,11.3,49
2.445,0.28,2155.555556,10.2,49
1.92,0.33,2155.555556,7.4,49
2.635,0.15,2155.555556,9.4,49
3.74,0.45,2155.555556,14.2,49
3.615,0.33,2155.555556,13.9,49
3.065,0.41,2155.555556,14.6,49
3.35,0.4,2155.555556,9.3,49
4.13,0.54,2155.555556,10.2,49
1.715,0.6,2155.555556,5.4,49
1.935,0.28,2155.555556,5.6,49
2.72,0.41,2155.555556,8.6,49
2.66,0.34,2155.555556,8.9,49
2.92,0.39,2155.555556,7.6,49
1.27,0.52,2155.555556,8.2,49
2.475,0.24,2155.555556,3.9,49
4.095,0.16,2155.555556,7.2,49
3.545,0.49,2155.555556,12.6,49
5.33,0.15,2155.555556,10.2,49
3.825,0.46,2155.555556,5.2,49
4.615,0.41,2155.555556,8.7,49
2.96,0.43,2155.555556,8.9,49
1.53,0.11,2155.555556,5.4,49
3.36,0.5,2155.555556,11.5,49
4.91,0.42,2155.555556,13.2,49
4.915,0.45,2155.555556,10.9,49
5.19,0.28,2155.555556,12.1,49
3.865,0.22,2155.555556,8.9,49
2.15,0.25,2155.555556,8.1,49
3.085,0.2,2155.555556,9.6,49
2.33,0.17,2155.555556,10.2,49
1.85,0.28,2155.555556,10.4,49
4.735,0.28,2155.555556,11.2,49
5.09,0.18,2155.555556,13.1,49
3.46,0.27,2155.555556,12,49
3.335,0.41,2155.555556,13.3,49
2.805,0.31,2155.555556,9.4,49
3.365,0.23,2155.555556,11.6,49
3.525,0.53,977.7777778,17.7,50
3.045,0.43,977.7777778,15,50
1.575,0.36,977.7777778,7,50
3.16,0.49,977.7777778,22,50
3.18,0.35,977.7777778,23.4,50
3.15,0.77,977.7777778,14.8,50
2.915,0.61,977.7777778,14.3,50
2.435,0.54,977.7777778,6.4,50
4.24,0.5,977.7777778,26.6,50
4.765,0.85,977.7777778,31.7,50
2.6,0.47,977.7777778,6.5,50
3.315,0.69,977.7777778,11.7,50
3.18,0.67,977.7777778,12.6,50
2.41,0.69,977.7777778,9.9,50
3.355,0.46,977.7777778,22.9,50
3.65,0.63,722.2222222,18.3,51
2.75,0.28,722.2222222,11.5,51
3.75,0.47,722.2222222,16.8,51
4.05,0.34,722.2222222,16.6,51
5.85,0.65,722.2222222,18.8,51
2.6,0.46,722.2222222,5.6,51
4.6,0.63,722.2222222,14.6,51
3.1,0.55,722.2222222,10.7,51
5.4,0.38,722.2222222,15.4,51
4.8,0.84,722.2222222,11.2,51
7.7,0.68,722.2222222,25.1,51
3.25,0.63,722.2222222,10.8,51
3.75,0.83,722.2222222,13.3,51
6.3,0.61,722.2222222,23.2,51
2.65,0.64,722.2222222,11.2,51
1.55,0.75,722.2222222,7.4,51
6.65,0.61,722.2222222,22,51
7.4,0.52,722.2222222,22.5,51
7.75,0.66,722.2222222,16.8,51
4.45,0.79,722.2222222,13.3,51
6.4,0.61,722.2222222,23.3,51
6.8,0.61,722.2222222,20.8,51
6.5,0.71,722.2222222,18.5,51
5.85,0.68,722.2222222,19.4,51
5.6,0.8,722.2222222,17.5,51
6.4,0.7,722.2222222,23.1,51
7.05,0.64,722.2222222,19.3,51
6.6,0.71,722.2222222,20,51
4.3,0.75,722.2222222,23,51
5.7,0.74,722.2222222,20.1,51
2.25,0.43,722.2222222,8.3,51
7.05,0.8,722.2222222,24.5,51
7.3,0.76,722.2222222,23.3,51
4.45,0.69,722.2222222,7.4,51
4.85,0.73,722.2222222,14.2,51
3.15,0.65,722.2222222,7.9,51
5.25,0.76,722.2222222,21.7,51
6.55,0.84,722.2222222,18.2,51
4.9,0.84,722.2222222,8.9,51
5.45,0.46,722.2222222,12.7,51
3.745,0.72,1033.333333,13.1,52
4.5,0.88,1033.333333,23.9,52
3.125,0.59,1033.333333,12,52
2.95,0.08,1033.333333,5.9,52
2.54,0.54,1033.333333,10.4,52
2.915,0.41,1033.333333,15.1,52
2.305,0.49,1033.333333,21.4,52
2.45,0.35,1033.333333,7,52
3.715,0.51,1033.333333,18.4,52
2.795,0.67,1033.333333,17,52
3.35,0.37,1033.333333,14.6,52
3.515,0.58,1033.333333,15.4,52
3.615,0.43,1033.333333,9.5,52
2.595,0.51,1033.333333,14.8,52
3.42,0.51,1033.333333,20.7,52
3.25,0.36,1033.333333,15.4,52
3.455,0.75,1033.333333,14.7,52
3.215,0.77,1033.333333,13.4,52
2.895,0.14,1033.333333,3.1,52
4.315,0.8,1033.333333,16.7,52
2.465,0.84,1033.333333,8.5,52
2.73,0.85,1033.333333,7.7,52
2.36,0.72,1033.333333,22.5,52
2.735,0.71,1033.333333,4.5,52
3.145,0.77,1033.333333,17.9,52
3.125,0.86,1033.333333,15.5,52
3.19,0.29,1033.333333,8.8,52
2.76,0.76,1033.333333,10.4,52
4.52,0.86,1033.333333,32.5,52
6.85,0.58,744.4444444,16.5,53
5.75,0.51,744.4444444,12.6,53
6.3,0.59,744.4444444,23.9,53
6.25,0.58,744.4444444,23.1,53
3.25,0.45,744.4444444,14.9,53
6.85,0.37,744.4444444,21.2,53
3.95,0.33,744.4444444,10.6,53
5.95,0.56,744.4444444,21.9,53
5.1,0.52,744.4444444,9.9,53
6.1,0.43,744.4444444,20.2,53
4.9,0.61,744.4444444,16.5,53
3.8,0.66,744.4444444,18.5,53
6.4,0.44,744.4444444,18.9,53
5.6,0.37,744.4444444,21.3,53
2.65,0.55,744.4444444,15.1,53
7.1,0.49,744.4444444,26.6,53
6.65,0.5,744.4444444,27.8,53
7.5,0.68,744.4444444,19.2,53
7.35,0.56,744.4444444,17.3,53
6.15,0.38,744.4444444,15.1,53
6.25,0.42,744.4444444,17,53
5.7,0.9,744.4444444,17.5,53
7,0.48,744.4444444,18.6,53
7.2,0.55,744.4444444,25.3,53
7.8,0.63,744.4444444,27.7,53
6.45,0.72,744.4444444,21.1,53
5,0.42,744.4444444,11.6,53
4.95,0.3,744.4444444,9.5,53
7.1,0.69,744.4444444,22.7,53
6.7,0.42,744.4444444,18.2,53
3.65,0.61,744.4444444,9.4,53
5.65,0.37,744.4444444,11.5,53
3.35,0.76,744.4444444,8.4,53
4.5,0.67,744.4444444,13.9,53
6.6,0.52,744.4444444,15.3,53
7.05,0.52,744.4444444,22.2,53
5.25,0.74,744.4444444,26.6,53
3.7,0.69,744.4444444,14.5,53
1.15,0.52,744.4444444,3.8,53
4.3,0.71,744.4444444,23.1,53
6.4,0.51,744.4444444,10.7,53
2.6,0.65,744.4444444,4.8,53
4.5,0.78,744.4444444,11.6,53
4.05,0.48,744.4444444,10.7,53
4.85,0.45,744.4444444,8.6,53
5.15,0.49,744.4444444,12.2,53
6.95,0.65,744.4444444,18.8,53
6.35,0.49,744.4444444,22.2,53
7.05,0.65,744.4444444,26.2,53
3,0.28,744.4444444,6.6,53
7.85,0.55,744.4444444,24.2,53
3.1,0.41,944.4444444,12.3,54
5.715,0.38,944.4444444,23.6,54
3.69,0.32,944.4444444,16.9,54
5.21,0.59,944.4444444,21.8,54
3.645,0.41,944.4444444,17.2,54
3.99,0.76,944.4444444,18.9,54
3.9,0.37,944.4444444,24.6,54
2.005,0.53,944.4444444,6.2,54
3.2,0.44,944.4444444,17.3,54
3.785,0.39,944.4444444,18,54
3,0.39,944.4444444,19.7,54
1.845,0.39,944.4444444,3.8,54
4.325,0.49,944.4444444,21.3,54
7.845,0.41,944.4444444,21,54
4.815,0.4,944.4444444,24.2,54
1.695,0.77,944.4444444,4.3,54
1.8,0.52,944.4444444,2.4,54
2.51,0.52,944.4444444,5.5,54
3.46,0.48,944.4444444,6,54
4.05,0.71,944.4444444,12.8,54
3.51,0.76,944.4444444,14.7,54
1.89,0.24,944.4444444,4.8,54
3.155,0.41,944.4444444,16.3,54
4.92,0.66,944.4444444,27.4,54
3.935,0.79,944.4444444,9.4,54
3.285,0.39,944.4444444,14.3,54
2.9,0.25,944.4444444,16.3,54
3.465,0.55,944.4444444,16.5,54
2.24,0.6,944.4444444,4.4,54
1.835,0.33,944.4444444,4.9,54
3.67,0.18,944.4444444,23.9,54
3.15,0.19,944.4444444,18.6,54
4.15,0.33,944.4444444,20,54
2.5,0.45,944.4444444,15.6,54
2.7,0.31,944.4444444,11.3,54
2.1,0.38,944.4444444,14.9,54
1.95,0.32,944.4444444,12.5,54
2.5,0.61,944.4444444,18.7,54
3.35,0.43,944.4444444,24.1,54
3.6,0.63,944.4444444,21.4,54
2,0.51,944.4444444,10.9,54
2.5,0.45,944.4444444,13.3,54
2.75,0.62,944.4444444,18.5,54
3.15,0.86,944.4444444,10.1,54
2.55,0.29,944.4444444,11.6,54
2.9,0.27,944.4444444,14.8,54
2.65,0.63,944.4444444,10,54
1.8,0.42,944.4444444,3.6,54
2.65,0.43,944.4444444,12.3,54
2.2,0.29,944.4444444,15.6,54
2.2,0.54,944.4444444,9.9,54
3.15,0.48,944.4444444,6.8,54
5.55,0.42,944.4444444,18.4,54
4.25,0.52,944.4444444,17.7,54
5.7,0.45,944.4444444,17.6,54
7.35,0.47,944.4444444,17.7,54
3.2,0.34,944.4444444,5.4,54
2,0.42,944.4444444,4,54
5.6,0.57,944.4444444,19.5,54
3.85,0.27,944.4444444,12.1,54
5,0.66,944.4444444,21,54
1.45,0.62,944.4444444,3.9,54
1.95,0.53,944.4444444,10.3,54
4,0.59,944.4444444,21.6,54
2.935,0.45,1011.111111,16.4,55
2.88,0.49,1011.111111,5.9,55
3.93,0.5,1011.111111,20.8,55
2.6,0.51,1011.111111,5.2,55
3.24,0.32,1011.111111,10,55
3.67,0.65,1011.111111,12.3,55
3.245,0.48,1011.111111,16.3,55
3.655,0.53,1011.111111,20.8,55
4.695,0.01,1011.111111,17.6,55
2.725,0.28,1011.111111,10.1,55
3.47,0.32,1011.111111,13,55
4.025,0.72,1011.111111,23.4,55
4.655,0.51,1011.111111,27.3,55
3.195,0.37,1011.111111,17.8,55
3.82,0.56,1011.111111,13.2,55
2.92,0.33,1011.111111,16.5,55
3.43,0.44,1011.111111,22.7,55
2.66,0.09,1011.111111,12.7,55
2.79,0.49,1011.111111,8.7,55
3.29,0.68,1011.111111,14.7,55
2.94,0.61,1011.111111,14.6,55
3.505,0.71,1011.111111,16.1,55
3.8,0.61,1011.111111,22.9,55
3.77,0.48,1011.111111,21.2,55
3.435,0.56,1011.111111,15.8,55
3.035,0.66,1011.111111,13.5,55
1.575,0.64,1011.111111,6.8,55
3.01,0.5,1011.111111,12.8,55
3.845,0.34,1011.111111,14.9,55
3.495,0.52,1011.111111,16.7,55
3.005,0.06,1011.111111,11.7,55
3.04,0.6,1011.111111,13.4,55
3.08,0.56,1011.111111,15.8,55
2.895,0.42,1011.111111,8.2,55
2.8,0.49,1011.111111,17.4,55
2.895,0.33,1011.111111,14.7,55
3.76,0.38,1011.111111,18.8,55
4.93,0.14,1011.111111,26.8,55
4.5,0.25,1011.111111,19,55
4.185,0.36,1011.111111,19.2,55
4.655,0.49,1011.111111,23.4,55
4.865,0.73,1011.111111,19,55
3.73,0.36,1011.111111,20.1,55
2.68,0.61,1011.111111,12.5,55
3.375,0.39,1011.111111,14.3,55
3.82,0.64,1011.111111,14.5,55
2.425,0.61,1011.111111,10.4,55
4.62,0.57,1011.111111,17.2,55
3.015,0.54,1011.111111,16.2,55
2.29,0.43,1011.111111,11.8,55
2.93,0.38,1011.111111,16.4,55
4.395,0.62,1011.111111,7.2,55
3.825,0.64,1011.111111,19.6,55
3.215,0.64,1011.111111,13.2,55
3.66,0.68,1011.111111,16.2,55
3.155,0.54,1011.111111,11.1,55
2.905,0.73,1011.111111,10.7,55
2.535,0.63,1011.111111,11.4,55
3.195,0.5,1011.111111,19.2,55
2.785,0.73,1011.111111,9.9,55
2.405,0.46,1011.111111,9.3,55
1.545,0.18,1011.111111,7.6,55
2.885,0.21,1011.111111,17.1,55
2.585,0.13,1011.111111,6.8,55
2.3,0.22,1011.111111,7.2,55
4.085,0.02,1011.111111,18.5,55
4.495,0.57,1011.111111,23.3,55
3.445,0.57,1011.111111,15.9,55
2.185,0.54,1011.111111,6.3,55
3.21,0.73,1011.111111,17,55
2.42,0.62,1011.111111,8.4,55
2.375,0.61,1011.111111,9.8,55
2.4,0.65,1011.111111,16.5,55
3.04,0.41,1011.111111,17.3,55
2.73,0.56,1011.111111,9.6,55
3.45,0.72,1011.111111,18.3,55
2.835,0.47,1011.111111,9.9,55
3.475,0.52,1011.111111,16.6,55
2.56,0.48,1011.111111,17.8,55
3.96,0.63,1011.111111,17.5,55
3.44,0.5,1011.111111,7.2,55
5.315,0.8,555.5555556,25.4,56
4.245,0.8,555.5555556,13.9,56
6.07,0.78,555.5555556,27.6,56
4.765,0.57,555.5555556,18.9,56
3.4,0.54,555.5555556,19.7,56
3.22,0.72,555.5555556,15.4,56
5.625,0.82,555.5555556,25,56
5.58,0.75,555.5555556,25.3,56
5.28,0.72,555.5555556,22,56
4.7,0.49,555.5555556,14.7,56
5.745,0.71,555.5555556,28.2,56
4.43,0.88,555.5555556,32.2,56
6.31,0.82,555.5555556,33.1,56
4.635,0.71,555.5555556,22.3,56
5.7,0.84,555.5555556,24,56
3.68,0.71,555.5555556,26.8,56
4.815,0.81,555.5555556,21.3,56
4.21,0.61,555.5555556,26.7,56
3.63,0.71,555.5555556,10.7,56
4.33,0.49,555.5555556,25.7,56
4.195,0.66,555.5555556,24.2,56
4.085,0.74,555.5555556,27.5,56
4.24,0.8,555.5555556,11.6,56
4.15,0.8,555.5555556,15.8,56
3.14,0.74,555.5555556,7.2,56
3.48,0.67,555.5555556,20.1,56
3.935,0.7,555.5555556,19.8,56
3.38,0.56,555.5555556,16.2,56
5.6,0.84,555.5555556,27,56
4.15,0.69,555.5555556,17.1,56
3.195,0.1,555.5555556,10.6,56
4.725,0.42,555.5555556,26.9,56
4.9,0.57,555.5555556,34.3,56
5.24,0.61,555.5555556,19.6,56
5.25,0.72,555.5555556,30.3,56
4.655,0.78,555.5555556,37.1,56
2.07,0.69,555.5555556,3.6,56
3.795,0.71,555.5555556,22.2,56
3.32,0.46,555.5555556,25.4,56
2.14,0.79,555.5555556,8.6,56
4.26,0.58,555.5555556,24.5,56
5.415,0.8,555.5555556,28.8,56
3.8,0.78,555.5555556,13.2,56
4.26,0.65,555.5555556,21.5,56
4.42,0.64,555.5555556,27.5,56
4.985,0.79,555.5555556,22.3,56
4.62,0.7,555.5555556,9.7,56
3.82,0.39,555.5555556,7.8,56
3.62,0.36,555.5555556,23.2,56
6.5,0.53,922.2222222,15.2,43
4.15,0.49,922.2222222,8.9,43
1.6,0.23,922.2222222,7.1,43
7.6,0.77,922.2222222,28.1,43
1.25,0.21,922.2222222,3.8,43
3.55,0.36,922.2222222,8.5,43
7.2,0.71,922.2222222,15.1,43
7.05,0.71,922.2222222,23.1,43
5.9,0.75,922.2222222,24.5,43
6.15,0.65,922.2222222,18.7,43
3.8,0.66,922.2222222,13.3,43
4.9,0.53,922.2222222,18.8,43
3.65,0.43,922.2222222,8.1,43
6.45,0.54,922.2222222,20.8,43
5.35,0.55,922.2222222,23.5,43
3.65,0.47,922.2222222,12,43
2.7,0.43,922.2222222,15.6,43
2.4,0.57,922.2222222,12.4,43
1.75,0.36,922.2222222,7.4,43
2.8,0.34,922.2222222,6.6,43
4.55,0.44,922.2222222,6.7,43
1.85,0.38,922.2222222,4,43
7.3,0.71,922.2222222,26.7,43
3.35,0.34,922.2222222,10.8,43
4.8,0.48,922.2222222,15.4,43
2.25,0.38,922.2222222,8.6,43
6.45,0.59,922.2222222,21.6,43
2.85,0.54,922.2222222,11.8,43
3.65,0.54,922.2222222,19.7,43
4.45,0.45,922.2222222,14.5,43
7.55,0.58,922.2222222,24.4,43
4.55,0.4,922.2222222,18.9,43
4.5,0.5,922.2222222,8,43
5.55,0.74,922.2222222,27.1,43
5.85,0.59,922.2222222,24.2,43
5.6,0.54,922.2222222,26.8,43
7.1,0.57,922.2222222,22.7,43
5.4,0.48,922.2222222,24.5,43
6.2,0.6,922.2222222,25.8,43
4.7,0.63,922.2222222,19.9,43
1.95,0.53,922.2222222,4.5,43
3.8,0.6,922.2222222,15.4,43
3.4,0.47,922.2222222,13.1,43
4.8,0.38,922.2222222,24.2,43
2.7,0.28,922.2222222,23.9,43
4.35,0.6,922.2222222,23.2,43
2.35,0.64,922.2222222,20.5,43
3.8,0.5,922.2222222,25,43
3.75,0.57,922.2222222,19.8,43
6.4,0.76,922.2222222,28.6,43
1.85,0.26,922.2222222,8,43
3.75,0.6,922.2222222,19,43
4.3,0.53,922.2222222,22.6,43
1.55,0.29,922.2222222,6.9,43
3.1,0.52,922.2222222,15.6,43
3.95,0.5,922.2222222,16.8,43
3.45,0.36,922.2222222,10.5,43
3.5,0.38,922.2222222,8.8,43
4.8,0.48,922.2222222,16.9,43
5.6,0.47,922.2222222,22.2,43
5.65,0.52,922.2222222,27.6,43
5.15,0.5,922.2222222,22.5,43
6.95,0.59,922.2222222,25.6,43
4.6,0.42,922.2222222,18.1,43
2.7,0.46,922.2222222,10.3,43
6.85,0.73,922.2222222,26.9,43
3.4,0.64,922.2222222,15.6,43
5.3,0.71,922.2222222,28,43
1.95,0.31,922.2222222,14.4,43
4.9,0.59,922.2222222,23.2,43
3,0.5,922.2222222,22.7,43
1,0.56,922.2222222,8.6,43
3.15,0.32,922.2222222,11.1,43
5.2,0.46,922.2222222,22,43
4.15,0.49,922.2222222,28.9,43
4.4,0.5,922.2222222,24.2,43
2.5,0.58,922.2222222,9.6,43
4.45,0.4,922.2222222,15.4,43
3.85,0.69,922.2222222,19,43
2.4,0.45,922.2222222,6.6,43
3.2,0.64,1566.666667,26.4,44
2.55,0.62,1566.666667,5.7,44
3.1,0.67,1566.666667,6.3,44
2.75,0.58,1566.666667,10.1,44
3.65,0.64,1566.666667,10.6,44
4.05,0.52,1566.666667,11.8,44
4.7,0.69,1566.666667,33.4,44
3.55,0.28,1566.666667,10.1,44
3.4,0.42,1566.666667,12.2,44
2.95,0.53,1566.666667,8,44
3.65,0.56,1566.666667,11,44
3.95,0.58,1566.666667,12,44
3.75,0.72,1566.666667,16.4,44
3.15,0.23,1566.666667,9.3,44
3.4,0.49,1566.666667,9,44
1.6,0.3,1411.111111,6.2,45
5.8,0.73,1411.111111,23.1,45
4.15,0.52,1411.111111,23,45
6.4,0.62,1411.111111,20.8,45
3.1,0.19,1411.111111,10.7,45
3.8,0.49,1411.111111,15.2,45
3.15,0.47,1411.111111,8.8,45
6.25,0.61,1411.111111,24.5,45
1.5,0.32,1411.111111,6.1,45
3.45,0.56,1411.111111,19.3,45
3.2,0.37,1411.111111,14.6,45
3.85,0.54,1411.111111,16.2,45
2.95,0.36,1411.111111,9.5,45
3.75,0.48,1411.111111,16.2,45
3.1,0.32,1411.111111,10.5,45
3.75,0.34,1411.111111,18.5,45
3.1,0.21,1411.111111,8.3,45
4.45,0.39,1411.111111,15.5,45
3.05,0.24,1411.111111,8.2,45
4.4,0.46,1411.111111,14.4,45
2.05,0.3,1411.111111,10.5,45
3.75,0.41,1411.111111,13.6,45
3.85,0.35,1411.111111,11.2,45
3.3,0.35,1411.111111,13.7,45
4.8,0.36,1411.111111,16,45
4.4,0.62,1411.111111,16.1,45
4.55,0.67,1411.111111,21.5,45
2.45,0.31,1411.111111,10.3,45
1.65,0.85,1411.111111,8.9,45
2.4,0.68,1411.111111,5,45
4.65,0.81,1411.111111,16.7,45
3.45,0.56,1411.111111,15.5,45
3.15,0.54,1411.111111,15.6,45
3.8,0.79,1411.111111,19.7,45
4.7,0.55,1411.111111,19.4,45
4.7,0.52,1411.111111,17,45
2,0.35,1411.111111,8.5,45
3.35,0.34,1411.111111,10.5,45
5.1,0.41,1411.111111,10.7,45
4.15,0.64,1411.111111,11.1,45
3.6,0.42,1411.111111,13.2,45
2.8,0.4,1411.111111,10.2,45
5.1,0.67,1411.111111,22.2,45
3.65,0.36,1411.111111,15,45
3.8,0.41,1411.111111,18.5,45
5.3,0.68,1411.111111,19.5,45
4.5,0.72,1411.111111,18,45
3.05,0.23,1411.111111,8.5,45
2,0.38,1411.111111,16.7,45
1.85,0.26,1411.111111,7,45
2.15,0.59,1411.111111,13,45
4.3,0.71,1411.111111,25.5,45
2.75,0.26,1411.111111,6.5,45
2.95,0.36,1411.111111,12,45
5.45,0.67,1411.111111,25.3,45
2.5,0.29,1411.111111,15,45
4.6,0.85,1411.111111,18,45
2.75,0.26,1411.111111,10.7,45
3.2,0.44,1411.111111,15.3,45
5.5,0.7,1411.111111,21.9,45
4.15,0.57,1411.111111,20.8,45
3.3,0.55,1411.111111,14.5,45
3.8,0.63,1411.111111,11.2,45
2.85,0.46,1411.111111,13,45
3.4,0.46,1411.111111,15.8,45
4.1,0.35,1411.111111,15.3,45
3.45,0.46,1411.111111,15.3,45
2.4,0.27,1411.111111,9,45
2.3,0.1,1411.111111,7.4,45
1.6,0.26,1411.111111,7.5,45
1.8,0.19,1411.111111,7,45
1.7,0.2,1411.111111,5.6,45
1.85,0.41,1411.111111,7.5,45
2.5,0.19,1411.111111,8.3,45
2.8,0.41,1411.111111,6.7,45
2.7,0.29,1411.111111,8,45
3.9,0.5,1411.111111,15.2,45
3,0.38,1411.111111,7.1,45
2.4,0.42,1411.111111,8,45
3.7,0.6,1411.111111,20,45
1.75,0.25,1411.111111,8,45
3.8,0.5,1411.111111,9,45
4.75,0.39,1411.111111,14.5,45
4.25,0.36,1411.111111,13.3,45
3.4,0.34,1411.111111,8.4,45
4.3,0.41,1411.111111,18.4,45
4.95,0.56,1411.111111,23.4,45
4.6,0.37,1411.111111,18.2,45
3.7,0.32,1411.111111,12.6,45
3.9,0.52,1411.111111,22.5,45
4.6,0.48,1411.111111,18.5,45
4.6,0.38,1411.111111,15.2,45
3.45,0.51,1411.111111,14.5,45
4.85,0.46,1411.111111,20.2,45
2.1,0.19,1411.111111,7.9,45
3.1,0.58,1411.111111,16.1,45
1.95,0.36,1411.111111,6.8,45
2.6,0.38,1411.111111,15.2,45
2.35,0.42,1411.111111,13.3,45
4.2,0.66,1411.111111,17.1,45
2.8,0.82,1411.111111,6.7,45
2.25,0.35,1411.111111,9.3,45
3.9,0.35,1411.111111,13,45
2.2,0.4,1411.111111,7.2,45
3.7,0.54,1411.111111,9.7,45
5.55,0.4,1411.111111,12.6,45
4.75,0.39,1411.111111,17,45
4.55,0.68,1411.111111,28.4,45
2.1,0.29,1411.111111,9.2,45
2.85,0.46,1411.111111,13.8,45
3.55,0.34,1411.111111,12.1,45
4.2,0.36,1411.111111,13.1,45
4.05,0.65,1411.111111,24,45
5.45,0.55,1411.111111,18.4,45
4.75,0.79,1411.111111,15.9,45
5,0.75,1411.111111,26.2,45
2.55,0.41,1411.111111,16.1,45
6.6,0.61,1411.111111,28.8,45
3.65,0.39,1411.111111,11.1,45
4.35,0.35,1411.111111,7.4,45
6.2,0.55,1411.111111,15.3,45
2.85,0.64,1411.111111,22.5,45
2.95,0.45,1411.111111,12.8,45
3.25,0.51,1411.111111,15.7,45
3.75,0.65,1411.111111,18,45
2.85,0.39,1411.111111,12,45
5.35,0.51,1411.111111,25.1,45
2.45,0.79,1155.555556,13.3,46
2.95,0.83,1155.555556,9.5,46
2.55,0.59,1155.555556,6.7,46
2.45,0.49,1155.555556,13.6,46
3.65,0.56,1155.555556,20,46
3.7,0.54,1155.555556,19.7,46
4.15,0.44,1155.555556,18.3,46
3.35,0.76,1155.555556,20.5,46
4.55,0.59,1155.555556,20.6,46
2.6,0.74,1155.555556,8.4,46
4.2,0.49,1155.555556,27.2,46
1.75,0.52,1155.555556,11.1,46
3.65,0.46,1155.555556,7.3,46
3.35,0.45,1155.555556,18.3,46
1.55,0.8,1155.555556,5.2,46
3.9,0.59,1155.555556,20.2,46
2.7,0.77,1155.555556,10.8,46
4,0.4,1155.555556,11.8,46
2.85,0.63,1155.555556,6.7,46
1.65,0.43,1155.555556,6.7,46
2.4,0.44,1155.555556,27.2,46
4.65,0.55,1155.555556,23.6,46
7.1,0.57,1155.555556,13.6,46
3.35,0.5,1155.555556,25.4,46
4,0.5,1155.555556,26,46
3.3,0.54,1155.555556,21,46
4.25,0.57,1155.555556,24.7,46
4.35,0.55,1155.555556,20.7,46
4.35,0.58,1155.555556,20.6,46
2.9,0.46,1155.555556,8,46
3.85,0.22,1155.555556,15.7,46
2.5,0.54,1155.555556,5.9,46
4.55,0.75,1155.555556,23.4,46
5.05,0.57,1155.555556,17.5,46
5.95,0.46,1155.555556,27.2,46
1.9,0.61,1155.555556,5.8,46
3.5,0.8,1155.555556,19.8,46
3.65,0.42,1155.555556,24,46
2.85,0.47,1155.555556,18.8,46
2.8,0.52,1155.555556,10.9,46
3.7,0.25,1155.555556,15.4,46
3.9,0.49,1155.555556,26,46
3.4,0.48,1155.555556,23.1,46
2.8,0.59,1155.555556,20.9,46
2.25,0.68,1155.555556,9.8,46
2.6,0.29,1155.555556,24.2,46
3.45,0.39,1155.555556,24.8,46
2.95,0.49,1155.555556,15.8,46
3.65,0.62,1155.555556,9.3,46
2.45,0.44,1155.555556,21.6,46
3.75,0.3,1155.555556,16.2,46
2.55,0.78,1155.555556,9.5,46
2.05,0.62,1155.555556,7.8,46
2.35,0.7,1155.555556,10.5,46
4.9,0.54,1155.555556,25.6,46
3.45,0.66,1155.555556,20.5,46
3.4,0.62,1155.555556,8,46
4.05,0.43,1155.555556,21.3,46
5.6,0.36,1155.555556,19.4,46
2.9,0.33,1155.555556,18.5,46
3.4,0.3,1155.555556,16.2,46
2.45,0.22,1155.555556,9.3,46
6,0.44,1155.555556,24.3,46
5.15,0.58,1155.555556,21.2,46
5.05,0.57,1155.555556,18.2,46
3.75,0.64,1155.555556,17.2,46
2.6,0.38,1155.555556,13.3,46
3.85,0.51,1155.555556,19.5,46
2.7,0.87,1155.555556,11.4,46
4.7,0.33,1155.555556,22.5,46
3.05,0.35,1155.555556,15.3,46
4.1,0.35,1155.555556,19.6,46
1.7,0.72,1155.555556,5.4,46
4,0.36,1155.555556,19,46
3.1,0.47,1155.555556,15.2,46
3.2,0.58,1155.555556,16.1,46
3.15,0.22,1155.555556,15.4,46
3.75,0.61,1155.555556,24,46
3.55,0.31,1155.555556,15.4,46
3.1,0.8,1155.555556,12.4,46
3.45,0.32,1155.555556,12.7,46
4.1,0.55,1155.555556,22.7,46
2.6,0.69,1155.555556,10.5,46
2.5,0.78,1155.555556,7.2,46
3.55,0.89,1155.555556,18.1,46
2.65,0.75,1155.555556,18.1,46
2.65,0.76,1155.555556,13.3,46
1.65,0.78,1155.555556,5.1,46
3.6,0.57,1155.555556,19.4,46
2.2,0.54,1155.555556,10,46
1.85,0.7,1155.555556,7,46
3.5,0.44,1155.555556,22.3,46
4,0.41,1155.555556,17,46
5.4,0.52,1155.555556,23.4,46
4.35,0.65,1155.555556,11.1,46
6.22,0.7,800,21.4,47
3.725,0.74,800,11.9,47
4.795,0.55,800,23.2,47
4.74,0.73,800,14.1,47
4.97,0.61,800,26,47
2.005,0.69,800,4.5,47
5.915,0.6,800,30.7,47
5.85,0.49,800,22.1,47
1.2,0.35,800,3.5,47
7,0.56,800,19.9,47
4.305,0.58,800,14.9,47
3.295,0.38,800,11.6,47
4.505,0.56,800,18.8,47
5.23,0.69,800,20.1,47
4.05,0.48,800,16.2,47
5.35,0.84,800,19.1,47
2.7,0.72,800,9.6,47
2.9,0.42,800,17.7,47
3.65,0.58,800,18.8,47
3.9,0.51,800,16.5,47
3.8,0.52,800,18.8,47
3.1,0.6,800,8,47
3.7,0.49,800,13.6,47
2.65,0.49,800,10.1,47
6.15,0.79,800,20.6,47
4.45,0.71,800,21.2,47
4.55,0.72,800,15.5,47
2.5,0.46,800,8.6,47
4.05,0.78,800,14.2,47
5.6,0.8,800,17.7,47
4.1,0.81,800,19.2,47
5.4,0.6,800,19.8,47
3.5,0.34,800,9.3,47
3.65,0.52,800,14.5,47
5.8,0.79,800,20.4,47
4.9,0.78,800,17.3,47
6.4,0.74,800,23.8,47
2.95,0.67,800,7.9,47
5.25,0.74,800,14,47
3.95,0.64,800,15.3,47
4.05,0.57,800,17.7,47
2.7,0.69,800,11.2,47
5.95,0.62,800,23.1,47
6.65,0.76,800,23.2,47
5.05,0.66,800,22.7,47
4.05,0.6,800,11.9,47
4.45,0.65,800,13.8,47
7.15,0.68,800,29.6,47
3.85,0.61,800,11.5,47
4.55,0.66,800,12,47
6.2,0.76,800,18.2,47
5.2,0.67,800,19.1,47
7.95,0.8,800,23.5,47
2.3,0.68,800,7.9,47
3.4,0.4,800,15.6,47
6.3,0.64,800,20.5,47
4.55,0.55,800,11.3,47
5.2,0.61,800,17.1,47
5.3,0.47,800,16.1,47
2.95,0.61,800,6.8,47
4.9,0.81,800,18.2,47
4.4,0.44,800,10.9,47
4.65,0.58,800,18.4,47
4.65,0.66,800,19.1,47
5.35,0.84,800,22.6,47
4.8,0.55,800,10.6,47
6.15,0.72,800,22.1,47
5,0.83,800,19.5,47
3.95,0.7,800,15.1,47
4.3,0.67,800,13.2,47
6.25,0.69,800,23.3,47
3.95,0.73,600,18.2,48
2,0.66,600,7.4,48
2.55,0.64,600,13.9,48
3.2,0.43,600,21.7,48
4.5,0.69,600,25.6,48
3.55,0.65,600,12.8,48
4,0.65,600,25.2,48
3.75,0.59,600,13.4,48
3.9,0.57,600,21,48
5.3,0.71,600,24.1,48
5.05,0.7,600,18.5,48
4.25,0.75,600,25.8,48
6.3,0.83,600,22,48
4.9,0.68,600,22.9,48
4.65,0.67,600,18.2,48
2.4,0.64,600,9,48
3.3,0.61,600,7.2,48
2.8,0.59,600,8.3,48
6.75,0.61,600,26.7,48
4.3,0.74,600,20,48
4.95,0.72,600,19.1,48
4.3,0.79,600,30.9,48
5.4,0.73,600,24.2,48
4.85,0.7,600,14.7,48
5.05,0.7,600,28.8,48
4.55,0.59,600,22.2,48
3.35,0.5,600,18.7,48
3.7,0.6,600,15,48
2.75,0.67,600,6.3,48
4.35,0.45,600,16.1,48
4.1,0.65,600,15.3,48
4.3,0.77,600,17.6,48
3.7,0.73,600,20.2,48
4.35,0.53,600,20.1,48
3.15,0.46,600,7.5,48
3.3,0.72,600,8.8,48
4.9,0.54,600,21.7,48
4.9,0.8,600,26.1,48
4.5,0.61,600,25.8,48
2.9,0.56,600,5.8,48
3.15,0.62,600,7.8,48
4.7,0.6,600,19.1,48
4.05,0.57,600,21.4,48
4.65,0.67,600,26.2,48
3.95,0.52,600,26.3,48
3.9,0.38,600,17.9,48
4.15,0.47,600,23.6,48
6.05,0.83,600,23.4,48
4.85,0.69,600,16.8,48
5.6,0.77,600,21.1,48
6.2,0.77,600,19.8,48
5.4,0.74,600,17.1,48
5.2,0.75,600,16.4,48
1.45,0.66,644.4444444,14.3,49
3.7,0.81,644.4444444,20.9,49
2.6,0.71,644.4444444,11.6,49
3.55,0.65,644.4444444,6.8,49
4.45,0.46,644.4444444,20.1,49
5.65,0.82,644.4444444,17.3,49
3.65,0.64,644.4444444,8.6,49
3.9,0.81,644.4444444,9.6,49
5.05,0.64,644.4444444,21.7,49
3,0.79,644.4444444,19.9,49
2.3,0.62,644.4444444,8.6,49
5.7,0.69,644.4444444,26,49
5.85,0.73,644.4444444,20.2,49
2.45,0.64,644.4444444,8.1,49
2.85,0.55,644.4444444,9,49
3.5,0.79,644.4444444,18.5,49
7.55,0.79,644.4444444,31.9,49
6.25,0.51,644.4444444,17.1,49
5.8,0.64,644.4444444,12.6,49
2.65,0.58,644.4444444,13.1,49
3.6,0.61,644.4444444,16.2,49
3.4,0.49,644.4444444,15.6,49
2.6,0.65,644.4444444,5.3,49
5.25,0.61,644.4444444,10,49
6.75,0.83,644.4444444,23.3,49
5.35,0.78,644.4444444,25.6,49
3.685,0.47,644.4444444,19.5,49
3.75,0.37,644.4444444,11.7,49
3.9,0.59,644.4444444,9.1,49
5.4,0.46,644.4444444,13.5,49
3.725,0.24,644.4444444,10.5,49
4.57,0.42,644.4444444,8.6,49
7.235,0.71,644.4444444,28.6,49
6.195,0.3,644.4444444,14.1,49
6.04,0.7,644.4444444,28,49
5.88,0.65,644.4444444,23.8,49
3.9,0.7,644.4444444,15,49
3.15,0.71,644.4444444,13.4,49
6.05,0.55,644.4444444,28.7,49
6.52,0.41,644.4444444,30.7,49
3.73,0.5,644.4444444,11.8,49
2.915,0.71,644.4444444,9.3,49
5.4,0.37,644.4444444,16.6,49
5,0.75,644.4444444,8.1,49
3.375,0.68,644.4444444,11.2,49
5.63,0.75,644.4444444,25.5,49
6.4,0.7,644.4444444,19.1,49
5.245,0.68,644.4444444,27.8,49
4.85,0.79,644.4444444,18.5,49
4.95,0.79,644.4444444,20.3,49
2.15,0.67,644.4444444,5.7,49
4.95,0.78,644.4444444,14.8,49
5.9,0.76,644.4444444,22.3,49
7.2,0.92,644.4444444,27.1,49
3.5,0.57,644.4444444,6.4,49
4.95,0.5,744.4444444,18,50
3.95,0.56,744.4444444,18.1,50
3.35,0.46,744.4444444,12.2,50
2.5,0.64,744.4444444,19.4,50
4.25,0.52,744.4444444,18.3,50
4.5,0.61,744.4444444,34,50
2.65,0.57,744.4444444,16.4,50
2.65,0.72,744.4444444,4.7,50
3.5,0.51,744.4444444,15.2,50
3.55,0.51,744.4444444,5.9,50
3.65,0.63,744.4444444,23.9,50
2.6,0.56,744.4444444,23.7,50
4.65,0.48,744.4444444,24.2,50
4.75,0.56,744.4444444,25.4,50
3.95,0.63,744.4444444,21.7,50
2.85,0.49,744.4444444,7.2,50
2.5,0.52,744.4444444,4.8,50
3.35,0.49,744.4444444,19.5,50
3.85,0.53,744.4444444,22.8,50
2.8,0.51,744.4444444,25.3,50
3.75,0.19,744.4444444,19.7,50
3.25,0.52,744.4444444,15.2,50
3,0.48,744.4444444,13.1,50
2.7,0.79,744.4444444,8.3,50
3.9,0.42,744.4444444,21.1,50
2.3,0.56,744.4444444,6.2,50
4.05,0.55,744.4444444,21.3,50
4,0.27,744.4444444,11.8,50
4.45,0.51,744.4444444,28.4,50
4.1,0.58,744.4444444,26.3,50
3.8,0.53,744.4444444,11.4,50
3.15,0.48,744.4444444,10.3,50
3.9,0.67,744.4444444,16.2,50
2.85,0.31,744.4444444,5.6,50
3.25,0.6,744.4444444,15.4,50
3,0.69,744.4444444,19.4,50
3.2,0.55,744.4444444,8.1,50
2.5,0.48,744.4444444,7.5,50
2.8,0.5,744.4444444,11.2,50
3.05,0.45,744.4444444,13.1,50
4.9,0.3,744.4444444,18.4,50
5.45,0.68,744.4444444,22,50
4.55,0.87,744.4444444,22.7,50
5.95,0.73,744.4444444,27.7,50
2.1,0.56,744.4444444,6.9,50
1.7,0.47,744.4444444,3.9,50
2.1,0.5,744.4444444,3.1,50
2.35,0.52,744.4444444,4.1,50
2.55,0.52,744.4444444,2.9,50
6.7,0.55,744.4444444,24.4,50
5.55,0.46,744.4444444,13.9,50
4.85,0.58,744.4444444,21.7,50
4.85,0.52,744.4444444,25.7,50
3.1,0.45,744.4444444,9.8,50
5.25,0.74,744.4444444,23.9,50
1.95,0.59,744.4444444,5.2,50
2.35,0.4,744.4444444,9.8,50
4.85,0.55,911.1111111,20.6,51
4.95,0.54,911.1111111,22.8,51
4.85,0.47,911.1111111,16.8,51
1.5,0.86,911.1111111,5.5,51
5.15,0.52,911.1111111,22.1,51
1.7,0.5,911.1111111,10.2,51
2.3,0.56,911.1111111,8,51
4.45,0.71,911.1111111,24.2,51
2.85,0.5,911.1111111,5.7,51
5.5,0.7,911.1111111,24,51
4.45,0.84,911.1111111,14.3,51
6.95,0.55,911.1111111,29.3,51
6.65,0.6,911.1111111,30,51
3.8,0.48,911.1111111,15.1,51
2.75,0.43,911.1111111,15.1,51
4.3,0.48,911.1111111,12.8,51
5.1,0.65,911.1111111,25.2,51
1.55,0.61,911.1111111,13.4,51
3.8,0.58,911.1111111,12.8,51
2.45,0.48,911.1111111,10.5,51
3.25,0.49,911.1111111,15.1,51
4.1,0.57,911.1111111,13,51
2.95,0.48,911.1111111,6.8,51
2.35,0.59,911.1111111,7.2,51
4.65,0.41,911.1111111,7.4,51
5,0.47,911.1111111,16.1,51
4.85,0.63,911.1111111,18.5,51
3.55,0.61,911.1111111,9.5,51
4.2,0.66,911.1111111,13.7,51
1.7,0.29,911.1111111,3.6,51
2.5,0.58,911.1111111,4.4,51
2.6,0.62,911.1111111,4,51
2.95,0.59,911.1111111,6.4,51
2.25,0.44,911.1111111,4.3,51
2.5,0.47,911.1111111,6.2,51
5.25,0.68,911.1111111,17.3,51
6.55,0.65,911.1111111,20.4,51
4.1,0.71,911.1111111,21.8,51
4.65,0.57,911.1111111,7.2,51
3.15,0.6,911.1111111,7.5,51
2.55,0.63,911.1111111,10,51
6.7,0.77,911.1111111,21.9,51
2.9,0.77,911.1111111,7,51
3,0.57,911.1111111,8.5,51
4.15,0.66,911.1111111,15.6,51
3.3,0.67,911.1111111,20.8,51
5.15,0.61,911.1111111,6.4,51
1,0.54,911.1111111,3.4,51
1.5,0.28,911.1111111,4.3,51
4.1,0.73,911.1111111,23.6,51
7.4,0.72,911.1111111,16.3,51
3.95,0.72,911.1111111,11,51
6,0.64,911.1111111,12.5,51
5.2,0.6,911.1111111,6.7,51
3.5,0.76,911.1111111,20.1,51
3.4,0.71,911.1111111,16.1,51
5.5,0.84,911.1111111,16.1,51
7.1,0.76,911.1111111,25.7,51
5.7,0.68,911.1111111,13.2,51
4.95,0.82,911.1111111,18.6,51
5.85,0.74,911.1111111,22.1,51
4.9,0.86,911.1111111,15.7,51
7.3,0.82,911.1111111,25.8,51
5.4,0.62,911.1111111,14.5,51
4.7,0.79,911.1111111,13.7,51
5.7,0.66,911.1111111,13.3,51
7.55,0.79,911.1111111,30.3,51
3.45,0.64,911.1111111,9.7,51
3.6,0.58,911.1111111,9.8,51
3.15,0.39,911.1111111,17.2,51
4.4,0.7,911.1111111,18.7,51
5.85,0.74,911.1111111,24.8,51
4.3,0.39,666.6666667,23.5,54
2.95,0.53,666.6666667,24,54
2.25,0.55,666.6666667,6.2,54
3,0.51,666.6666667,24.1,54
2.15,0.64,666.6666667,7.1,54
3.35,0.49,666.6666667,10.7,54
2,0.44,666.6666667,7,54
2.8,0.55,666.6666667,18.4,54
4,0.54,666.6666667,32.5,54
3.5,0.51,666.6666667,24.5,54
3.15,0.39,666.6666667,16.4,54
3,0.56,666.6666667,27.3,54
2.75,0.43,666.6666667,7.6,54
3.4,0.42,666.6666667,15.9,54
2.3,0.58,666.6666667,7.6,54
2.1,0.52,666.6666667,11.2,54
2.65,0.39,666.6666667,5.8,54
3.7,0.67,666.6666667,23,54
4.05,0.69,666.6666667,23.8,54
3.65,0.57,666.6666667,18,54
3.55,0.64,666.6666667,20.1,54
3.85,0.44,666.6666667,23.1,54
4.85,0.6,666.6666667,26.9,54
2.4,0.59,666.6666667,10.8,54
2.85,0.61,666.6666667,6.9,54
4.55,0.47,666.6666667,22.8,54
3,0.32,666.6666667,13.3,54
4,0.65,666.6666667,18.4,54
3.35,0.48,666.6666667,11.8,54
4.6,0.52,666.6666667,25.4,54
3.95,0.41,666.6666667,17.4,54
2.15,0.61,666.6666667,5.1,54
4.1,0.5,666.6666667,23.2,54
3.45,0.36,666.6666667,15.8,54
3.25,0.54,666.6666667,13.5,54
4.5,0.57,666.6666667,27.8,54
3.95,0.6,666.6666667,27.6,54
3.75,0.43,666.6666667,19.6,54
2.9,0.52,666.6666667,10,54
3.2,0.47,666.6666667,15.6,54
3.85,0.56,666.6666667,25.3,54
3.5,0.51,666.6666667,24.6,54
4.05,0.61,666.6666667,13.1,54
4.05,0.66,666.6666667,12.4,54
3.9,0.65,666.6666667,6.8,54
3.55,0.47,666.6666667,8.7,54
4.8,0.59,666.6666667,17.1,54
5.45,0.55,666.6666667,20.6,54
3.1,0.61,666.6666667,11.7,54
3.05,0.71,666.6666667,10,54
3.55,0.66,666.6666667,26,54
3.35,0.58,666.6666667,18.9,54
3.35,0.56,666.6666667,15.3,54
3.7,0.47,666.6666667,15,54
4.45,0.72,1422.222222,13.4,55
4.15,0.76,1422.222222,16.1,55
5,0.61,1422.222222,18.3,55
2.75,0.57,1422.222222,13.4,55
5.6,0.58,1422.222222,19.3,55
4.95,0.35,1422.222222,18.4,55
2.7,0.49,1422.222222,10.7,55
2.7,0.54,1422.222222,9.9,55
2.7,0.45,1422.222222,8.9,55
1.9,0.7,1155.555556,11.9,56
2.2,0.6,1155.555556,8.3,56
2.15,0.44,1155.555556,9.7,56
4.05,0.82,1155.555556,23,56
4,0.58,1155.555556,15.6,56
