d,h,hdo,den,dhdo,num
4.2,4.2,10.1,1522,42.42,
7.5,4.4,10.1,1522,75.75,
14.8,10.5,13.1,811,193.88,
13.2,11.7,15.1,1656,199.32,
17.1,13.4,14.1,556,241.11,
10.3,8.7,14,2333,144.2,
17.5,14.2,16.1,1656,281.75,
5.8,3,6,1322,34.8,
20.4,14.2,17.7,889,361.08,
12.7,14.1,21.5,1667,273.05,
22,15,16.3,1556,358.6,
16.4,12.3,18.8,1233,308.32,
18.4,12.2,13.2,2122,242.88,
18.2,12.4,13.4,778,243.88,
13,11.6,15.1,1067,196.3,
12,8.1,14,2333,168,
22.1,17.8,20.3,1011,448.63,
9.4,5.4,15.1,1067,141.94,
3.2,3.3,6.2,1311,19.84,
17.2,8.8,15.7,422,270.04,
15.6,12.8,16.6,1656,258.96,
10.2,6.3,15.7,422,160.14,
20.7,15.8,17.3,1122,358.11,
15,13.5,17.7,2278,265.5,
18.1,12.5,13.4,778,242.54,
8.6,5.6,6,1322,51.6,
14.7,11,16.2,1678,238.14,
19.1,14.1,15.1,1656,288.41,
13.8,13.4,16.2,1156,223.56,
3.5,2.7,6.1,722,21.35,
22.2,17.5,22.4,867,497.28,
21.8,12.6,16.6,1656,361.88,
6.9,5.9,6.4,911,44.16,
15.4,12.5,15.1,1067,232.54,
6.8,4,6,600,40.8,
14.2,9.6,13.2,2122,187.44,
20,14.4,16.3,1556,326,
13.9,10.4,14.4,1689,200.16,
14.7,12.8,14.8,1967,217.56,
17.2,15.8,17.2,1778,295.84,
21.8,19,21.2,967,462.16,
7.3,3.9,6.9,1356,50.37,
16.1,7.8,7.8,989,125.58,
15.2,6.6,7.8,989,118.56,
20.4,13.9,15.1,1656,308.04,
20.8,18.5,22.4,867,465.92,
20.7,17.5,21.5,1667,445.05,
10.6,7.6,15.7,422,166.42,
8,5.4,6.9,1356,55.2,
16.4,15.8,18.8,1233,308.32,
17.4,14,17.7,2278,307.98,
8.3,4.3,14,2333,116.2,
3.7,3.8,5.7,533,21.09,
18.3,12.3,15.8,1522,289.14,
4,3.2,9.7,1644,38.8,
21.8,13.8,14.1,556,307.38,
4.4,3.3,4.9,689,21.56,
17.4,21.3,22.4,867,389.76,
6.1,5.3,7.1,1044,43.31,
14.8,14.9,21.2,967,313.76,
15.1,13.2,15.1,1656,228.01,
5,5.6,18.8,1233,94,
3.6,5.1,6,1322,21.6,
15,12.1,15.1,1067,226.5,
6.9,5.2,6.4,911,44.16,
18.3,14.3,16.5,1356,301.95,
15.5,13.3,15.1,1656,234.05,
15.6,16,17.3,1122,269.88,
16.9,12.9,15.1,1411,255.19,
3.6,3.1,4.9,689,17.64,
8.6,6.9,13.9,767,119.54,
5.3,5.6,10.1,1522,53.53,
4.2,4.3,5.4,1133,22.68,
11.4,5.3,9.7,1644,110.58,
20.5,12,13.2,2122,270.6,
9,6.5,10.1,1522,90.9,
15.2,11.6,15.1,1656,229.52,
13.4,12.6,14.8,1967,198.32,
21.9,15.2,16.5,1356,361.35,
19.4,15.1,17.2,1778,333.68,
4.1,3.8,6.1,722,25.01,
21.2,14.1,16.1,689,341.32,
13.2,9.6,16.2,1678,213.84,
8.6,6.5,7.1,1044,61.06,
23.8,13,14.8,1967,352.24,
11.2,11.3,17.7,2278,198.24,
15.9,7.1,10.1,1522,160.59,
8.8,4.8,7.2,1733,63.36,
13.1,9.4,14,2333,183.4,
5.7,2.1,6.9,1356,39.33,
8.3,11.7,13.2,2122,109.56,
10.7,6.4,7.2,1733,77.04,
18.7,14.9,16.6,1467,310.42,
18.9,11.9,15.1,589,285.39,
31,19.7,21.5,1667,666.5,
3.1,5.7,6.4,911,19.84,
23.6,17.5,20.3,1011,479.08,
13.4,17.9,18.8,1233,251.92,
6.4,4,5.4,1133,34.56,
9,9.2,14.8,1967,133.2,
14.5,8.9,10.4,500,150.8,
29.3,19.8,21.2,967,621.16,
11.6,12.9,15.1,1656,175.16,
5.4,4.4,6.9,1356,37.26,
7,4.7,6,600,42,
9.5,9.2,14.8,1967,140.6,
12,5.4,14.6,789,175.2,
5.4,4.3,6.9,1356,37.26,
7,10.4,14,2333,98,
9.2,5.2,6.8,767,62.56,
10.5,5.8,7.2,1733,75.6,
8.1,5.8,6.8,767,55.08,
22.6,13.5,15.1,589,341.26,
7.6,5,6.8,767,51.68,
9.6,9.9,16.2,1156,155.52,
8.3,8.3,17.7,2278,146.91,
15.6,12.6,16.1,1656,251.16,
13.3,12.4,14.4,1689,191.52,
15.1,11.5,14.8,1022,223.48,
8,6.6,18.8,1233,150.4,
9.9,11.6,13.2,2122,130.68,
15.2,12.4,14.4,1689,218.88,
6.7,12.5,13.4,778,89.78,
10.7,6.2,15.7,422,167.99,
21.9,14.8,17.3,1122,378.87,
5.9,4.1,14,2333,82.6,
5.1,4.5,4.9,689,24.99,
20.4,12.9,16.2,1156,330.48,
6.3,9.6,14.1,2200,88.83,
14.1,6.7,14.8,1022,208.68,
15.3,13.7,14.5,978,221.85,
18.7,15.2,16.5,1356,308.55,
13.9,11.4,13.1,811,182.09,
13.1,12.4,15.1,1656,197.81,
15.6,13.1,14.5,978,226.2,
16.1,9.9,13.1,811,210.91,
22,14.6,14.6,789,321.2,
6.7,3.5,10.4,500,69.68,
25.5,16,20.5,722,522.75,
14,10.2,14.8,1967,207.2,
22.7,12.9,15.1,589,342.77,
12.1,13.5,15.8,1522,191.18,
15.6,11.7,14.8,1967,230.88,
23.3,16.5,21.5,1667,500.95,
21.1,10.9,19.6,789,413.56,
14.6,6.7,14,2333,204.4,
13.8,12.4,16.3,1556,224.94,
13.8,12.3,14.4,1689,198.72,
14.8,15.7,16.2,1678,239.76,
16.7,18.6,22.4,867,374.08,
19,13.9,16.3,1556,309.7,
13,14.9,21.5,1667,279.5,
25.5,17.6,21.5,1667,548.25,
23.7,16.6,18.8,1233,445.56,
6.9,5.1,5.7,533,39.33,
22.2,12.5,16.1,689,357.42,
18.2,12.6,14.4,1689,262.08,
6.7,5.1,10.1,1522,67.67,
15,7.8,7.8,989,117,
17.2,10.8,13.4,778,230.48,
18.6,10.2,14.5,978,269.7,
20,12.8,13.9,767,278,
15,14,18.8,1233,282,
5.4,3.5,14,2333,75.6,
5.4,4.3,7.2,1733,38.88,
15.9,10.7,14.6,789,232.14,
7.4,4.3,6,1322,44.4,
14.1,13.9,15.1,1656,212.91,
17.7,12.2,14.8,1967,261.96,
9.5,12.7,21.5,1667,204.25,
24.7,20.6,18.8,1233,464.36,
9.7,10.3,13.2,2122,128.04,
12.9,11.2,14.8,1967,190.92,
4.5,4,6.1,722,27.45,
14.4,9,14,2333,201.6,
7.7,5.4,6,1322,46.2,
7.9,6.6,7.2,1733,56.88,
8.3,5.5,15.1,1411,125.33,
20.2,13.6,16.6,1467,335.32,
18.9,14.4,16.2,1678,306.18,
17.8,14.1,16.6,1656,295.48,
21.1,12.4,16.1,689,339.71,
8.5,13.1,17.3,1122,147.05,
32.3,22.9,22.4,867,723.52,
4.1,5.6,15.8,1522,64.78,
8.4,5.3,10.1,1522,84.84,
12,10.8,14.8,1967,177.6,
9.8,5.3,6.9,1356,67.62,
4.3,3.3,5.4,1133,23.22,
3.6,4.3,6.2,1311,22.32,
21.3,13.1,17.3,1122,368.49,
25,17.7,20.3,1011,507.5,
15.1,13.8,17.7,2278,267.27,
25,20.9,21.2,967,530,
22.7,15.3,16.6,1656,376.82,
17.2,10.9,14.8,1967,254.56,
18.3,10.4,14.1,556,258.03,
22.2,14.2,15.1,589,335.22,
16.3,15.7,21.5,1667,350.45,
20.6,15.8,18.8,1233,387.28,
6.2,7.1,13.2,2122,81.84,
8.3,5.6,6,1322,49.8,
26.5,17.8,21.5,1667,569.75,
14.1,10.1,14.5,978,204.45,
10.7,10.3,16.2,1678,173.34,
6.5,4,6,1322,39,
8.3,4.4,6,600,49.8,
17,12.3,13.4,778,227.8,
6.9,5.1,7.2,1733,49.68,
11.8,7.6,14,2333,165.2,
20.1,13.6,15.1,1411,303.51,
4.5,4.3,6,1322,27,
28.2,9.3,19.6,789,552.72,
19,10.5,15.7,422,298.3,
11.1,6.9,15.1,1656,167.61,
24.1,19.1,22.4,867,539.84,
15.9,10.7,22.4,867,356.16,
12.6,11.2,14,2333,176.4,
8.4,4.1,6.1,722,51.24,
18.7,14.7,16.2,1678,302.94,
19.1,12.3,15.1,1067,288.41,
17.5,19.5,20.3,1011,355.25,
4.5,4.9,7.2,1733,32.4,
18.9,13.1,15.1,1656,285.39,
18.6,16.1,17.7,2278,329.22,
10.2,13.3,17.3,1122,176.46,
8.5,11.5,17.7,2278,150.45,
13.8,11.9,15.8,1522,218.04,
18.4,15.2,16.2,1156,298.08,
19.4,13.8,21.5,1667,417.1,
12.9,10.9,15.1,1411,194.79,
17.4,11.7,16.2,1156,281.88,
9.7,5,6,600,58.2,
3.3,2,7.8,989,25.74,
8.9,5.7,13.1,811,116.59,
7.5,5,6.9,1356,51.75,
18.5,14.8,21.5,1667,397.75,
16.9,16.6,15.1,1067,255.19,
12.4,10.2,13.2,2122,163.68,
3.5,3.2,4.9,689,17.15,
11.5,5.5,16.1,689,185.15,
10.8,13,16.2,1678,174.96,
6.3,5.2,7.2,1733,45.36,
4.5,4.3,7.1,1044,31.95,
20.7,14.2,16.2,1156,335.34,
10.3,6.4,14,2333,144.2,
10.2,8.4,17.7,2278,180.54,
12,11.7,17.7,2278,212.4,
10.3,9.1,16.2,1678,166.86,
16.7,14.7,16.6,1467,277.22,
18.3,13.6,17.7,2278,323.91,
16.8,13.3,15.7,1022,263.76,
12,9.1,10.1,1522,121.2,
21.7,13.1,15.1,589,327.67,
13.5,13.2,13.1,811,176.85,
8.9,5.6,6.8,767,60.52,
23,15.9,21.5,1667,494.5,
4,3.9,6,1322,24,
27,16.3,21.5,1667,580.5,
7.8,14.6,21.5,1667,167.7,
5.6,4.8,7.1,1044,39.76,
7.6,7.2,14,2333,106.4,
11.4,13.4,16.2,1156,184.68,
11.8,8.4,13.9,767,164.02,
14.5,13.7,16.5,1356,239.25,
19.5,12.2,15.1,1067,294.45,
7,7.6,16.1,1656,112.7,
21,17.2,21.5,1667,451.5,
14.7,14.1,16.6,1656,244.02,
8.1,4.4,5.4,1133,43.74,
5.7,3.5,5.4,1133,30.78,
16.6,14,16.2,1156,268.92,
13.8,11.6,14.4,1689,198.72,
19.2,13,18.8,1233,360.96,
19.1,12.7,15.7,422,299.87,
25.7,19.3,22.4,867,575.68,
20.2,10.2,13.9,767,280.78,
12.2,11.8,16.5,1356,201.3,
24.9,19.8,21.2,967,527.88,
5.1,6.9,14.8,1022,75.48,
17.5,10.5,14,2333,245,
14.4,12.3,14.4,1689,207.36,
35.1,16.7,22.4,867,786.24,
23.3,15.3,15.1,589,351.83,
16.3,16.2,20.3,1011,330.89,
18,8.9,13.1,811,235.8,
5.1,3.8,7.1,1044,36.21,
16.6,13.6,15.1,1656,250.66,
18.9,15.6,17.7,889,334.53,
8.2,5.1,6.4,911,52.48,
7,3.9,5.4,1133,37.8,
13.7,11,13.2,2122,180.84,
15.7,9.7,14,2333,219.8,
13.4,7,16.1,689,215.74,
3.5,3.9,16.6,1656,58.1,
23.3,15.4,16.3,1556,379.79,
14.7,10.4,13.1,811,192.57,
13.3,8.7,16.2,1678,215.46,
20.9,13.8,18.8,1233,392.92,
16,15.3,16.6,1656,265.6,
18.5,11.2,13.9,767,257.15,
3.2,3.3,14.8,1022,47.36,
5.8,7.4,14,2333,81.2,
8.6,8.5,17.7,2278,152.22,
21.1,13.5,18.8,1233,396.68,
15.1,12.8,14.4,1689,217.44,
8.3,5,5.7,533,47.31,
20.7,16.6,17.3,1122,358.11,
14.8,12.8,14.8,1967,219.04,
6.3,5.3,5.7,533,35.91,
18.2,15.7,20.5,722,373.1,
10.8,11.7,20.5,722,221.4,
5.2,4.9,7.2,1733,37.44,
4.1,2.7,4.9,689,20.09,
18.3,13.3,14.4,1689,263.52,
14.2,11.5,15.1,1411,214.42,
16.3,12.7,15.1,589,246.13,
4,4.3,6.9,1356,27.6,
15.9,12.1,16.2,1678,257.58,
28.3,17.7,21.5,1667,608.45,
11,6.5,6.8,767,74.8,
17.8,12.5,14.8,1022,263.44,
15.9,12.9,15.1,1656,240.09,
14.1,12.4,15.1,1656,212.91,
11.3,7,14,2333,158.2,
11.5,7,10.4,500,119.6,
4.3,2.9,15.1,1411,64.93,
21.7,18.7,20.3,1011,440.51,
10.1,11.1,10.4,500,105.04,
10.2,7.1,10.4,500,106.08,
10,6.6,13.1,811,131,
7.3,8.5,14,2333,102.2,
15.5,10.2,13.1,811,203.05,
20,12.6,14.1,556,282,
20.4,15.5,17.3,1122,352.92,
22.7,15.1,22.4,867,508.48,
20.9,13.2,17.7,889,369.93,
16.5,12,14.4,1689,237.6,
9.4,8,14,2333,131.6,
19.6,18.2,21.5,1667,421.4,
15.8,11,15.8,1522,249.64,
6.1,4.6,6.8,767,41.48,
3.5,2.9,15,1956,52.5,
4.3,4.5,7.1,1044,30.53,
5.7,5.8,14,2333,79.8,
6.5,6.4,17.7,2278,115.05,
20.7,18.6,22.4,867,463.68,
5.9,4.4,4.9,689,28.91,
6.3,5.1,16.2,1678,102.06,
11.1,12.5,16.2,1678,179.82,
14.5,11.8,13.2,2122,191.4,
12.9,11.9,17.3,1122,223.17,
3.1,3.7,6.9,1356,21.39,
17.9,19.3,20.3,1011,363.37,
27.1,17.4,22.4,867,607.04,
14.5,6.7,7.8,989,113.1,
27.2,16,17.7,889,481.44,
5.8,3.3,9.7,1644,56.26,
3,1.9,9.7,1644,29.1,
4.7,3.3,5.4,1133,25.38,
7.1,5.4,7.2,1733,51.12,
14.8,13.4,14.4,1689,213.12,
17.7,11.3,14.8,1967,261.96,
19,13.7,15.1,1411,286.9,
26.4,14.8,16.5,1356,435.6,
16.5,12.1,17.7,2278,292.05,
19.5,11.1,13.4,778,261.3,
7.4,10.2,14.1,2200,104.34,
18.7,13.3,15.8,1522,295.46,
6.4,5.7,6.8,767,43.52,
17.3,12.6,14.8,1967,256.04,
25.1,13.6,17.7,889,444.27,
19.2,12.6,16.2,1156,311.04,
12.4,11.3,13.2,2122,163.68,
3.2,4,6,1322,19.2,
7.7,5.5,14.5,978,111.65,
4.4,4.2,7.2,1733,31.68,
6.6,5.5,7.1,1044,46.86,
15.6,12.4,15.1,1656,235.56,
3.4,2.6,4.9,689,16.66,
5.2,4.2,6.4,911,33.28,
17.7,12.6,15.1,1067,267.27,
10.2,11.7,16.6,1656,169.32,
16.3,13.4,15.1,1411,246.13,
18.4,8.2,14.1,2200,259.44,
4.7,3.4,6.1,722,28.67,
11.6,12.4,13.4,778,155.44,
5.8,6.6,14,2333,81.2,
18.9,14.7,15.1,1067,285.39,
9.5,6.1,6.8,767,64.6,
14.4,10.9,14.4,1689,207.36,
16.2,12.3,14.4,1689,233.28,
20.4,16.5,20.3,1011,414.12,
3.2,5.5,14,2333,44.8,
20,11.7,15.1,1656,302,
12.8,9.5,16.6,1656,212.48,
22.6,19.9,21.2,967,479.12,
12.4,8.4,15.1,1411,187.24,
11,11.3,14,2333,154,
6.7,4.5,6.9,1356,46.23,
17,13.2,13.2,2122,224.4,
3.4,3.9,9.7,1644,32.98,
8.7,8.7,14,2333,121.8,
15.6,13.9,14,2333,218.4,
4.4,4.8,17.7,2278,77.88,
7.2,5.8,6.4,911,46.08,
18.4,13.7,16.2,1156,298.08,
11.2,13.4,16.3,1556,182.56,
14.5,13.8,16.6,1656,240.7,
13.3,13.7,16.3,1556,216.79,
22.6,8.7,14.6,789,329.96,
2.5,4.5,5.7,533,14.25,
16,13.3,14.5,978,232,
2.6,3.1,7.2,1733,18.72,
14.3,5.9,9.7,1644,138.71,
15,12.7,14.8,1967,222,
6.7,5,6.9,1356,46.23,
23,14.3,15.1,589,347.3,
22.3,13.6,15.1,589,336.73,
8.6,5.3,6.4,911,55.04,
16.8,12.9,15.1,1656,253.68,
9.9,6.5,10.1,1522,99.99,
5.7,5.1,6.4,911,36.48,
12.6,11.7,15.1,1656,190.26,
19.8,13,15.1,1067,298.98,
16.4,12.8,15.1,1656,247.64,
3.2,2.8,5.4,1133,17.28,
15.3,12.1,13.2,2122,201.96,
6.9,5,6.9,1356,47.61,
28.3,10.7,14.8,1022,418.84,
15,12.3,14.4,1689,216,
14.6,15.8,16.2,1156,236.52,
7.4,8.9,14,2333,103.6,
10.2,6.4,7.1,1044,72.42,
17.5,14.4,16.3,1556,285.25,
15.3,13.1,14.4,1689,220.32,
18,12.7,15.1,1067,271.8,
15.1,12.5,15.1,1656,228.01,
30.7,23.6,22.4,867,687.68,
12.7,11.7,16.2,1678,205.74,
15.6,9.4,14,2333,218.4,
6.1,5.5,7.2,1733,43.92,
7.3,5.3,6.8,767,49.64,
13.5,14.7,21.2,967,286.2,
3.4,2.8,5.4,1133,18.36,
16.9,11.8,14.8,1022,250.12,
8.8,5.2,6.4,911,56.32,
14.7,12.1,15.7,422,230.79,
4.7,4.2,7.8,989,36.66,
12.1,7.1,15.7,422,189.97,
17.4,11.7,17.3,1122,301.02,
10.2,9.4,16.5,1356,168.3,
6.8,7.3,14,2333,95.2,
8.1,6,6,1322,48.6,
22.6,16.9,16.5,1356,372.9,
14,11.3,13.4,778,187.6,
7,6.1,17.3,1122,121.1,
16.3,9.7,13.9,767,226.57,
17.2,13.6,16.6,1656,285.52,
9.3,5.6,6.4,911,59.52,
18.9,12.7,14.4,1689,272.16,
4.2,4.5,6,600,25.2,
10.6,10.4,14,2333,148.4,
14.6,12.4,15.1,1656,220.46,
3.2,4,6,1322,19.2,
22.6,17.7,21.5,1667,485.9,
4,5.6,6.8,767,27.2,
13.8,7.1,10.1,1522,139.38,
27.3,13.5,19.6,789,535.08,
3.5,5.4,13.2,2122,46.2,
21.1,15.7,15.1,1411,318.61,
15,11.7,14.4,1689,216,
8.6,7.9,16.5,1356,141.9,
15.3,10.6,14,2333,214.2,
21.6,12.8,16.5,1356,356.4,
9.5,5,6.9,1356,65.55,
15.1,12.4,16.2,1156,244.62,
12.5,13.6,16.5,1356,206.25,
8.3,9.4,17.7,2278,146.91,
10.2,6.1,6.1,722,62.22,
9,5.7,5.4,1133,48.6,
16.9,10.9,16.2,1156,273.78,
11.8,11.4,15.1,1656,178.18,
18.5,12.5,21.5,1667,397.75,
20.5,17,21.5,1667,440.75,
10.5,9.1,10.4,500,109.2,
19.7,14.2,16.2,1156,319.14,
9.7,4.7,6,600,58.2,
17.3,13.4,16.6,1467,287.18,
22,18.9,21.2,967,466.4,
8.4,7,14,2333,117.6,
16.4,14.1,17.7,2278,290.28,
7.4,5.7,5.7,533,42.18,
6.8,5.7,6,600,40.8,
8.1,4.4,6.4,911,51.84,
16.1,10.8,15.7,422,252.77,
17.4,12.7,14.4,1689,250.56,
15.8,12.9,15.1,1411,238.58,
20.2,14.9,16.6,1656,335.32,
13.1,6.7,7.2,1733,94.32,
24.7,6.9,16.5,1356,407.55,
11,8.4,15.1,1411,166.1,
14.8,15.8,17.7,2278,261.96,
15.9,11.1,16.3,1556,259.17,
14,12.1,17.7,2278,247.8,
13.2,13.8,16.3,1556,215.16,
14.7,12.3,16.1,1656,236.67,
5.7,4,6.4,911,36.48,
27.4,17.4,22.4,867,613.76,
28.8,19,22.4,867,645.12,
16.8,11.6,18.8,1233,315.84,
4,4.9,10.1,1522,40.4,
4.7,3.4,7.1,1044,33.37,
5.4,4.2,5.4,1133,29.16,
21.3,15.4,21.5,1667,457.95,
14.5,16.1,17.7,2278,256.65,
15.9,13.3,16.6,1656,263.94,
11.8,9.4,14,2333,165.2,
16.8,10.2,13.1,811,220.08,
8,6.5,10.1,1522,80.8,
15.7,11.6,16.1,1656,252.77,
11.1,10.9,16.3,1556,180.93,
20.5,14.1,16.6,1656,340.3,
19.2,12.5,14.8,1967,284.16,
11.3,12,17.7,2278,200.01,
8.5,4.9,5.4,1133,45.9,
5.3,6.5,16.3,1556,86.39,
3.9,4.1,10.1,1522,39.39,
18.6,12.3,15.1,589,280.86,
4.5,5.2,6.9,1356,31.05,
21,13,14.4,1689,302.4,
17.7,10.7,15.1,1067,267.27,
19.8,14.6,16.6,1656,328.68,
26.1,16.6,21.5,1667,561.15,
14.3,10.2,13.4,778,191.62,
15.9,12.4,14.4,1689,228.96,
19.5,9.3,14.1,556,274.95,
9.7,8.4,14.6,789,141.62,
6.7,4.7,6.1,722,40.87,
21.7,18.8,21.5,1667,466.55,
25.8,12.1,19.6,789,505.68,
26.4,14.2,17.7,889,467.28,
4.1,2.6,6.1,722,25.01,
23.7,14.8,16.1,689,381.57,
13.3,13.4,14.8,1022,196.84,
15.6,10.9,15.8,1522,246.48,
12,6.9,13.9,767,166.8,
21.5,14.4,18.8,1233,404.2,
19,17.2,18.8,1233,357.2,
13.4,11,16.6,1467,222.44,
14.7,10.6,14,2333,205.8,
12.4,12.2,14.1,2200,174.84,
16.5,13.8,16.2,1678,267.3,
18,14.3,14.4,1689,259.2,
10.4,8.4,14.5,978,150.8,
13.8,19.6,18.8,1233,259.44,
14.4,13.4,16.3,1556,234.72,
11.1,10.2,16.1,1656,178.71,
18.3,13.4,14.6,789,267.18,
16.8,8.5,20.5,722,344.4,
14.1,11.8,16.6,1656,234.06,
16.6,18.7,20.3,1011,336.98,
17.5,11.8,14.6,789,255.5,
5.4,3.7,6.9,1356,37.26,
4.5,4.7,5.4,1133,24.3,
21.9,16.6,17.7,889,387.63,
7.8,4.5,6,600,46.8,
22.5,13.1,16.1,689,362.25,
8.4,10.6,19.6,789,164.64,
22.5,14.6,16.6,1656,373.5,
22.9,11,14.6,789,334.34,
3,3.8,6,1322,18,
20.9,15.3,21.5,1667,449.35,
12.2,10.4,14.8,1967,180.56,
29.3,15.9,14.6,789,427.78,
6.2,3.7,14.8,1967,91.76,
7.6,4.8,6.9,1356,52.44,
17.1,14.8,15.1,1067,258.21,
19.4,14.7,17.7,2278,343.38,
18.3,12.4,17.3,1122,316.59,
5.7,6,14.6,789,83.22,
10.1,7.4,14,2333,141.4,
16.4,11.9,16.2,1678,265.68,
13.7,14.3,17.7,2278,242.49,
4.7,3.5,6.4,911,30.08,
16.9,12,14.8,1022,250.12,
5.1,3.6,5.4,1133,27.54,
10.4,6.3,14,2333,145.6,
2.8,2.1,5.4,1133,15.12,
16.9,13.5,18.8,1233,317.72,
6.5,4.2,6.1,722,39.65,
14.7,11.4,13.4,778,196.98,
23.7,18.8,21.2,967,502.44,
10.9,11.4,15.1,1656,164.59,
15.4,12,14.4,1689,221.76,
29.9,17,21.2,967,633.88,
19.7,13.6,14.6,789,287.62,
12.1,9.7,19.6,789,237.16,
17.2,13.4,14.8,1967,254.56,
13.3,11.1,17.7,2278,235.41,
3.3,3.7,4.9,689,16.17,
14.5,11.6,13.9,767,201.55,
16,12.5,14.6,789,233.6,
6.1,8.1,15.8,1522,96.38,
16.9,11.1,14.4,1689,243.36,
16.5,16,21.2,967,349.8,
20,11.1,14.8,1967,296,
7.8,4,6.9,1356,53.82,
26.4,16.1,21.5,1667,567.6,
5.3,3.5,6.1,722,32.33,
10.7,7.7,20.5,722,219.35,
8.2,5.1,6,1322,49.2,
7.3,4.9,6.4,911,46.72,
4.8,4.3,13.2,2122,63.36,
13.2,11.8,16.2,1156,213.84,
7.5,3.3,15.1,1067,113.25,
16.2,13.5,16.1,689,260.82,
2.5,2.6,5.4,1133,13.5,
18.8,10.9,13.1,811,246.28,
12.6,13.7,17.7,2278,223.02,
15.1,14,14.8,1022,223.48,
12.4,8.9,16.1,689,199.64,
15,10.9,13.9,767,208.5,
16.2,8.1,13.1,811,212.22,
17.6,15.9,21.5,1667,378.4,
3.5,3.9,16.6,1656,58.1,
9.5,9.1,21.2,967,201.4,
10.3,6.9,7.1,1044,73.13,
9.5,6.9,10.1,1522,95.95,
2.8,5.7,13.2,2122,36.96,
8.3,5.5,5.7,533,47.31,
19,11.9,14.5,978,275.5,
15.8,12.7,16.3,1556,257.54,
7.3,3.2,5.4,1133,39.42,
5.8,4.2,5.4,1133,31.32,
17.7,13.3,15.1,1656,267.27,
11.2,13,16.3,1556,182.56,
4.8,6.6,10.1,1522,48.48,
19.2,11.9,16.2,1678,311.04,
8.1,4.9,6.9,1356,55.89,
8,5.5,6.9,1356,55.2,
7.6,5.4,10.1,1522,76.76,
14.4,10.2,13.2,2122,190.08,
3.8,4.4,10.1,1522,38.38,
15.8,13.6,15.1,1656,238.58,
7.6,5.9,7.2,1733,54.72,
14.2,13.3,15.1,1411,214.42,
14.6,10.1,14.8,1967,216.08,
12.8,13.7,17.7,2278,226.56,
18.8,12.7,13.2,2122,248.16,
19.3,13.8,16.5,1356,318.45,
13.7,12.4,16.6,1656,227.42,
27.2,19.1,21.2,967,576.64,
12.3,12.1,14.8,1967,182.04,
19.1,13.1,15.1,1411,288.41,
12.2,9.4,16.5,1356,201.3,
20.4,15.3,20.3,1011,414.12,
28.7,17.8,22.4,867,642.88,
10.6,7.8,10.4,500,110.24,
13.6,11.3,13.2,2122,179.52,
13.1,10.8,16.2,1678,212.22,
5.5,4.7,6,1322,33,
10.2,11.4,17.7,2278,180.54,
11.4,13.8,17.3,1122,197.22,
4.7,4.8,7.2,1733,33.84,
17.4,15.1,17.7,889,307.98,
16.2,12.7,14.4,1689,233.28,
14.9,10.5,14.4,1689,214.56,
10.7,7.6,14,2333,149.8,
4.9,3.6,5.4,1133,26.46,
9.2,7.5,13.2,2122,121.44,
14.5,10.4,16.2,1678,234.9,
5,3.6,5.4,1133,27,
5.6,5.4,20.5,722,114.8,
7.5,5.1,5.4,1133,40.5,
2.8,3.8,6.8,767,19.04,
17.5,13,15.1,1411,264.25,
14.5,14.2,16.1,1656,233.45,
17.4,13.9,16.6,1656,288.84,
10.8,9.8,14.8,1967,159.84,
18.4,14.1,17.3,1122,318.32,
12.1,10.7,16.2,1156,196.02,
12.8,10.7,14,2333,179.2,
19.2,15.8,16.6,1467,318.72,
14.1,16.9,21.2,967,298.92,
11.3,6.8,10.4,500,117.52,
27.2,13.7,17.7,889,481.44,
4.5,5.9,14,2333,63,
16.5,10.8,14.4,1689,237.6,
10.7,9.7,13.2,2122,141.24,
8.4,11.5,17.7,2278,148.68,
12.7,14.6,17.7,2278,224.79,
6.4,5.2,6.4,911,40.96,
12,9.7,14,2333,168,
13.9,11.2,16.1,1656,223.79,
25.5,11,15.8,1522,402.9,
6.9,5.9,16.6,1656,114.54,
17.4,12.5,14.8,1967,257.52,
14.4,14.6,17.3,1122,249.12,
17.7,14.7,16.2,1156,286.74,
4.4,4.3,6.4,911,28.16,
16.1,10.1,13.1,811,210.91,
20.8,13.6,15.8,1522,328.64,
15.7,11.2,14.5,978,227.65,
7.8,8.3,14,2333,109.2,
8.1,5.3,7.1,1044,57.51,
6.7,4.4,7.2,1733,48.24,
19.5,13.1,17.7,889,345.15,
14.2,17,21.5,1667,305.3,
9.4,10,13.2,2122,124.08,
20.2,14.6,17.7,889,357.54,
9.6,12,14.6,789,140.16,
14.3,11.5,14.8,1022,211.64,
17.5,12.3,14.4,1689,252,
11.1,5.4,5.7,533,63.27,
9.1,9,17.7,2278,161.07,
14.5,11.9,15.1,1656,218.95,
5.1,8.5,13.2,2122,67.32,
13.3,11.5,17.7,2278,235.41,
9,5.1,7.2,1733,64.8,
15.8,14.5,16.5,1356,260.7,
15.9,13.2,15.1,1067,240.09,
18.4,11.7,13.4,778,246.56,
14.2,17.1,20.5,722,291.1,
14.7,9.4,14,2333,205.8,
12.2,10.9,14,2333,170.8,
16.9,13.5,14.8,1022,250.12,
6.9,9.5,13.2,2122,91.08,
16.2,10.8,13.4,778,217.08,
15.7,9.9,17.3,1122,271.61,
15.9,14.2,15.1,1656,240.09,
18.5,18.7,21.2,967,392.2,
12.5,11.3,14.1,556,176.25,
18,13.8,16.6,1656,298.8,
15.6,10.5,15.1,1656,235.56,
18.6,13.2,18.8,1233,349.68,
13.7,9.9,14.8,1967,202.76,
13.9,12.8,16.2,1678,225.18,
11.8,9.8,14,2333,165.2,
8.6,5.1,7.1,1044,61.06,
11,13.9,21.5,1667,236.5,
19.9,13.9,16.5,1356,328.35,
9.8,7.1,7.1,1044,69.58,
5.7,4.9,6.9,1356,39.33,
13.2,9.7,14.5,978,191.4,
6,5,6,1322,36,
18.5,13.8,16.3,1556,301.55,
18.3,11.9,14.1,556,258.03,
12.5,10.3,13.2,2122,165,
5.8,4.5,6,1322,34.8,
5.8,4.5,6,1322,34.8,
10.9,8.1,14.8,1967,161.32,
12.7,10.4,16.2,1678,205.74,
20,13.9,16.2,1156,324,
5.6,4.3,4.9,689,27.44,
9.3,5.6,6.9,1356,64.17,
16.1,12.6,16.2,1678,260.82,
16.8,14.5,21.5,1667,361.2,
15.3,13.4,14.4,1689,220.32,
18,15.3,16.6,1656,298.8,
20.4,14.4,15.1,1411,308.04,
12.1,14.3,21.5,1667,260.15,
6.3,8.8,13.2,2122,83.16,
20.2,11.8,13.9,767,280.78,
12.8,10.3,16.2,1156,207.36,
16.7,11.6,13.1,811,218.77,
18.3,11.3,17.7,2278,323.91,
18.5,12.1,14.1,556,260.85,
16,13.8,16.1,689,257.6,
23.1,14.8,15.8,1522,364.98,
5.7,4.1,6,1322,34.2,
23,15,16.3,1556,374.9,
16,18.5,21.5,1667,344,
10.9,11.5,15.8,1522,172.22,
18.1,13.6,16.6,1656,300.46,
15.1,11.7,21.5,1667,324.65,
11.8,7,14.6,789,172.28,
7.2,4.1,14,2333,100.8,
16.6,11.7,15.1,1656,250.66,
4.6,2,6,1322,27.6,
18.5,11.2,14.1,556,260.85,
16.9,12.9,16.6,1656,280.54,
16,13.3,14.8,1967,236.8,
20.4,15.7,21.5,1667,438.6,
30.1,17.7,17.7,889,532.77,
9.6,7,14.8,1967,142.08,
19.6,11.7,14.1,556,276.36,
15.4,13.1,17.3,1122,266.42,
9,13.1,21.5,1667,193.5,
17.8,14.9,16.3,1556,290.14,
15.5,14.5,16.1,1656,249.55,
14.8,7.3,7.8,989,115.44,
6.5,3.6,5.4,1133,35.1,
22.6,17.7,21.5,1667,485.9,
20.5,12,16.2,1156,332.1,
7.2,4.7,6.9,1356,49.68,
7.3,3.5,5.4,1133,39.42,
3.2,3.2,7.8,989,24.96,
22,14.1,16.5,1356,363,
8.4,4.8,13.1,811,110.04,
14.2,8.9,16.2,1678,230.04,
18.4,15.9,16.3,1556,299.92,
15.6,12.4,16.1,1656,251.16,
7.3,4.8,7.2,1733,52.56,
5.8,5.3,16.5,1356,95.7,
3.2,2.5,4.9,689,15.68,
21,15.9,16.6,1467,348.6,
20.7,15,16.6,1467,343.62,
15.2,12.1,14.8,1967,224.96,
7.9,6.5,7.2,1733,56.88,
7.6,10.6,16.3,1556,123.88,
17.4,13.8,17.7,2278,307.98,
8.8,6.8,7.1,1044,62.48,
9.7,7.9,14.1,2200,136.77,
20.2,12.5,14.1,556,284.82,
9.4,9,14,2333,131.6,
20.7,14.8,16.6,1656,343.62,
12.5,8.2,14,2333,175,
17.5,13.3,16.3,1556,285.25,
26.1,17,20.3,1011,529.83,
7.5,6.4,7.2,1733,54,
3.2,3.5,6,1322,19.2,
4.5,3.6,6,1322,27,
12.2,15.6,16.2,1678,197.64,
11.2,12.7,14.1,2200,157.92,
3.4,3.2,6,1322,20.4,
13.5,9.5,13.2,2122,178.2,
26.8,15.1,16.5,1356,442.2,
21.2,19.6,20.3,1011,430.36,
5.6,3.8,7.1,1044,39.76,
12.1,11.4,14.8,1967,179.08,
13.9,6.7,7.8,989,108.42,
23.3,11.9,19.6,789,456.68,
14.5,12,14.8,1967,214.6,
7.2,5.3,6.9,1356,49.68,
17.1,13,16.1,1656,275.31,
15.6,11.2,15.1,1411,235.56,
23.1,12.4,19.6,789,452.76,
14.6,7.7,10.1,1522,147.46,
14.3,10.1,13.9,767,198.77,
9.2,11.6,15.1,1411,138.92,
9,10.7,15.1,1656,135.9,
19.3,14.3,18.8,1233,362.84,
7,5.2,10.1,1522,70.7,
6.6,5.2,7.2,1733,47.52,
19.3,18.7,20.3,1011,391.79,
27.4,15.7,17.7,889,484.98,
22.1,15.1,15.7,1022,346.97,
7.6,6.3,7.1,1044,53.96,
7.2,4.6,6.1,722,43.92,
15.4,12.9,15.1,1411,232.54,
14.3,11.3,13.2,2122,188.76,
16.6,13.1,20.5,722,340.3,
12,11.8,13.2,2122,158.4,
8.1,8.2,16.6,1656,134.46,
13.8,11.7,14.4,1689,198.72,
14.5,12.3,18.8,1233,272.6,
7.6,4.4,6.9,1356,52.44,
8,5.8,5.4,1133,43.2,
21.7,15.5,18.8,1233,407.96,
14,9.9,14,2333,196,
10.5,13.9,21.5,1667,225.75,
20,14.3,17.3,1122,346,
3.6,3.7,9.7,1644,34.92,
15.1,14.3,17.7,2278,267.27,
7.9,6.3,20.5,722,161.95,
23.3,16.7,20.5,722,477.65,
11.9,10.8,14.6,789,173.74,
6.5,5.8,6.8,767,44.2,
6.3,3.4,5.4,1133,34.02,
7.8,5,6,1322,46.8,
10.5,4.9,6.8,767,71.4,
22.5,14.1,16.1,689,362.25,
7.2,5.4,7.1,1044,51.12,
10.5,6.8,15.7,1022,164.85,
17.5,14.4,16.6,1656,290.5,
4.8,4.5,6,600,28.8,
8.5,10.4,21.5,1667,182.75,
6.5,3.6,5.4,1133,35.1,
14.3,12.1,17.3,1122,247.39,
17,12.4,14.4,1689,244.8,
26.8,13.3,19.6,789,525.28,
18.2,13.3,18.8,1233,342.16,
6,4.7,7.2,1733,43.2,
19.7,13.7,14.5,978,285.65,
17.1,13.4,15.1,1656,258.21,
16.1,10.8,14.6,789,235.06,
4.2,3,5.4,1133,22.68,
16.2,12.5,14.4,1689,233.28,
15.7,10.4,14.4,1689,226.08,
11.7,5.9,7.2,1733,84.24,
4.9,7.1,10.1,1522,49.49,
12.7,12.7,17.7,2278,224.79,
11.7,15.9,16.2,1678,189.54,
15,18.4,21.5,1667,322.5,
9.2,6.4,7.2,1733,66.24,
18,13.2,16.1,1656,289.8,
17,11.6,14.4,1689,244.8,
8.1,8.7,15.8,1522,127.98,
14,12.9,14.4,1689,201.6,
8.7,7.3,7.2,1733,62.64,
4.4,2.3,7.8,989,34.32,
10.9,12.1,17.7,2278,192.93,
21,16,22.4,867,470.4,
12.5,9.7,13.1,811,163.75,
11.5,11.3,13.2,2122,151.8,
29.6,11.6,19.6,789,580.16,
10.4,7.2,14,2333,145.6,
9.8,9.7,17.3,1122,169.54,
23.8,20,20.3,1011,483.14,
5.5,4.4,6,1322,33,
14.9,10.5,14.8,1967,220.52,
21.8,13.2,18.8,1233,409.84,
8.6,6.2,7.2,1733,61.92,
20.1,15.6,16.6,1656,333.66,
3.6,3.5,4.9,689,17.64,
5.4,3.4,6.9,1356,37.26,
17.5,15.9,17.3,1122,302.75,
3.1,3.5,4.9,689,15.19,
5.6,5.5,7.2,1733,40.32,
8.2,5.7,10.1,1522,82.82,
5.6,3.7,6,1322,33.6,
11,9.6,14.8,1967,162.8,
3.9,3.4,15,1956,58.5,
10.8,9.9,13.2,2122,142.56,
8.8,6.5,10.1,1522,88.88,
16.7,17.3,16.1,1656,268.87,
24.5,14.8,21.5,1667,526.75,
25.6,18.7,20.3,1011,519.68,
8,7,7.1,1044,56.8,
14,13,14.4,1689,201.6,
17,12.7,15.8,1522,268.6,
4.8,4.2,7.2,1733,34.56,
18.6,15.6,18.8,1233,349.68,
18.8,10.9,16.2,1678,304.56,
14.5,12.6,16.5,1356,239.25,
17.3,15.1,17.2,1778,297.56,
12.3,6.6,9.7,1644,119.31,
16.8,11.7,14.4,1689,241.92,
29,16.7,21.2,967,614.8,
14.3,11.3,14.4,1689,205.92,
4.3,4.4,7.8,989,33.54,
20.8,13.3,14.5,978,301.6,
19.2,14.2,15.1,1656,289.92,
13.9,11.6,14.8,1967,205.72,
7.5,4.3,5.4,1133,40.5,
21.3,17.5,17.7,889,377.01,
5,3.4,5.4,1133,27,
3.1,2.8,6,1322,18.6,
16.4,13,16.1,1656,264.04,
21.5,15.2,16.5,1356,354.75,
20.1,16.9,18.8,1233,377.88,
16.6,10.6,16.2,1678,268.92,
5.1,5.5,15.8,1522,80.58,
15.1,9.9,13.9,767,209.89,
18.8,12.2,20.5,722,385.4,
17.8,15.4,17.7,2278,315.06,
18.3,14.7,16.5,1356,301.95,
21.2,13.2,16.2,1156,343.44,
18.8,12.7,15.1,1656,283.88,
17.7,14.5,14.8,1967,261.96,
27.8,17.9,22.4,867,622.72,
14.2,12.3,16.1,689,228.62,
15.6,9.6,15.1,1067,235.56,
17.9,14.5,16.6,1467,297.14,
22.3,16.7,20.3,1011,452.69,
16.7,14,17.7,889,295.59,
7.6,5,6.1,722,46.36,
17.6,12.7,14.4,1689,253.44,
10.4,11.7,16.2,1156,168.48,
4.7,6.4,14,2333,65.8,
30.1,17,17.7,889,532.77,
22.7,11.4,17.3,1122,392.71,
12.2,12.5,16.2,1678,197.64,
18.6,12.7,17.3,1122,321.78,
28.2,20.4,21.2,967,597.84,
12.1,11.8,16.3,1556,197.23,
7.5,5.3,7.2,1733,54,
19.4,13,13.9,767,269.66,
12.3,11.9,15.1,1656,185.73,
5.5,8.6,14,2333,77,
24.4,16.7,20.5,722,500.2,
13.1,7.5,7.8,989,102.18,
15.2,13,16.3,1556,247.76,
8.3,4.9,6.1,722,50.63,
8,4.4,5.7,533,45.6,
5,3.4,5.4,1133,27,
23.5,14.1,15.1,1411,354.85,
18.7,13.2,16.5,1356,308.55,
12.3,5,14,2333,172.2,
7,5.6,6.9,1356,48.3,
14.2,13,15.8,1522,224.36,
17.1,9.9,16.2,1678,277.02,
7.7,6.1,10.1,1522,77.77,
3.4,3.3,6,600,20.4,
14.7,13.9,14.4,1689,211.68,
16.9,16.6,21.5,1667,363.35,
11.4,14,16.2,1678,184.68,
17.7,11.9,13.2,2122,233.64,
19.1,12.5,14.8,1022,282.68,
16.1,11.4,13.2,2122,212.52,
6.1,7.4,13.2,2122,80.52,
13.1,11.1,14.4,1689,188.64,
22,17.4,20.3,1011,446.6,
7.1,7.9,14,2333,99.4,
14.4,12.5,16.2,1678,233.28,
13.4,10.4,17.3,1122,231.82,
18.6,12,14.4,1689,267.84,
19.7,11.7,14.8,1967,291.56,
6.6,4,6.9,1356,45.54,
18.1,18.4,18.8,1233,340.28,
16.4,12.3,16.1,1656,264.04,
18.1,12.7,18.8,1233,340.28,
16.1,13.3,14.4,1689,231.84,
5.6,4,6,600,33.6,
3.8,3.9,7.1,1044,26.98,
18.5,12.5,15.8,1522,292.3,
7.3,6.3,10.1,1522,73.73,
11.5,10.2,16.2,1156,186.3,
15.6,11.9,14.8,1022,230.88,
15.6,15.9,16.6,1467,258.96,
21.3,14.9,16.5,1356,351.45,
5.5,3.8,5.4,1133,29.7,
5.4,5.6,6.4,911,34.56,
15.6,14.3,18.8,1233,293.28,
10.2,17.2,20.3,1011,207.06,
19.3,13.7,16.2,1678,312.66,
3.3,2.7,4.9,689,16.17,
22.7,15.5,16.3,1556,370.01,
8,7.6,16.6,1656,132.8,
16.3,7.3,7.8,989,127.14,
19.2,17.5,22.4,867,430.08,
13.9,12,17.3,1122,240.47,
15.6,15.1,14.5,978,226.2,
4.4,4.2,13.9,767,61.16,
13.1,10.3,14.5,978,189.95,
7,6.2,16.6,1656,116.2,
16.1,12.9,22.4,867,360.64,
8,5.1,6.9,1356,55.2,
15.4,12.9,16.5,1356,254.1,
20,13.1,14.8,1967,296,
16.7,11.6,15.1,1067,252.17,
13.4,8.6,14,2333,187.6,
5.8,5.2,4.9,689,28.42,
18.8,14.1,16.5,1356,310.2,
18.1,12.4,16.2,1156,293.22,
17.3,14.4,21.2,967,366.76,
16.3,15.1,16.6,1467,270.58,
19.7,13.6,15.1,1067,297.47,
23.4,19.3,22.4,867,524.16,
6.8,4.3,6.9,1356,46.92,
16.7,16.7,17.7,889,295.59,
13.6,6.8,7.8,989,106.08,
11.3,12.7,16.2,1678,183.06,
21.5,13.7,19.6,789,421.4,
17.1,12.8,16.2,1678,277.02,
3,2.7,4.9,689,14.7,
2.9,3,6.4,911,18.56,
21.9,19.5,21.2,967,464.28,
6.1,5.8,6.9,1356,42.09,
22.3,13,14.8,1967,330.04,
16,15.8,22.4,867,358.4,
12.8,11.3,16.2,1678,207.36,
9.5,6.3,14,2333,133,
19,13,16.5,1356,313.5,
18.2,12.9,13.4,778,243.88,
6.2,4.6,7.1,1044,44.02,
14.1,11.1,14.8,1967,208.68,
18.1,7.5,17.7,2278,320.37,
13,14.6,17.7,2278,230.1,
3.5,4.7,6.9,1356,24.15,
3.8,3.7,6,1322,22.8,
21.5,17,21.2,967,455.8,
10.2,8.9,10.4,500,106.08,
14.9,11.5,13.1,811,195.19,
4.1,2.5,7.2,1733,29.52,
15.5,15.4,17.7,2278,274.35,
13.8,10.9,14.4,1689,198.72,
19.8,10.5,16.1,689,318.78,
4.3,4.2,9.7,1644,41.71,
3.8,3,7.1,1044,26.98,
17.9,10.8,15.1,1067,270.29,
19.1,13.3,16.6,1467,317.06,
19,12.3,16.2,1156,307.8,
13.1,14.8,21.5,1667,281.65,
8.3,5,6.9,1356,57.27,
8.9,6.4,7.2,1733,64.08,
11.1,11.9,13.2,2122,146.52,
10.5,5.5,6.4,911,67.2,
9.8,9.5,14,2333,137.2,
11.5,11.7,14.5,978,166.75,
24.5,18.7,20.3,1011,497.35,
12.8,13.8,15.8,1522,202.24,
15.1,10.5,19.6,789,295.96,
10.5,6.3,7.1,1044,74.55,
22.5,15.7,15.8,1522,355.5,
18.7,14.7,17.7,2278,330.99,
24.6,16.6,17.3,1122,425.58,
7.3,3.9,6,600,43.8,
20.7,14.7,16.3,1556,337.41,
13.1,7.8,15.1,1067,197.81,
17,14.3,16.6,1467,282.2,
31,15.1,17.7,889,548.7,
26.5,13.9,17.7,889,469.05,
14.2,11.5,13.2,2122,187.44,
7.6,6.1,10.1,1522,76.76,
16.6,14,17.7,2278,293.82,
3.7,4,7.2,1733,26.64,
21.4,13.8,19.6,789,419.44,
7.8,5.2,6.9,1356,53.82,
8.7,6.7,15.1,1411,131.37,
10.4,9.9,14.8,1967,153.92,
10.7,6.2,6.9,1356,73.83,
9.2,3.3,13.4,778,123.28,
21,16.6,21.5,1667,451.5,
4.9,3.2,7.8,989,38.22,
17.5,11.9,14.5,978,253.75,
18.8,12.6,15.1,1411,283.88,
15.3,10.2,16.2,1156,247.86,
7.7,5.3,6.4,911,49.28,
8.4,4.9,6.8,767,57.12,
20.5,12.6,14.5,978,297.25,
7.6,5.6,6.4,911,48.64,
21.2,15.3,17.3,1122,366.76,
13.5,12.6,13.4,778,180.9,
18.4,12.5,14.8,1022,272.32,
25.4,16.7,18.8,1233,477.52,
8.6,6.3,7.1,1044,61.06,
24.4,10.8,19.6,789,478.24,
13.7,11,16.1,1656,220.57,
16.7,13.6,14.4,1689,240.48,
5,3,6.8,767,34,
17.1,14,15.7,1022,268.47,
17.3,16.2,20.3,1011,351.19,
18,12.7,15.1,1067,271.8,
12.7,5.7,20.5,722,260.35,
17.4,10.6,14,2333,243.6,
9.5,6.7,10.4,500,98.8,
10.1,10.5,17.7,2278,178.77,
10.8,7.5,6.8,767,73.44,
8,4.7,5.7,533,45.6,
15.1,10.9,16.2,1156,244.62,
14.4,9.6,14.4,1689,207.36,
8.4,5.1,6.9,1356,57.96,
23.5,17.4,21.2,967,498.2,
12.7,10.3,19.6,789,248.92,
15.2,12.9,14.8,1967,224.96,
12.9,11.9,14.8,1967,190.92,
5,3.9,6,1322,30,
10.5,6.1,6.4,911,67.2,
8.6,6.5,14.5,978,124.7,
16,13.6,15.1,1656,241.6,
15.1,11.3,13.2,2122,199.32,
17.1,12.8,14.8,1967,253.08,
13.8,8.8,15.8,1522,218.04,
18.4,10.2,14.4,1689,264.96,
19.8,14.3,17.3,1122,342.54,
15.6,10.2,16.2,1678,252.72,
3.1,2.9,7.2,1733,22.32,
9.5,6.2,7.2,1733,68.4,
8.4,4.4,6.9,1356,57.96,
24.9,13.8,16.5,1356,410.85,
20.3,19.6,21.2,967,430.36,
9.1,4.8,13.1,811,119.21,
27.7,17.6,17.7,889,490.29,
16.8,15.8,16.6,1656,278.88,
10,8.8,13.2,2122,132,
21.7,14.7,18.8,1233,407.96,
19,13.7,17.3,1122,328.7,
18.9,13.2,16.2,1156,306.18,
8.1,9.5,16.3,1556,132.03,
13.8,11.5,14.8,1967,204.24,
14.6,9.4,14.1,556,205.86,
3.5,2.5,7.8,989,27.3,
15.6,9.4,13.9,767,216.84,
2.8,2.5,6,1322,16.8,
3.9,3.7,5.7,533,22.23,
17.8,13.7,15.1,1067,268.78,
7.9,7.5,15.1,1656,119.29,
19.8,15.6,16.2,1678,320.76,
18.5,11.3,13.2,2122,244.2,
14.8,11,15.1,1411,223.48,
8.2,7.1,15.1,1411,123.82,
6.8,3,5.4,1133,36.72,
16.4,11.8,14.1,556,231.24,
25,13.9,13.9,767,347.5,
7.2,5.9,6.9,1356,49.68,
20.6,18.9,21.2,967,436.72,
7.5,8.4,13.2,2122,99,
3.6,3.9,4.9,689,17.64,
21.4,15.3,17.3,1122,370.22,
12.2,8.4,14,2333,170.8,
16.2,11.5,14.8,1022,239.76,
12.9,12.5,16.2,1678,208.98,
17,13.1,13.1,811,222.7,
15.2,12.8,15.8,1522,240.16,
11.6,11.5,16.2,1156,187.92,
17.3,14.1,17.7,2278,306.21,
14.9,11.8,14.4,1689,214.56,
8.1,8.8,13.2,2122,106.92,
12.6,12.3,14.8,1967,186.48,
12.8,12.8,16.6,1656,212.48,
10.8,6,10.1,1522,109.08,
6.1,4.5,7.1,1044,43.31,
3.8,2.9,14.1,2200,53.58,
7,4.2,6.9,1356,48.3,
21.5,13,16.6,1467,356.9,
17.5,11.5,13.4,778,234.5,
22.7,13.8,16.6,1467,376.82,
18,13,16.6,1467,298.8,
17.3,14.5,16.1,1656,278.53,
15.9,11.3,14.4,1689,228.96,
25.4,16,16.1,689,408.94,
16.4,15.8,15.8,1522,259.12,
22,16.1,16.5,1356,363,
4.2,3.7,16.5,1356,69.3,
8,4.1,14.8,1022,118.4,
14,11.3,14.8,1967,207.2,
19.8,13.3,19.6,789,388.08,
6.9,7.9,14.1,2200,97.29,
8.3,5.2,7.1,1044,58.93,
22.3,14.2,16.6,1467,370.18,
11.4,15.8,16.1,1656,183.54,
6.9,5,16.1,689,111.09,
5.1,2.1,7.8,989,39.78,
16.3,12.9,15.1,1656,246.13,
11.8,7.6,13.9,767,164.02,
10.1,6.3,7.1,1044,71.71,
19,11,15.1,1067,286.9,
21,13.6,16.1,1656,338.1,
8.7,12.6,15.8,1522,137.46,
5.5,6.7,17.7,2278,97.35,
15.5,13.1,18.8,1233,291.4,
20.3,13.7,16.5,1356,334.95,
9.1,16.6,16.1,1656,146.51,
21.9,15.8,17.7,889,387.63,
22.6,17.1,21.2,967,479.12,
6.7,5,15,1956,100.5,
7.2,5.8,6.4,911,46.08,
12.9,12.1,16.2,1678,208.98,
21.2,17.2,17.2,1778,364.64,
18.7,15.4,15.1,1411,282.37,
4.2,4.6,6,600,25.2,
11,10.2,15.1,1656,166.1,
20.5,17,16.6,1467,340.3,
7.7,10.3,14.1,2200,108.57,
17.2,15.8,17.7,2278,304.44,
18.2,12.8,14.8,1967,269.36,
4.5,4.3,6.9,1356,31.05,
25.9,11.3,19.6,789,507.64,
24.8,14.3,16.1,689,399.28,
17.3,11.9,14.1,556,243.93,
16.5,11.8,15.1,1067,249.15,
7.6,8.5,15.1,1656,114.76,
19.1,14.2,16.6,1656,317.06,
11.8,11.6,13.1,811,154.58,
6.4,6.7,14,2333,89.6,
16.2,12.1,16.1,1656,260.82,
12.2,10.5,14.8,1967,180.56,
10.9,10.4,16.6,1656,180.94,
15.8,12.8,15.1,1656,238.58,
4,3.3,7.1,1044,28.4,
10.3,8,16.1,1656,165.83,
6.5,5,5.7,533,37.05,
8.4,7.1,7.1,1044,59.64,
17.8,12.3,13.2,2122,234.96,
9.8,8.6,14,2333,137.2,
13.6,11.6,15.1,1067,205.36,
26.5,15.6,17.7,889,469.05,
15.3,11.4,13.1,811,200.43,
12.3,6.9,10.1,1522,124.23,
20,17.2,20.3,1011,406,
8.7,6.5,10.1,1522,87.87,
3.5,3.9,6,1322,21,
15.8,10,16.2,1156,255.96,
15.6,9.1,15.7,422,244.92,
21.1,14.8,16.2,1678,341.82,
11.1,13.1,17.7,2278,196.47,
20.4,13.2,14.8,1967,301.92,
13.6,11.8,17.3,1122,235.28,
21.6,15.3,16.3,1556,352.08,
3.4,2.5,7.2,1733,24.48,
14.5,11.3,16.2,1678,234.9,
8.1,7.1,10.1,1522,81.81,
5.8,5.7,13.2,2122,76.56,
9.1,10.1,14.6,789,132.86,
18.9,11.7,16.1,689,304.29,
18.1,14.9,16.3,1556,295.03,
15.2,10.2,16.2,1678,246.24,
10.7,12.2,17.7,2278,189.39,
7.3,3.9,5.4,1133,39.42,
12.4,9,13.4,778,166.16,
10.8,12.8,15.1,1411,163.08,
9.6,10.8,16.2,1678,155.52,
13.1,13.6,16.2,1678,212.22,
19.4,13.6,14.8,1967,287.12,
24.5,17.4,20.5,722,502.25,
6.5,5.3,10.1,1522,65.65,
9.1,9.2,16.3,1556,148.33,
24.3,12.4,13.9,767,337.77,
8.2,8.2,15.8,1522,129.56,
13.1,13.2,15.1,1411,197.81,
5.4,4.9,14.5,978,78.3,
20.3,14.4,16.6,1467,336.98,
20,15.4,20.5,722,410,
3.8,4.6,7.2,1733,27.36,
9.2,9.7,13.2,2122,121.44,
8.4,11.7,13.2,2122,110.88,
9.8,9.4,13.2,2122,129.36,
17,9.2,14,2333,238,
16.3,9.4,13.4,778,218.42,
6.5,8.7,13.2,2122,85.8,
15.5,16,21.5,1667,333.25,
14.8,13.6,15.1,1656,223.48,
18.6,16.8,17.7,2278,329.22,
4.9,6.2,6.4,911,31.36,
4.5,3.7,7.2,1733,32.4,
18.2,14.2,21.5,1667,391.3,
15.2,12.8,16.2,1156,246.24,
11.3,11.5,14.5,978,163.85,
4.5,2.8,5.4,1133,24.3,
18.9,11.6,13.9,767,262.71,
10.6,9.8,14.8,1967,156.88,
10.2,5.2,6.9,1356,70.38,
13.8,7.6,16.6,1656,229.08,
17.9,10.8,14.4,1689,257.76,
15.4,10,15.1,1067,232.54,
21.8,13.9,15.1,589,329.18,
5.8,5.5,7.1,1044,41.18,
6.4,5.4,7.2,1733,46.08,
10.4,9.7,14.8,1022,153.92,
15,10.9,19.6,789,294,
26.6,18.6,21.2,967,563.92,
12.4,7.6,10.4,500,128.96,
15.2,11.3,14.8,1967,224.96,
5.8,5.9,13.2,2122,76.56,
29,16.1,22.4,867,649.6,
16.8,11.8,13.9,767,233.52,
13.9,11.8,17.7,2278,246.03,
14.1,10.7,14,2333,197.4,
10.1,12.2,16.2,1678,163.62,
18.8,13.9,18.8,1233,353.44,
8.9,5.7,7.1,1044,63.19,
21.1,14.8,15.7,1022,331.27,
21.2,14,19.6,789,415.52,
17.1,15.5,18.8,1233,321.48,
14.8,12.7,14.4,1689,213.12,
3.9,5.7,17.2,1778,67.08,
17.8,11.3,16.2,1678,288.36,
17.2,14.4,15.1,1656,259.72,
21,12.4,16.1,689,338.1,
8.5,6.1,14.8,1022,125.8,
8.1,7.8,14,2333,113.4,
11.4,10.8,16.2,1156,184.68,
7.9,5,6.8,767,53.72,
19.9,14.6,16.5,1356,328.35,
15.5,15.2,17.7,2278,274.35,
4.6,4.7,6,1322,27.6,
18,13.8,14.5,978,261,
25.9,14.8,21.2,967,549.08,
8.9,6,15.1,1411,134.39,
6.5,5.5,14.8,1022,96.2,
12.5,8,16.2,1678,202.5,
11.3,13.7,16.3,1556,184.19,
19.8,12,13.1,811,259.38,
4.5,4.4,7.1,1044,31.95,
12.1,11.4,16.3,1556,197.23,
3.3,3.4,4.9,689,16.17,
20.7,15.7,16.6,1467,343.62,
10.2,10.1,17.3,1122,176.46,
5.3,6,14,2333,74.2,
17.8,12.3,14.1,556,250.98,
3.2,3.1,6.1,722,19.52,
18.5,18.7,20.5,722,379.25,
17.7,15.6,16.6,1467,293.82,
8.2,3.6,6.1,722,50.02,
7.5,7.3,14.6,789,109.5,
11.2,11.3,17.2,1778,192.64,
13.9,13.8,16.6,1656,230.74,
14.7,11.2,16.2,1678,238.14,
21.6,17.6,17.7,2278,382.32,
10.5,11.5,16.2,1678,170.1,
24.4,16.6,21.5,1667,524.6,
21.3,12.2,15.8,1522,336.54,
17.5,16.4,20.5,722,358.75,
15.4,11.4,14.4,1689,221.76,
5.6,5.8,6.9,1356,38.64,
10.2,6.2,7.2,1733,73.44,
16.2,11.7,13.9,767,225.18,
11.6,12.1,15.1,1656,175.16,
9.9,5.2,9.7,1644,96.03,
16.8,11.7,22.4,867,376.32,
14.5,13.3,15.1,1411,218.95,
2.2,2,6.1,722,13.42,
14.3,14.8,21.5,1667,307.45,
12.2,6,16.2,1156,197.64,
10,6.5,6.9,1356,69,
20.1,15.6,18.8,1233,377.88,
5.3,4.6,10.4,500,55.12,
12.2,8,13.1,811,159.82,
16.6,12.3,16.2,1156,268.92,
10.1,8.1,14,2333,141.4,
17.8,14.2,15.1,1411,268.78,
5.5,5.4,7.2,1733,39.6,
5.1,6.6,6.2,1311,31.62,
13.6,9.3,14.8,1967,201.28,
19.4,12.4,16.6,1656,322.04,
18.5,16.3,21.5,1667,397.75,
6.1,4.3,4.9,689,29.89,
20.6,12.1,14.4,1689,296.64,
8,5.1,6.8,767,54.4,
8.9,6.6,9.7,1644,86.33,
9.1,8.5,15.1,1411,137.41,
16.1,14.8,16.6,1467,267.26,
17.1,12.3,15.8,1522,270.18,
14.4,10.7,16.2,1678,233.28,
12.3,11.9,14.5,978,178.35,
5.3,4.2,15.1,1411,80.03,
23.7,15.8,21.5,1667,509.55,
5.7,4.8,14.8,1022,84.36,
13.5,11.5,14.5,978,195.75,
19.5,13.1,15.1,1411,294.45,
4.5,5.7,15.8,1522,71.1,
23.6,11.1,13.9,767,328.04,
4,5,5.7,533,22.8,
15.1,12.4,15.1,1067,228.01,
13,17.6,21.5,1667,279.5,
12.1,6.1,17.7,2278,214.17,
25.5,18.3,22.4,867,571.2,
18.6,15.3,16.6,1467,308.76,
14.3,11.7,16.2,1678,231.66,
9.5,5.6,6.8,767,64.6,
13.8,12.6,16.1,1656,222.18,
8.6,9.3,14.8,1967,127.28,
5.4,4.3,9.7,1644,52.38,
15.6,13.1,16.2,1156,252.72,
28.2,16.5,22.4,867,631.68,
14.9,12.6,14.8,1967,220.52,
11.6,10.1,13.2,2122,153.12,
10,6.8,7.2,1733,72,
14.5,13.2,14.1,556,204.45,
13.4,9.5,16.2,1678,217.08,
11,13.7,15.1,1656,166.1,
13.4,10.9,17.3,1122,231.82,
9.7,11.2,16.3,1556,158.11,
4.1,2.6,6,1322,24.6,
16.7,14.4,16.5,1356,275.55,
24,17.9,22.4,867,537.6,
3.8,2.7,6.8,767,25.84,
18.4,11.8,14.8,1967,272.32,
13.7,11.9,15.1,1411,206.87,
2.9,1.9,6.1,722,17.69,
7.5,6.2,16.6,1656,124.5,
23.1,14.1,17.2,1778,397.32,
17.3,12.9,14.4,1689,249.12,
31.7,18.3,22.4,867,710.08,
14.5,12.4,17.3,1122,250.85,
9.5,5.4,6.4,911,60.8,
6.4,4.3,6.9,1356,44.16,
11.7,7.3,14,2333,163.8,
8,7,14.4,1689,115.2,
3.9,4.2,5.4,1133,21.06,
12,7.9,13.4,778,160.8,
14.5,9.9,16.2,1678,234.9,
9.2,7.9,14.8,1022,136.16,
2.4,2.2,15,1956,36,
22.7,15,18.8,1233,426.76,
21.2,14,16.1,689,341.32,
14.9,11.1,14.8,1967,220.52,
9.8,9.2,21.5,1667,210.7,
5.6,4.1,10.1,1522,56.56,
16.9,14.3,14.8,1022,250.12,
9.2,12.1,14.8,1967,136.16,
8.8,4.9,7.2,1733,63.36,
17.5,17.2,20.3,1011,355.25,
15.8,15.5,15.8,1522,249.64,
2.6,2.4,6,600,15.6,
