"CW","D","SD","CLR","plot"
2.65,8.6,2344,0.8,"1"
1.55,3.1,2344,0.68,"1"
0.64,6.6,1600,0.38,"2"
2.634,9.6,1600,0.25,"2"
2.562,7,1600,0.31,"2"
3.095,14.4,1600,0.45,"2"
4.5985,22.5,1600,0.56,"2"
3.18,17.6,1600,0.45,"2"
3.215,8.7,1600,0.34,"2"
4.456,13.6,1600,0.53,"2"
3.8145,14.4,1600,0.44,"2"
2.1485,11.3,1600,0.34,"2"
1.4235,7.5,1600,0.48,"2"
2.999,10.4,1600,0.43,"2"
2.4795,11.4,1600,0.38,"2"
4.009,5.3,1600,0.29,"2"
2.4365,11.2,1600,0.36,"2"
1.342,6.4,1600,0.22,"2"
1.1525,6.8,1600,0.07,"2"
3.935,14.5,1600,0.63,"2"
3.5,6.3,1600,0.42,"2"
1.895,9.2,1600,0.34,"2"
3.065,8.3,1600,0.6,"2"
2.23,15.7,1600,0.72,"2"
3.065,15.5,1600,0.56,"2"
2.025,9.2,1600,0.6,"2"
3.56,17,1600,0.5,"2"
3.5045,13.1,1600,0.23,"2"
2.084,10.5,1600,0.43,"2"
3.3475,17.3,1600,0.51,"2"
1.805,8.1,1600,0.35,"2"
2.5125,10.8,1600,0.49,"2"
2.8585,15.7,1600,0.36,"2"
1.8615,10.4,1600,0.29,"2"
2.8735,16.2,1600,0.25,"2"
2.8865,10.5,1600,0.43,"2"
2.422,10.4,1600,0.45,"2"
2.248,12.5,1600,0.37,"2"
2.2145,9.5,1600,0.48,"2"
2.7015,9.6,1600,0.37,"2"
2.605,14.1,1600,0.19,"2"
1.677,10.8,1600,0.2,"2"
4.701,18.5,1600,0.42,"2"
3.4735,15.1,1600,0.31,"2"
3.4715,15.4,1600,0.22,"2"
3.666,18.6,1600,0.41,"2"
3.662,15.5,1600,0.44,"2"
3.722,13.6,1600,0.45,"2"
3.316,9.5,1600,0.23,"2"
4.1075,18.1,1600,0.44,"2"
4.3055,14.1,1600,0.38,"2"
3.291,10.5,1600,0.27,"2"
4.763,22.1,1600,0.52,"2"
3.16,13.9,1600,0.2,"2"
2.884,10.1,1600,0.24,"2"
4.4195,15.7,1600,0.38,"2"
2.392,10.8,1600,0.34,"2"
3.2575,12.4,1600,0.49,"2"
2.834,9.3,1600,0.24,"2"
2.7225,9.3,1600,0.18,"2"
1.795,10.7,1600,0.43,"2"
4.308,20,1600,0.55,"2"
2.928,11.8,1600,0.16,"2"
3.8205,18,1600,0.47,"2"
4.777,11.4,1600,0.53,"2"
4.5335,16.7,1600,0.66,"2"
1.8165,9.7,1600,0.32,"2"
2.191,12.4,1600,0.35,"2"
3.005,14.2,1600,0.31,"2"
3.67,8.2,1600,0.8,"2"
4.855,19,1600,0.59,"2"
3.2925,18.5,1600,0.59,"2"
2.396,13.6,1600,0.2,"2"
3.659,20.4,1600,0.51,"2"
3.336,12.5,1600,0.33,"2"
5.41,21.1,1600,0.4,"2"
3.464,14.6,1600,0.41,"2"
4.8075,20.9,1600,0.66,"2"
4.4455,16.6,1600,0.47,"2"
4.708,19.1,1600,0.5,"2"
2.7095,12.5,1600,0.59,"2"
3.40075,12.7,1600,0.44,"2"
1.953,9.8,1600,0.55,"2"
3.128,15.6,1600,0.33,"2"
4.164,12.7,1600,0.47,"2"
2.258,7.3,1600,0.31,"2"
2.764,7.1,1600,0.29,"2"
4.818,12.8,1600,0.49,"2"
3.22,13.7,1600,0.39,"2"
3.7385,15.9,1600,0.44,"2"
2.945,14.1,1600,0.44,"2"
3.035,11.4,1600,0.33,"2"
2.285,8.1,1600,0.27,"2"
3.653,13,1600,0.52,"2"
4.085,11.9,1600,0.52,"2"
2.8585,9.7,1600,0.27,"2"
5.198,18.7,1600,0.65,"2"
4.2925,17.5,1600,0.45,"2"
1.2315,4.8,1600,0.07,"2"
2.32,8.1,1600,0.38,"2"
1.832,5.1,1600,0.52,"2"
3.2445,11.6,1600,0.47,"2"
2.4305,9.2,1600,0.69,"2"
2.5965,9.8,1600,0.49,"2"
2.3455,6.7,1600,0.46,"2"
2.295,8.3,1600,0.1,"2"
2.461,16.4,1600,0.4,"2"
5.166,16.2,1600,0.33,"2"
4.0845,14.2,1600,0.35,"2"
3.433,11.5,1600,0.45,"2"
3.533,11,1600,0.32,"2"
2.49,8.3,1600,0.57,"2"
0.71,9.1,1600,0.43,"2"
1.585,6.9,1600,0.28,"2"
2.0975,17.2,1600,0.35,"2"
4.5825,11.1,1600,0.38,"2"
2.5155,11.2,1600,0.43,"2"
3.9125,14.2,1600,0.19,"2"
2.7505,8.9,1600,0.24,"2"
2.8325,12.3,1600,0.33,"2"
3.999,16.2,1600,0.53,"2"
1.903,4.5,1477,0.88,"3"
1.51,5.8,2155,0.3,"4"
2.965,8.7,2155,0.23,"4"
3.207,8.7,2155,0.73,"4"
3.3445,13.2,2155,0.7,"4"
1.66,4.1,2155,0.18,"4"
1.795,4.7,2155,0.43,"4"
2.5,6.9,2155,0.21,"4"
2.04,3,2155,0.44,"4"
2.435,5.2,2155,0.6,"4"
3.505,7.5,2155,0.63,"4"
3.225,7.8,2155,0.23,"4"
3.71,8,2155,0.46,"4"
2.71,4.3,2155,0.47,"4"
2.745,6.9,2155,0.32,"4"
2.795,6.8,2155,0.23,"4"
1.915,4.9,2155,0.63,"4"
3.14,6.5,2155,0.34,"4"
3.73,5.4,2155,0.58,"4"
3.365,6.3,2155,0.41,"4"
3.485,6.3,2155,0.42,"4"
1.795,6.6,2155,0.37,"4"
2.085,6.8,2155,0.4,"4"
4.06,18.2,1022,0.79,"14"
4,20.7,1022,0.77,"14"
6.5,28.9,1022,0.62,"14"
4.8,22.2,1022,0.68,"14"
5.8,29.6,1022,0.81,"14"
6.85,16.2,1022,0.61,"14"
6.85,32.1,1022,0.52,"14"
6.826,27.1,788,0.83,"15"
4.5375,12.3,788,0.58,"15"
3.0065,9.9,788,0.54,"15"
2.751,5,788,0.38,"15"
2.38,8.9,788,0.43,"15"
4.4015,10.3,788,0.41,"15"
4.337,19.3,788,0.78,"15"
5.2105,23.8,788,0.79,"15"
4.4495,22.3,788,0.8,"15"
4.1415,9.4,788,0.62,"15"
6.555,32.9,788,0.8,"15"
1.75,2.5,488,0.76,"16"
1.3,2.9,488,0.86,"16"
1.65,2.7,488,0.82,"16"
1.9,2.5,488,0.82,"16"
2,4.8,488,0.71,"16"
2.1,4.8,488,0.81,"16"
3.15,6.2,488,0.8,"16"
5.45,24.6,488,0.78,"16"
6.05,29.2,488,0.84,"16"
5.55,22.2,488,0.71,"16"
5.05,23.3,488,0.69,"16"
4.7,19.2,488,0.8,"16"
4.15,21.2,488,0.62,"16"
5.2,15.1,488,0.58,"16"
5.55,24.5,488,0.87,"16"
6.49,25.5,488,0.83,"16"
6.25,33.3,488,0.81,"16"
7.12,18.4,488,0.74,"16"
7.505,33.4,488,0.71,"16"
3.125,6.2,488,0.49,"16"
3.125,6.2,488,0.6,"16"
1.48,5.9,488,0.71,"16"
6.445,11.2,488,0.67,"16"
1.705,2.5,488,0.81,"16"
5.97,17.2,488,0.89,"16"
2.515,5.4,488,0.77,"16"
1.8,2.9,488,0.82,"16"
2.815,3.1,488,0.72,"16"
4.84,13.5,488,0.58,"16"
5.13,24.6,488,0.81,"16"
4.82,29,488,0.83,"16"
6.223,26.8,488,0.75,"16"
4.867,23,488,0.41,"16"
4.8895,36.4,488,0.84,"16"
2.101,5.8,488,0.74,"16"
1.971,2.2,488,0.84,"16"
1.6445,3.6,488,0.86,"16"
2.2005,4.5,488,0.77,"16"
3.675,7,1611,0.55,"17"
3.2,11,1611,0.77,"17"
3.42,8.3,1611,0.72,"17"
3.5,5.2,1611,0.73,"17"
3.645,11.1,1611,0.75,"17"
2.48,3.1,1611,0.7,"17"
2.035,3.7,1611,0.74,"17"
1.84,2.8,1611,0.49,"17"
1.405,3.2,1611,0.46,"17"
2.4625,6.5,1611,0.84,"17"
2.2915,7.3,1611,0.75,"17"
2.233,6.8,1611,0.77,"17"
2.0725,3.7,1611,0.75,"17"
3.2385,8.8,1611,0.76,"17"
3.013,8.2,1611,0.83,"17"
2.512,5.3,1611,0.88,"17"
2.4305,4,1611,0.79,"17"
2.516,6.2,1611,0.85,"17"
2.8025,11.3,1611,0.68,"17"
3.3425,7.6,1611,0.54,"17"
2.173,2.7,1611,0.81,"17"
2.5725,6.4,1611,0.82,"17"
2.811,5,1611,0.85,"17"
2.669,5.6,1611,0.9,"17"
1.613,3.3,1611,0.62,"17"
1.9295,3.8,1611,0.86,"17"
1.56,3.2,1611,0.95,"17"
1.779,3.5,1611,0.78,"17"
2.055,3.7,1611,0.61,"17"
2.095,4.6,1611,0.81,"17"
2.013,4.1,1611,0.81,"17"
2.476,5.3,1611,0.84,"17"
2.019,2.5,1611,0.84,"17"
1.5835,4.3,1611,0.76,"17"
2.4125,4,1611,0.75,"17"
1.592,4.6,1611,0.84,"17"
1.9995,3.5,1611,0.8,"17"
2.292,6.5,1611,0.85,"17"
1.4975,5.2,1611,0.65,"17"
2.0235,3.8,1611,0.63,"17"
1.72,4.4,1611,0.79,"17"
1.796,2.9,1611,0.74,"17"
0.8305,4,1611,0.82,"17"
1.543,6.2,1611,0.62,"17"
2.091,4.9,1611,0.7,"17"
1.423,3,1611,0.85,"17"
1.6435,3.8,1611,0.72,"17"
1.778,3.5,1611,0.9,"17"
5.4065,28,1611,0.9,"17"
1.986,4.7,1611,0.67,"17"
2.445,3.9,1611,0.87,"17"
2.41,4.6,1611,0.93,"17"
2.2845,5.9,1611,0.73,"17"
2.237,3.9,1611,0.81,"17"
1.8035,3.1,1611,0.8,"17"
1.983,3.2,1611,0.83,"17"
2.359,4,1611,0.84,"17"
1.6885,3.8,1611,0.67,"17"
1.889,4.9,1611,0.8,"17"
2.8985,8.8,1611,0.9,"17"
2.6125,2.7,1611,0.77,"17"
1.9835,6.2,1611,0.73,"17"
2.2085,5.4,1611,0.76,"17"
2.8585,5.2,1611,0.72,"17"
2.1495,6.8,1611,0.86,"17"
1.9375,5.3,1611,0.88,"17"
2.065,3.4,1611,0.83,"17"
2.178,3.6,1611,0.76,"17"
2.962,2.8,1611,0.8,"17"
1.8325,3,1611,0.71,"17"
1.8455,3.1,1611,0.75,"17"
2.8565,3.2,1611,0.67,"17"
2.414,3.9,1611,0.73,"17"
2.339,4.4,1611,0.78,"17"
2.2318,4.2,1611,0.67,"17"
1.8465,3,1611,0.68,"17"
2.654,3.2,1611,0.48,"17"
2.158,4,1611,0.72,"17"
1.6965,4.8,1611,0.48,"17"
1.8965,3.1,1611,0.57,"17"
1.842,3,1611,0.6,"17"
2.5355,4.7,1611,0.67,"17"
2.9505,5.6,1611,0.78,"17"
2.6465,6.4,1611,0.69,"17"
1.6815,6.5,1611,0.63,"17"
1.944,4.5,1611,0.46,"17"
2.1115,3.5,1611,0.39,"17"
1.373,3.7,1611,0.6,"17"
1.457,3,1611,0.87,"17"
3.3945,11,1611,0.76,"17"
2.487,6.8,1611,0.71,"17"
2.172,4.1,1611,0.66,"17"
2.0145,4.2,1611,0.8,"17"
1.823,6.7,1611,0.47,"17"
1.6535,5.8,1611,0.45,"17"
1.9625,4.2,1611,0.34,"17"
1.8005,4.8,1611,0.39,"17"
2.369,6.2,1611,0.55,"17"
3.0615,7.2,1611,0.52,"17"
1.8345,3.2,1611,0.85,"17"
2.372,3.4,1611,0.74,"17"
4.7955,12.5,1611,0.86,"17"
4.023,12.9,1611,0.87,"17"
2.2565,5.3,1611,0.75,"17"
2.6975,6.9,1611,0.76,"17"
2.2665,6.4,1611,0.85,"17"
2.7385,4.8,1611,0.79,"17"
2.819,5.8,1611,0.67,"17"
2.3865,3.6,1611,0.77,"17"
2.702,5.2,1611,0.64,"17"
2.6185,3.3,1611,0.83,"17"
2.821,5.2,1611,0.82,"17"
3.6075,9.6,1611,0.85,"17"
2.4065,6.2,1611,0.74,"17"
2.039,4.2,1611,0.7,"17"
2.096,3.6,1611,0.66,"17"
2.158,4.7,1611,0.65,"17"
3.4115,5.5,1611,0.63,"17"
2.94,6.4,1611,0.86,"17"
1.8085,4.3,1611,0.69,"17"
2.781,5.2,1611,0.7,"17"
2.39,5,1611,0.9,"17"
2.3675,7.4,1611,0.75,"17"
2.256,6.4,1611,0.84,"17"
2.318,4.7,1611,0.69,"17"
2.228,4.7,1611,0.75,"17"
2.7805,8.4,1611,0.72,"17"
5.263,20.4,1611,0.82,"17"
5.12,10.2,1611,0.65,"17"
2.218,10.7,1955,0.73,"21"
2.5375,10.8,1955,0.7,"21"
1.6585,5.9,1955,0.65,"21"
1.096,4.3,1955,0.57,"21"
2.4495,7.2,1955,0.16,"21"
2.5475,16.3,1955,0.6,"21"
2.613,2.7,1955,0.52,"21"
2.4125,16.6,1955,0.41,"21"
1.4285,2.8,1955,0.44,"21"
1.889,8.6,1955,0.38,"21"
2.5545,10.2,1955,0.46,"21"
2.6555,6.1,1955,0.31,"21"
2.6725,11.1,1955,0.41,"21"
2.518,10.3,1955,0.18,"21"
2.3375,9.4,1955,0.46,"21"
2.4655,6.6,1955,0.27,"21"
2.7505,11,1955,0.38,"21"
2.25,6.1,1955,0.46,"21"
1.8095,4.8,1955,0.56,"21"
3.13,14.1,1955,0.48,"21"
2.129,3,1955,0.72,"21"
2.523,9.6,1955,0.65,"21"
2.3295,3.5,1955,0.67,"21"
2.585,5,1955,0.3,"21"
2.465,10.3,1955,0.49,"21"
2.285,15.9,1955,0.67,"21"
2.47,25.1,1955,0.64,"21"
4.945,24.8,1955,0.62,"21"
5.42,33.8,1955,0.75,"21"
3.405,12.6,1955,0.81,"21"
3.725,5.8,1955,0.75,"21"
2.245,14.8,1955,0.77,"21"
4.575,14.2,1955,0.81,"21"
2.88,22,1955,0.36,"21"
2.92,4.3,1955,0.63,"21"
2.425,4.5,1955,0.71,"21"
1.675,4.8,1955,0.65,"21"
2.335,17.4,1955,0.79,"21"
3.21,15.8,1955,0.78,"21"
1.695,19.8,1955,0.6,"21"
1.61,16.8,1955,0.47,"21"
1.32,6,1955,0.54,"21"
1.615,5.2,1955,0.55,"21"
2.77,4.5,1955,0.66,"21"
0.795,8,1955,0.33,"21"
2.35,18,1955,0.66,"21"
2.545,9,1955,0.45,"21"
1.86,9.5,1955,0.73,"21"
1.535,5.9,1955,0.8,"21"
2.615,9.8,1955,0.62,"21"
2.26,6.7,1955,0.77,"21"
2.48,5.9,1955,0.36,"21"
2.57,4.2,1955,0.69,"21"
2.745,6.5,1955,0.44,"21"
2.595,3.1,1955,0.37,"21"
2.775,11,1955,0.64,"21"
3.435,6.5,1955,0.68,"21"
3.68,34.6,1955,0.81,"21"
2.5,16.5,1955,0.63,"21"
1.78,4.9,1955,0.45,"21"
2.26,15.9,1955,0.74,"21"
2.98,13.6,1955,0.46,"21"
2.595,11.1,1955,0.79,"21"
1.64,13.7,1955,0.57,"21"
2.58,5.1,1955,0.77,"21"
3.595,11.4,1955,0.73,"21"
3.655,16.6,1955,0.72,"21"
2.1,10.4,1955,0.57,"21"
2.295,3.1,1955,0.07,"21"
1.34,8.1,1955,0.42,"21"
3.065,8.1,1955,0.37,"21"
2.13,9.8,1955,0.35,"21"
1.71,10.5,1955,0.69,"21"
1.37,4.7,1955,0.18,"21"
2.585,16.5,1955,0.76,"21"
1.085,6.4,1955,0.45,"21"
2.22,11,1955,0.38,"21"
2.68,11.1,1955,0.41,"21"
2.08,11.4,1955,0.44,"21"
1.985,6.8,1955,0.45,"21"
2.13,14,1955,0.54,"21"
2.41,10.4,1955,0.8,"21"
3.29,6.7,1955,0.67,"21"
2.25,8.2,1955,0.78,"21"
1.595,4.3,1955,0.38,"21"
2.24,9.3,1955,0.49,"21"
1.405,8.6,1955,0.45,"21"
2.085,3.2,1955,0.59,"21"
1.56,8.1,1955,0.53,"21"
1.24,4.1,1955,0.27,"21"
1.32,4.1,1955,0.36,"21"
1.52,5.2,1955,0.51,"21"
2.94,11.2,1955,0.53,"21"
3.265,16.9,1955,0.8,"21"
2.075,10.7,1955,0.78,"21"
2.205,6,1955,0.33,"21"
1.4,5.3,1955,0.48,"21"
1.755,10.5,1955,0.67,"21"
1.175,5.2,1955,0.66,"21"
1.715,9.3,1955,0.83,"21"
1.05,2.7,1955,0.58,"21"
2.905,13.1,1955,0.61,"21"
3.59,15,1955,0.72,"21"
2.965,9,1955,0.73,"21"
2.89,8.9,1955,0.78,"21"
3.16,9.7,1955,0.76,"21"
2.14,5.3,1955,0.74,"21"
3.78,10.3,1955,0.73,"21"
3.21,14,1955,0.84,"21"
4.265,18,1955,0.59,"21"
2.445,16.8,1955,0.84,"21"
3.655,9.8,1955,0.8,"21"
3.945,12.1,1955,0.86,"21"
4.025,26,1955,0.8,"21"
3.995,21.8,1955,0.69,"21"
2.24,9.7,1955,0.85,"21"
3.51,27,1955,0.76,"21"
1.61,4.2,1955,0.49,"21"
1.845,15.4,1955,0.81,"21"
3.2,22,1955,0.76,"21"
2.485,5.9,1955,0.3,"21"
3.655,8.5,1955,0.28,"21"
1.76,3.6,1955,0.65,"21"
1.765,5.6,1955,0.28,"21"
2.2,4,1955,0.73,"21"
2.595,3,1955,0.57,"21"
1.96,18.4,1955,0.61,"21"
2.74,3,1955,0.11,"21"
2.41,2.8,1955,0.11,"21"
2.825,7.3,1955,0.64,"21"
1.87,4.2,1955,0.72,"21"
2.005,2.9,1955,0.1,"21"
1.51,7,1955,0.38,"21"
1.66,2.2,1955,0.88,"21"
1.92,3,1955,0.15,"21"
1.885,3.5,1955,0.69,"21"
3.055,8.9,1955,0.64,"21"
2.47,6.5,1955,0.65,"21"
2.09,4.5,1955,0.32,"21"
2.13,4.7,1955,0.38,"21"
1.36,2.2,1955,0.54,"21"
3.28,7.4,1955,0.64,"21"
2.9,13,1955,0.78,"21"
3.915,12.9,1955,0.72,"21"
1.76,9.5,1955,0.47,"21"
3.585,20.2,1955,0.83,"21"
3.08,5.5,1955,0.52,"21"
3.815,19.7,1477,0.8,"22"
5.56,26.8,1477,0.73,"22"
1.96,2.6,1477,0.78,"22"
1.81,2.3,1477,0.76,"22"
1.755,3.4,1477,0.7,"22"
1.435,3.5,1477,0.72,"22"
1.47,2.9,1477,0.86,"22"
1.485,2.7,1477,0.63,"22"
2.085,4.8,1477,0.63,"22"
6.635,30.4,1477,0.86,"22"
5.85,28.8,1477,0.82,"22"
2.29,4.1,1477,0.83,"22"
1.53,5.7,1477,0.49,"22"
1.68,2.2,1477,0.81,"22"
1.77,2.4,1477,0.86,"22"
2.645,4.1,1477,0.86,"22"
2.87,8.4,1477,0.81,"22"
1.95,4.1,1477,0.39,"22"
2.57,6.4,1477,0.71,"22"
1.55,3.8,1477,0.62,"22"
1.355,2.2,1477,0.52,"22"
1.765,3.7,1477,0.58,"22"
1.335,4.4,1477,0.48,"22"
1.535,3.2,1477,0.6,"22"
2.49,2,1477,0.88,"22"
2.135,6.3,1477,0.57,"22"
2.805,3.5,1477,0.66,"22"
2.585,4.6,1477,0.74,"22"
2.33,3.1,1477,0.63,"22"
2.585,3.9,1477,0.76,"22"
2.22,3.1,1477,0.5,"22"
2.545,4.9,1477,0.6,"22"
2.74,3.6,1477,0.58,"22"
1.785,2.3,1477,0.83,"22"
2.095,4,1477,0.73,"22"
1.905,2.2,1477,0.71,"22"
2.1,4.1,1477,0.82,"22"
2.785,3.2,1477,0.71,"22"
2.62,4,1477,0.72,"22"
2.69,3.6,1477,0.67,"22"
2.64,2.7,1477,0.83,"22"
3.58,6,1477,0.76,"22"
1.93,2.2,1477,0.32,"22"
1.565,2.5,1477,0.52,"22"
1.53,2.2,1477,0.5,"22"
1.9,3.3,1477,0.85,"22"
1.865,3,1477,0.8,"22"
3.625,8.9,1477,0.83,"22"
2.09,6.8,1477,0.81,"22"
3.125,5.4,1477,0.8,"22"
3.125,7.5,1477,0.8,"22"
3.125,5.9,1477,0.81,"22"
1.865,7,1477,0.66,"22"
1.555,4.5,1477,0.67,"22"
5.095,26.5,1477,0.65,"22"
5.165,27.4,1477,0.71,"22"
2.14,5.9,1477,0.73,"22"
3.045,6.1,1477,0.78,"22"
2.65,3.2,1477,0.55,"22"
2.09,2.5,1477,0.47,"22"
1.9,3.8,1477,0.69,"22"
2.195,3.5,1477,0.63,"22"
1.835,5.5,1477,0.44,"22"
1.925,4,1477,0.26,"22"
2.225,5.7,1477,0.7,"22"
2.22,3.5,1477,0.24,"22"
1.615,3.1,1477,0.29,"22"
2.92,5.3,1477,0.72,"22"
2.66,3.5,1477,0.28,"22"
2.385,8,1477,0.69,"22"
2.645,10.2,1477,0.73,"22"
2.865,4.5,1477,0.2,"22"
2.38,7.8,1477,0.3,"22"
6.835,19.2,1477,0.65,"22"
4.995,28.2,1477,0.66,"22"
3.77,9.8,1477,0.85,"22"
5.565,22.2,1477,0.72,"22"
5.975,22.3,1477,0.72,"22"
1.33,3.4,1477,0.16,"22"
6.46,23.4,1477,0.76,"22"
6.545,31.4,1477,0.82,"22"
5.41,27.1,1477,0.75,"22"
1.35,2.8,1477,0.26,"22"
2.11,5.5,1477,0.46,"22"
1.835,6.5,1477,0.42,"22"
2.225,5.5,1477,0.75,"22"
2.985,6.5,1477,0.64,"22"
2.86,9.2,1477,0.55,"22"
2.32,7.3,1477,0.64,"22"
1.675,3.7,1477,0.42,"22"
4.445,27.7,1477,0.83,"22"
4.755,29.2,1477,0.67,"22"
3.705,11.5,1477,0.73,"22"
3.305,6.9,1477,0.41,"22"
2.3,3.7,1477,0.66,"22"
1.73,2.6,1477,0.78,"22"
2.095,6.1,1477,0.56,"22"
4.865,15.8,1477,0.81,"22"
4.865,14.9,1477,0.8,"22"
3.01,5,1477,0.5,"22"
2.595,2.9,1477,0.32,"22"
5.75,18.4,1477,0.79,"22"
1.945,17.6,1766,0.5,"26"
1.855,13.6,1766,0.32,"26"
2.225,10.5,1766,0.44,"26"
2.325,15.3,1766,0.35,"26"
1.56,8.4,1766,0.36,"26"
2.595,16.3,1766,0.37,"26"
1.545,5.9,1766,0.31,"26"
2.025,11.2,1766,0.34,"26"
1.615,6.5,1766,0.55,"26"
1.375,8.1,1766,0.24,"26"
1.22,6.4,1766,0.18,"26"
2.115,8.5,1766,0.48,"26"
2.355,14.1,1766,0.51,"26"
2.575,10,1766,0.48,"26"
2.665,5.2,1766,0.24,"26"
2.46,13.4,1766,0.34,"26"
2.575,14.4,1766,0.44,"26"
2.665,12.1,1766,0.39,"26"
2.06,11.1,1766,0.58,"26"
2.065,16.1,1766,0.3,"26"
2.195,4.3,1766,0.33,"26"
2.96,6.1,1766,0.48,"26"
2.915,15.6,1766,0.29,"26"
3.83,19.1,1766,0.37,"26"
3.14,15.6,1766,0.28,"26"
1.855,5.3,1766,0.63,"26"
2.635,6.2,1766,0.56,"26"
2.735,20.1,1766,0.36,"26"
2.175,17,1766,0.52,"26"
2.585,8.6,1766,0.64,"26"
2.865,15.6,1766,0.52,"26"
2.82,18.6,1766,0.57,"26"
2.75,20.2,1766,0.36,"26"
2.265,12.2,1766,0.68,"26"
3.76,7,1766,0.64,"26"
2.965,11.6,1766,0.52,"26"
3.665,20.7,1766,0.61,"26"
3.55,21.1,1766,0.6,"26"
4.495,12.8,1766,0.61,"26"
3.655,10.6,1766,0.6,"26"
4.24,22.6,1766,0.42,"26"
3.11,5.4,1766,0.73,"26"
2.785,12.8,1766,0.42,"26"
2.74,15.4,1766,0.39,"26"
3.7,11,1766,0.76,"26"
2.935,5.6,1766,0.53,"26"
2.175,10.9,1766,0.5,"26"
2.655,10.8,1766,0.45,"26"
2.98,12.4,1766,0.38,"26"
3.605,12.3,1766,0.33,"26"
1.93,9.5,1766,0.2,"26"
1.875,10.9,1766,0.22,"26"
3.99,12.9,1766,0.33,"26"
3.915,10.7,1766,0.19,"26"
4.61,14.2,1766,0.07,"26"
5.62,20.7,1766,0.46,"26"
4.53,21.8,1766,0.7,"26"
5.01,12.5,1766,0.72,"26"
3.8,13.5,1766,0.63,"26"
2.17,3.6,1766,0.39,"26"
3.74,14.4,1766,0.62,"26"
3.985,14.1,1766,0.57,"26"
4.03,13.4,1766,0.48,"26"
3.785,15.2,1766,0.41,"26"
4.71,14.5,1766,0.69,"26"
3.665,17.3,1766,0.61,"26"
3.195,7.8,1766,0.62,"26"
2.87,12.2,1766,0.39,"26"
3.715,14.2,1766,0.45,"26"
3.49,14.2,1766,0.58,"26"
3.975,11,1766,0.28,"26"
3.61,12.2,1766,0.28,"26"
4.155,15.3,1766,0.69,"26"
4.185,8.8,1766,0.6,"26"
3.5,10.2,1766,0.34,"26"
2.2,6.5,1766,0.51,"26"
2.97,12,1766,0.72,"26"
3.45,20.8,1766,0.42,"26"
3.79,19.5,1766,0.58,"26"
3.545,8.2,1766,0.43,"26"
2.67,10,1766,0.66,"26"
3.2,9,1766,0.57,"26"
4.065,12.4,1766,0.36,"26"
4.31,22.5,1766,0.5,"26"
3.67,9.7,1766,0.36,"26"
5.695,19.2,1766,0.77,"26"
5.37,16.3,1766,0.66,"26"
2.745,3.6,1766,0.6,"26"
2.745,13.4,1766,0.37,"26"
2.29,7.1,1766,0.45,"26"
2.53,11.8,1766,0.3,"26"
1.725,11.2,1766,0.48,"26"
2.955,13.7,1766,0.37,"26"
2.525,5.9,1766,0.27,"26"
2.69,17.2,1766,0.46,"26"
2.955,8.9,1766,0.45,"26"
2.725,11.6,1766,0.39,"26"
1.96,12.7,1766,0.26,"26"
2.1,6.9,1766,0.18,"26"
1.995,13.6,1766,0.31,"26"
2.56,12.8,1766,0.24,"26"
2.535,14.2,1766,0.25,"26"
2.855,6.5,1766,0.37,"26"
2.58,13.9,1766,0.26,"26"
2.095,13.2,1766,0.24,"26"
2.195,17.7,1766,0.24,"26"
1.975,11.5,1766,0.32,"26"
3.425,16.3,1766,0.17,"26"
3.11,13.1,1766,0.28,"26"
2.32,13.6,1766,0.32,"26"
2.33,3.5,1766,0.43,"26"
2.475,12.2,1766,0.41,"26"
1.42,11.6,1766,0.23,"26"
1.955,7.5,1766,0.28,"26"
3.28,15.6,1766,0.43,"26"
2.47,13.1,1766,0.33,"26"
2.695,15.7,1766,0.45,"26"
3.985,20.9,1766,0.28,"26"
2.91,17.6,1766,0.39,"26"
3.96,15.4,1766,0.4,"26"
2.48,12.1,1766,0.42,"26"
3.44,9.9,1766,0.34,"26"
3.535,9.7,1766,0.39,"26"
4.705,20.2,1766,0.46,"26"
2.52,5.1,1766,0.53,"26"
2.36,10.6,1766,0.45,"26"
2.315,11.9,1766,0.36,"26"
2.96,10.8,1766,0.29,"26"
2.825,14.3,1766,0.37,"26"
2.63,9.4,1766,0.19,"26"
2.765,15.2,1766,0.43,"26"
3.335,15,1766,0.39,"26"
4.21,17.6,1766,0.41,"26"
2.65,8.5,1766,0.2,"26"
1.37,3.5,1766,0.59,"26"
2.325,9.1,1766,0.45,"26"
3.39,13.4,1766,0.36,"26"
2.87,7.6,1766,0.59,"26"
3.165,5.7,1766,0.52,"26"
1.905,3.5,1766,0.5,"26"
3.805,14.8,1766,0.53,"26"
2.055,4,1766,0.56,"26"
3.035,9.6,1766,0.59,"26"
3.95,18.8,1766,0.62,"26"
3.095,5.9,1766,0.75,"26"
2.31,15.6,1766,0.51,"26"
2.3205,10.1,1077,0.5,"27"
3.0185,10.7,1077,0.42,"27"
2.9175,11.2,1077,0.59,"27"
3.482,13.5,1077,0.48,"27"
4.173,16.9,1077,0.54,"27"
3.459,16.1,1077,0.43,"27"
2.585,7,1077,0.21,"27"
2.7165,11.7,1077,0.58,"27"
3.364,14.4,1077,0.44,"27"
3.9825,15.4,1077,0.66,"27"
2.626,9.8,1077,0.59,"27"
4.3205,22.4,1077,0.7,"27"
4.1435,15.1,1077,0.44,"27"
2.945,16.3,1466,0.34,"28"
2.92,15.1,1466,0.36,"28"
3.07,11.9,1466,0.54,"28"
3.06,13.4,1466,0.41,"28"
2.33,8.9,1466,0.55,"28"
2.72,14,1466,0.46,"28"
3.03,12,1466,0.62,"28"
2.3,8.6,1466,0.44,"28"
2.5,10.8,1466,0.4,"28"
2.7,6,1466,0.36,"28"
3,11.7,1466,0.39,"28"
3.25,19.2,1466,0.55,"28"
2.75,10.5,1466,0.5,"28"
3.35,14.6,1466,0.58,"28"
1.55,4.2,1466,0.18,"28"
2.95,14.3,1466,0.47,"28"
3.1,15.5,1466,0.33,"28"
3.15,13.4,1466,0.28,"28"
3.14,14.9,1466,0.46,"28"
3.06,15.9,1466,0.46,"28"
2.315,8.9,1466,0.19,"28"
2.1,7.5,1466,0.44,"28"
3.125,15.1,1466,0.63,"28"
4.04,16.7,1466,0.43,"28"
3.755,11.9,1466,0.53,"28"
3.52,15.1,1466,0.49,"28"
2.77,11.6,1466,0.36,"28"
2.845,15.1,1466,0.41,"28"
2.37,7.2,1466,0.56,"28"
2.27,7,1466,0.19,"28"
3.32,22,1466,0.36,"28"
2.52,4.8,1466,0.76,"28"
2.81,7,1466,0.03,"28"
2.8,21.4,1466,0.44,"28"
2.74,12.8,1466,0.19,"28"
2.405,9.1,1466,0.37,"28"
2.215,12.1,1466,0.41,"28"
2.325,4.1,1511,0.18,"32"
2.48,6.9,1511,0.27,"32"
2.455,8.6,1511,0.39,"32"
2.97,7.1,1511,0.16,"32"
2.32,7.3,1511,0.19,"32"
2.355,8.9,1511,0.29,"32"
3.335,6.1,1511,0.32,"32"
3.65,8.2,1511,0.25,"32"
3.71,11.8,1511,0.33,"32"
2.14,7.2,1511,0.16,"32"
2.68,11.2,1511,0.19,"32"
2.895,5.4,1511,0.61,"32"
2.465,7.8,1511,0.2,"32"
1.835,5.8,1511,0.24,"32"
2.04,5.5,1511,0.71,"32"
3.04,11.7,1511,0.39,"32"
3.58,11.7,1511,0.35,"32"
3.07,8.6,1511,0.4,"32"
3,8.9,1511,0.35,"32"
3.16,9.7,1511,0.4,"32"
1.99,4.1,1511,0.36,"32"
3.085,8.3,1511,0.41,"32"
3.085,11,1511,0.5,"32"
3.11,8.7,1511,0.56,"32"
3.035,10.6,1511,0.32,"32"
2.875,8.7,1511,0.26,"32"
2.285,9.9,1511,0.34,"32"
2.755,9.1,1511,0.32,"32"
2.635,7.5,1511,0.23,"32"
1.975,8.5,1511,0.33,"32"
2.22,6.5,1511,0.35,"32"
1.815,5.4,1511,0.14,"32"
1.71,7.7,1511,0.16,"32"
1.97,9.5,1511,0.2,"32"
1.915,5.4,1511,0.45,"32"
2.68,11.1,1511,0.55,"32"
2.02,5.7,1511,0.67,"32"
2.915,14.8,1511,0.5,"32"
3.01,12.2,1511,0.46,"32"
2.845,13.1,1511,0.35,"32"
3.51,13.4,1511,0.4,"32"
4.23,20.9,1511,0.55,"32"
3.125,11.5,1511,0.36,"32"
2.5,7.8,1511,0.39,"32"
2.425,5.8,1511,0.59,"32"
3.155,13.7,1511,0.5,"32"
3.26,12.1,1511,0.41,"32"
1.94,5.4,1511,0.31,"32"
2.47,9.4,1511,0.38,"32"
2.835,9.8,1511,0.42,"32"
2.7,9.6,1511,0.23,"32"
2.94,10,1511,0.44,"32"
5.02,28.1,1511,0.58,"32"
3.49,15.3,1511,0.4,"32"
2.145,6.3,1511,0.65,"32"
2.2,16,1511,0.31,"32"
2.48,20.4,1511,0.33,"32"
3.015,19.5,1511,0.42,"32"
2.39,8.7,1511,0.62,"32"
2.07,6.1,1511,0.61,"32"
3.11,6.4,1511,0.69,"32"
2.885,4.8,1511,0.42,"32"
4.04,19.1,1511,0.36,"32"
4.215,19.2,1511,0.5,"32"
2.19,6.7,1511,0.78,"32"
2.805,14.6,1511,0.61,"32"
3.5,14.2,1511,0.55,"32"
3.845,15.4,1511,0.23,"32"
2.545,13.1,1511,0.33,"32"
3.015,15.6,1511,0.6,"32"
3.48,18.5,1511,0.38,"32"
2.265,9.5,1511,0.37,"32"
3.55,18.3,1511,0.38,"32"
2.265,11.9,1766,0.35,"33"
2.24,13.2,1766,0.49,"33"
2.485,14.7,1766,0.43,"33"
0.9,5.9,1766,0.25,"33"
1.45,9,1766,0.36,"33"
1.31,14.7,1766,0.41,"33"
3.085,15.1,1766,0.64,"33"
3.615,17.3,1766,0.52,"33"
4.35,18.7,1766,0.36,"33"
2.23,10.6,1766,0.25,"33"
3.165,12.6,1766,0.43,"33"
2.84,11.3,1766,0.4,"33"
1.77,7,1766,0.45,"33"
2.66,9,1766,0.51,"33"
3.49,18.8,1766,0.4,"33"
3.21,13.3,1766,0.45,"33"
3.245,16.8,1766,0.4,"33"
2.085,6.5,1766,0.38,"33"
2.675,11.4,1766,0.37,"33"
3.215,14.2,1766,0.53,"33"
2.295,14.8,1766,0.04,"33"
1.51,9.5,1766,0.14,"33"
2.795,12.7,1766,0.25,"33"
2.475,10.5,1766,0.3,"33"
4.135,19.9,1766,0.61,"33"
1.715,7.1,1766,0.39,"33"
1.925,10.2,1766,0.31,"33"
2.365,10.9,1766,0.4,"33"
3.07,14.1,1766,0.56,"33"
2.855,15.9,1766,0.44,"33"
2.785,13.2,1766,0.54,"33"
3.295,14.6,1766,0.49,"33"
1.785,6,1766,0.68,"33"
2.725,15.3,1766,0.54,"33"
2.305,7.6,1766,0.29,"33"
2.425,6.9,1766,0.31,"33"
3.4,11,1766,0.44,"33"
2.875,8.6,1766,0.26,"33"
3.795,15.6,1766,0.62,"33"
1.3,7.2,1766,0.19,"33"
2.32,13.7,1766,0.32,"33"
3.69,19.4,1766,0.6,"33"
4.5695,17.5,1766,0.65,"33"
3.15,9.8,1766,0.53,"33"
3.37,9.5,1766,0.63,"33"
3.935,13.3,1766,0.57,"33"
3.615,12,1766,0.61,"33"
3.565,12.2,1766,0.66,"33"
3.475,6.2,1766,0.22,"33"
2.86,12.4,1766,0.64,"33"
2.92,11.6,1766,0.44,"33"
3.495,15.3,1766,0.58,"33"
3.695,15.2,1766,0.33,"33"
3.305,10.5,1766,0.31,"33"
2.7,11.4,1766,0.39,"33"
3.22,18.6,1766,0.34,"33"
2.675,10.8,1766,0.4,"33"
1.62,9.5,1766,0.21,"33"
2.9,15.9,1766,0.41,"33"
3.125,16.2,1766,0.64,"33"
1.1,8.7,1766,0.48,"33"
2.195,13.7,1766,0.66,"33"
3.595,21,1766,0.53,"33"
3.32,15.4,1766,0.6,"33"
3.17,15.8,1766,0.36,"33"
3.06,16.4,1766,0.31,"33"
2.255,10.7,1766,0.25,"33"
1.935,7.5,1766,0.06,"33"
2.755,13.2,1766,0.35,"33"
2.035,8.9,1766,0.29,"33"
2.18,8.8,1766,0.17,"33"
1.635,7.8,1766,0.26,"33"
4.65,22.3,1766,0.57,"33"
2.015,6.9,1766,0.55,"33"
2.02,8.6,1766,0.41,"33"
3.08,13.3,1766,0.46,"33"
2.905,10.3,1766,0.57,"33"
3.16,14.3,1766,0.56,"33"
3.71,16,1766,0.45,"33"
2.815,12.6,1766,0.35,"33"
3.215,17.3,1766,0.54,"33"
1.23,5.2,1766,0.58,"33"
2.63,14.1,1766,0.29,"33"
2.97,14.1,1766,0.45,"33"
2.795,14.1,1766,0.45,"33"
2.425,12.6,1766,0.42,"33"
2.35,7.8,1766,0.32,"33"
2.24,15.6,1766,0.47,"33"
2.445,12.5,1766,0.21,"33"
2.74,12.9,1766,0.57,"33"
2.46,9.7,1766,0.44,"33"
2.055,7.6,1766,0.27,"33"
1.56,6.7,1766,0.28,"33"
2.99,13.9,1766,0.31,"33"
3.045,12.3,1766,0.28,"33"
2.71,8.5,1766,0.41,"33"
2.45,10.6,1766,0.35,"33"
4.055,17.7,1766,0.51,"33"
2.205,6.6,1766,0.27,"33"
3.305,10.8,1766,0.37,"33"
3.41,16.6,1766,0.43,"33"
2.28,8.5,1766,0.3,"33"
3.655,16.5,1766,0.49,"33"
3.535,15.9,1766,0.22,"33"
3.615,15.4,1766,0.3,"33"
2.755,10.9,1766,0.47,"33"
2.82,15.2,1766,0.53,"33"
2.945,9.9,1766,0.42,"33"
1.835,7,1766,0.45,"33"
2.72,13.2,1766,0.45,"33"
2.315,6,1766,0.37,"33"
3.75,15.6,1766,0.58,"33"
2.545,4.8,1766,0.28,"33"
1.99,8.3,1766,0.25,"33"
2.945,17.3,1766,0.46,"33"
2.595,16,1766,0.34,"33"
2.485,9.4,1766,0.43,"33"
1.125,3.7,1766,0.69,"33"
1.25,3.8,1766,0.64,"33"
2.78,13.3,1766,0.47,"33"
2.345,6.4,1766,0.49,"33"
3.09,13.8,1766,0.34,"33"
3.345,19.6,1766,0.45,"33"
2.645,12.8,1766,0.34,"33"
2.26,6,1766,0.49,"33"
3,4.8,1733,0.83,"35"
4.725,12.7,1733,0.72,"35"
4.57,19,1733,0.82,"35"
2.995,6.5,1733,0.82,"35"
2.8,9,1733,0.83,"35"
2.89,5.1,1733,0.72,"35"
3.07,5.8,1733,0.82,"35"
2.955,7.1,1733,0.73,"35"
2.61,6,1733,0.66,"35"
2.53,3.5,1733,0.93,"35"
4.11,15,1088,0.57,"36"
5.245,16.6,1088,0.16,"36"
5.15,18.9,1088,0.55,"36"
2.605,6.9,1644,0.8,"37"
2.575,2.9,1644,0.76,"37"
2.29,4.3,1644,0.65,"37"
2.615,5.4,1644,0.72,"37"
3.14,7.9,1644,0.82,"37"
1.625,3.1,1644,0.48,"37"
1.51,3.2,1644,0.56,"37"
1.985,3.3,1644,0.73,"37"
1.815,3.5,1644,0.5,"37"
1.73,2.7,1644,0.45,"37"
1.94,3.3,1644,0.56,"37"
2.075,5,1644,0.61,"37"
2.065,4.4,1644,0.45,"37"
1.98,4.3,1644,0.69,"37"
2.165,5.6,1644,0.73,"37"
2.245,5.9,1644,0.61,"37"
1.89,4.3,1644,0.46,"37"
2.045,3.7,1644,0.46,"37"
2.025,4.1,1644,0.86,"37"
2.165,3.6,1644,0.83,"37"
2.355,3.6,1644,0.85,"37"
1.715,4.8,1644,0.79,"37"
1.905,2.7,1644,0.64,"37"
2.21,3.7,1644,0.78,"37"
2.135,5,1644,0.62,"37"
2.855,3.8,1644,0.66,"37"
1.99,3.1,1644,0.73,"37"
1.7,2.9,1644,0.83,"37"
2.04,4.1,1644,0.7,"37"
1.84,2.6,1644,0.5,"37"
1.82,3.6,1644,0.53,"37"
2.48,5.3,1644,0.69,"37"
2.305,5.1,1644,0.62,"37"
2.545,3.7,1644,0.46,"37"
2.24,4.2,1644,0.69,"37"
2.545,3.7,1644,0.68,"37"
2.225,3,1644,0.83,"37"
2.055,3.2,1644,0.8,"37"
2.295,4,1644,0.79,"37"
2.075,3.9,1644,0.87,"37"
2.225,3,1644,0.89,"37"
1.545,2.9,1644,0.74,"37"
1.715,3.8,1644,0.68,"37"
2.4,5,1644,0.62,"37"
2.94,6,1644,0.65,"37"
2.925,5.2,1644,0.67,"37"
2.385,3.6,1644,0.64,"37"
2.34,3.3,1644,0.56,"37"
1.68,2.8,1644,0.59,"37"
2.245,3.3,1644,0.53,"37"
2.48,3.7,1644,0.68,"37"
2.485,3.5,1644,0.71,"37"
2.685,4,1644,0.7,"37"
2.285,4,1644,0.58,"37"
2.515,4.5,1644,0.59,"37"
2.515,3.9,1644,0.5,"37"
2.19,2.9,1644,0.61,"37"
2.91,6.9,1644,0.7,"37"
1.92,3.6,1644,0.48,"37"
1.475,3.2,1644,0.79,"37"
1.94,5.2,1644,0.55,"37"
2.025,3.2,1644,0.7,"37"
2.205,4.8,1644,0.66,"37"
2.245,4.5,1644,0.71,"37"
5.25,21.5,1644,0.92,"37"
4.78,18.6,1644,0.9,"37"
2.155,4.4,1644,0.77,"37"
2.155,4.4,1644,0.77,"37"
3.175,11.4,1644,0.9,"37"
3.33,7.2,1644,0.67,"37"
1.925,3.7,1644,0.85,"37"
1.625,5.6,1644,0.53,"37"
1.925,6.3,1644,0.71,"37"
2.425,4,1644,0.8,"37"
2.375,4.5,1644,0.78,"37"
2.25,5.6,1644,0.74,"37"
1.98,3.6,1644,0.73,"37"
2.175,2.8,1644,0.87,"37"
2.295,4.4,1644,0.91,"37"
2.545,5.3,511,0.89,"40"
2.105,3.3,1522,0.95,"41"
2.24,2.9,1522,0.87,"41"
3.585,10.8,1522,0.81,"41"
4.455,15.4,1522,0.78,"41"
4.825,13.7,1522,0.91,"41"
4.61,12.5,1522,0.98,"41"
3.185,11.6,1522,0.8,"41"
1.945,5.6,1522,0.87,"41"
2.95,13.6,1522,0.83,"41"
2.7,11.6,1522,0.76,"41"
2.03,2.6,1522,0.79,"41"
2.715,5.2,1522,0.85,"41"
3.05,7.6,1522,0.89,"41"
3.515,7.2,1522,0.8,"41"
2.32,3.2,1522,0.89,"41"
2.33,3.2,1522,0.7,"41"
2.385,2.5,1522,0.88,"41"
3.61,24.8,522,0.85,"43"
3.785,23,522,0.81,"43"
1.86,3.2,1977,0.77,"44"
3.615,11.4,1977,0.65,"44"
2.61,9.6,1977,0.4,"44"
3.75,8.9,1977,0.88,"44"
3,12.8,1022,0.71,"48"
3.55,19.8,1022,0.71,"48"
3.45,17.9,1022,0.51,"48"
3.5,16.1,1022,0.56,"48"
2.8,13.3,1022,0.65,"48"
3.65,14.8,1022,0.74,"48"
2.35,6.3,1022,0.44,"48"
3.45,18.6,1022,0.59,"48"
2.85,17.6,1022,0.53,"48"
2.95,12,1022,0.69,"48"
2.65,11.5,1022,0.53,"48"
2.45,11,1022,0.6,"48"
3.9,18.2,1022,0.71,"48"
3.55,17.5,1022,0.66,"48"
2.8,14.1,1022,0.68,"48"
2.35,3.8,1022,0.22,"48"
2.8,8.1,1022,0.57,"48"
2.6,6.8,1022,0.38,"48"
4.5,23.8,1022,0.59,"48"
3.65,16.2,1022,0.56,"48"
2.55,6.5,1022,0.55,"48"
3.35,12.4,1022,0.69,"48"
2.95,8.6,1022,0.45,"48"
2.55,4.2,1022,0.17,"48"
4,13.7,1022,0.61,"48"
3.15,9.8,1022,0.83,"48"
4.3,25.3,1022,0.76,"48"
2.7,6.1,1022,0.66,"48"
3.7,22,1022,0.7,"48"
3.1,8.4,1022,0.51,"48"
5.8,32.1,1022,0.77,"48"
2.895,11.9,1022,0.46,"48"
4.015,24.7,1022,0.53,"48"
3.5,14.9,1022,0.65,"48"
2.795,10.5,1022,0.67,"48"
3.075,14.2,1022,0.67,"48"
3.12,8.1,1022,0.49,"48"
4.705,22.7,1022,0.7,"48"
3.56,16.5,1022,0.68,"48"
3.105,10.5,1022,0.57,"48"
4.47,14.4,1022,0.59,"48"
4.395,13.1,1022,0.33,"48"
3.875,16.9,1022,0.62,"48"
4.465,23.6,1022,0.65,"48"
4.905,25.1,1022,0.6,"48"
5.355,26.8,1022,0.56,"48"
4.1,23.5,1022,0.65,"48"
4.885,22.5,1022,0.56,"48"
3.205,13.4,1022,0.66,"48"
2.39,9.6,1022,0.51,"48"
3.78,21.7,1022,0.56,"48"
3.24,6,1022,0.48,"48"
5.46,28.5,1022,0.61,"48"
2.99,9.8,1022,0.76,"48"
3.89,18.5,1022,0.54,"48"
1.71,3.5,1022,0.58,"48"
1.835,4.6,1022,0.56,"48"
5.34,26.3,1022,0.62,"48"
5.02,25.6,1022,0.59,"48"
5.475,33.1,1022,0.75,"48"
4.88,31.2,1022,0.57,"48"
4.085,18.4,1022,0.5,"48"
3.515,7.3,1022,0.64,"48"
3.31,16.7,1022,0.55,"48"
3.41,9,1022,0.52,"48"
4.865,29.8,1022,0.6,"48"
3.425,14.4,1022,0.53,"48"
2.76,6.1,1022,0.44,"48"
3.875,23.1,1022,0.69,"48"
3.08,6.8,1022,0.49,"48"
3.505,28.6,1022,0.53,"48"
3.245,12.3,1022,0.59,"48"
3.565,16,1022,0.69,"48"
3.45,18.9,1022,0.63,"48"
4.185,24.5,1022,0.68,"48"
3.7,14.4,588,0.71,"49"
3.15,9.4,588,0.56,"49"
6.65,25,588,0.78,"49"
6.35,18.6,588,0.68,"49"
7.5,18.6,588,0.72,"49"
5.2,13.2,588,0.84,"49"
5.5,21.4,588,0.61,"49"
6.25,17.5,588,0.7,"49"
1.8,5.2,588,0.79,"49"
5.3,14.8,588,0.8,"49"
5.7,20.1,588,0.78,"49"
3.2,8,588,0.66,"49"
2.65,3.5,588,0.52,"49"
6.2,18.4,588,0.77,"49"
5.35,13.5,588,0.6,"49"
4.45,17.1,588,0.81,"49"
6.8,24.7,588,0.75,"49"
5,23.6,588,0.62,"49"
3.35,15,588,0.6,"49"
2.65,10.5,588,0.52,"49"
4.85,15.5,588,0.79,"49"
3.25,10.2,588,0.67,"49"
4.5,12.9,588,0.7,"49"
4,14.1,588,0.67,"49"
3,14.9,588,0.77,"49"
5.45,14.2,588,0.71,"49"
5.65,15.2,588,0.79,"49"
5.4,20.2,588,0.79,"49"
4.05,9.6,588,0.61,"49"
7,16.3,588,0.82,"49"
4.45,9.1,588,0.71,"49"
4.65,14.6,588,0.81,"49"
5.35,15.1,588,0.74,"49"
4.85,17.8,588,0.67,"49"
4.85,15.2,588,0.81,"49"
6.55,14.4,588,0.68,"49"
5.55,31.5,588,0.84,"49"
5.25,19.7,588,0.74,"49"
4.85,16,588,0.55,"49"
3.25,9.5,588,0.51,"49"
3.2,7.4,588,0.63,"49"
4.1,7.2,588,0.64,"49"
2.4,5.3,588,0.6,"49"
5.2,15.7,588,0.81,"49"
3.8,9.1,588,0.69,"49"
7.2,18.5,588,0.75,"49"
6.15,22.1,588,0.84,"49"
3.95,10.1,588,0.71,"49"
5.4,18.2,588,0.7,"49"
6.55,20.3,588,0.81,"49"
3.55,14.7,588,0.52,"49"
6.35,15.6,588,0.73,"49"
3.15,8.1,1511,0.66,"50"
2.45,6.5,1511,0.51,"50"
5.5,19,1511,0.79,"50"
2.15,5.1,1511,0.63,"50"
4.35,13.6,1511,0.71,"50"
1.15,2.6,1511,0.64,"50"
3.15,5.8,1511,0.75,"50"
4.85,16.5,1511,0.79,"50"
2.05,4.6,1511,0.59,"50"
4.6,16.5,1511,0.45,"50"
2.25,5,1511,0.51,"50"
2.9,5.4,1511,0.43,"50"
5.35,20.6,1511,0.59,"50"
3.25,10.6,1511,0.55,"50"
4.35,11.7,1511,0.55,"50"
3.4,12.3,1511,0.37,"50"
4.25,26.7,1511,0.85,"50"
3.95,7.9,1511,0.56,"50"
4.35,16.8,1511,0.71,"50"
3.9,14.6,1511,0.67,"50"
4.15,18.9,1511,0.73,"50"
3.1,8.1,1511,0.55,"50"
1.75,3.4,1511,0.31,"50"
1.3,3,1511,0.27,"50"
4.55,16.7,1511,0.75,"50"
3.45,8.3,1511,0.7,"50"
7.3,28.2,1511,0.79,"50"
5.35,19.4,1511,0.88,"50"
4.25,18.3,1511,0.84,"50"
5.45,19.6,1511,0.85,"50"
3.39,11.8,1511,0.73,"50"
3.35,13.2,1511,0.81,"50"
2.65,9,1511,0.54,"50"
7.45,24.4,1511,0.78,"50"
4.8,17.1,1511,0.72,"50"
6.75,31.3,1511,0.82,"50"
4.45,12.9,1511,0.57,"50"
5.55,16.3,1511,0.81,"50"
5.65,16,1511,0.7,"50"
5.65,16.7,1511,0.63,"50"
5.7,14.7,1511,0.68,"50"
4.75,17.2,1511,0.52,"50"
2.1,5.8,1511,0.59,"50"
2.8,7,1511,0.56,"50"
2.95,8.5,1511,0.45,"50"
1.6,4.1,1511,0.51,"50"
4.6,15.9,1511,0.71,"50"
2.5,6.5,1511,0.57,"50"
2.8,13.1,1511,0.61,"50"
4.85,21.7,1511,0.73,"50"
3.4,8.9,1511,0.48,"50"
2.8,4,1511,0.41,"50"
3.25,8.2,1511,0.69,"50"
3.75,8.9,1511,0.73,"50"
4.35,23.6,1511,0.64,"50"
5,17.4,1511,0.7,"50"
6.25,12.6,1511,0.55,"50"
6.75,14.2,1511,0.56,"50"
5.1,13.7,1511,0.64,"50"
4.35,11.2,1511,0.61,"50"
1.5,3.5,1511,0.46,"50"
2.05,6.6,1511,0.37,"50"
2.2,6.8,1511,0.39,"50"
5.95,22.6,1511,0.85,"50"
4.25,11.6,1511,0.77,"50"
4.5,13.6,1511,0.67,"50"
1.45,6.4,1511,0.51,"50"
6.35,19.3,1511,0.7,"50"
4.8,10.4,1511,0.62,"50"
2.2,10.3,1511,0.58,"50"
3.05,7.9,1511,0.73,"50"
6.35,17.5,1511,0.56,"50"
6.35,22.6,1511,0.82,"50"
2.6,5.2,1511,0.64,"50"
1.75,2.8,1511,0.57,"50"
2.95,5,1511,0.86,"50"
2.15,4.7,1511,0.86,"50"
1.75,5.2,1511,0.93,"50"
2.6,3,1511,0.74,"50"
2.1,4.9,1511,0.6,"50"
3,5.8,1511,0.82,"50"
2.7,5.6,1511,0.67,"50"
2.2,3.2,1511,0.58,"50"
2.55,5.4,1511,0.73,"50"
2.3,4.8,1511,0.74,"50"
2.05,3.5,1511,0.61,"50"
1.5,5.8,1511,0.32,"50"
0.8,3.3,1511,0.24,"50"
3.2,10.5,1511,0.67,"50"
2.05,3.2,1511,0.75,"50"
4,21.2,1511,0.74,"50"
4.15,20.5,1511,0.75,"50"
3.55,13.9,1511,0.59,"50"
2.55,7.5,1511,0.52,"50"
2.9,6.6,1511,0.52,"50"
3.2,6.9,1511,0.48,"50"
5,18.1,1511,0.73,"50"
5.75,16.2,1511,0.66,"50"
4.1,10.4,1511,0.66,"50"
1.7,5.2,1511,0.5,"50"
2.2,3.8,1511,0.33,"50"
5.95,21.3,1511,0.7,"50"
3.6,8.9,1511,0.57,"50"
2.7,3.5,1511,0.51,"50"
2.65,7,1511,0.4,"50"
5.35,21.3,1511,0.86,"50"
3.25,7.8,1511,0.54,"50"
3.3,5.3,1511,0.48,"50"
4.15,15.8,1511,0.83,"50"
5.4,11.2,1511,0.76,"50"
5.25,23.4,1511,0.79,"50"
4.1,15.2,1511,0.47,"50"
2.95,10.1,1511,0.38,"50"
3.2,8.9,1511,0.58,"50"
1.85,13.1,1511,0.57,"50"
3.6,13.4,1511,0.85,"50"
5.35,19.9,1511,0.75,"50"
5.1,12.2,1511,0.78,"50"
2.45,5.3,1511,0.34,"50"
4.85,18.2,1511,0.82,"50"
4.2,12.8,1511,0.72,"50"
2.4,3.6,1511,0.55,"50"
2.7,5.6,1511,0.82,"50"
2.8,3.8,1511,0.94,"50"
5.65,20.9,1511,0.83,"50"
3.95,7.9,1511,0.68,"50"
5.4,12.3,1511,0.73,"50"
2.76,7.5,1133,0.65,"47"
2.485,8,1133,0.62,"47"
2.025,4.3,1133,0.42,"47"
2.74,16.2,822,0.79,"48"
2.45,10.1,822,0.6,"48"
3.335,22.1,822,0.52,"48"
3.045,22.3,822,0.58,"48"
3.875,25.9,822,0.82,"48"
3.955,25.6,822,0.72,"48"
4.5,23.1,822,0.71,"48"
3.295,21.9,822,0.72,"48"
3.605,27.3,822,0.47,"48"
3.72,23.2,822,0.42,"48"
3.65,22.6,822,0.62,"48"
2.48,15.1,822,0.33,"48"
3.18,18.6,822,0.62,"48"
4.195,21.8,822,0.3,"48"
3.36,28.9,822,0.29,"48"
2.47,15.6,822,0.43,"48"
2.73,12.1,822,0.25,"48"
2.75,12.7,822,0.41,"48"
3.595,22.7,822,0.54,"48"
3.02,17,822,0.48,"48"
2.915,13.9,822,0.34,"48"
3.455,23,822,0.37,"48"
3.495,21.2,822,0.62,"48"
2.455,12.4,822,0.62,"48"
4.13,27.6,822,0.55,"48"
4.12,27.3,822,0.6,"48"
3.54,23.1,822,0.51,"48"
4.17,29.6,822,0.74,"48"
3.35,25.8,822,0.54,"48"
2.585,24,822,0.47,"48"
4.375,26.8,822,0.56,"48"
2.255,8.4,822,0.52,"48"
4.08,24,822,0.33,"48"
2.29,8.8,822,0.47,"48"
4.05,24.1,822,0.49,"48"
5.41,27.1,822,0.59,"48"
3.955,23.4,822,0.5,"48"
4.875,25.8,822,0.52,"48"
4.145,24.9,822,0.68,"48"
5.24,30.5,822,0.71,"48"
3.315,15,822,0.35,"48"
2.25,9.4,822,0.64,"48"
3.485,25.9,822,0.47,"48"
3.7,25,822,0.34,"48"
3.67,17.9,822,0.38,"48"
3.115,20.7,822,0.46,"48"
1.71,4.3,822,0.26,"48"
5.225,30.6,822,0.59,"48"
3.845,24.4,822,0.57,"48"
2.845,16.7,822,0.53,"48"
2.765,16.3,822,0.27,"48"
2.32,7.4,822,0.32,"48"
4.975,29,822,0.5,"48"
4.54,28.2,822,0.43,"48"
4.055,19.8,822,0.53,"48"
3.98,24.3,822,0.51,"48"
3.47,21.1,822,0.58,"48"
3.89,23.7,822,0.43,"48"
3.815,26.6,822,0.49,"48"
3.48,21.4,822,0.4,"48"
1.96,5.4,822,0.59,"48"
3.41,23.3,822,0.45,"48"
2.75,11.2,822,0.57,"48"
3.625,23.2,822,0.52,"48"
3.205,15.1,822,0.5,"48"
2.135,11.8,822,0.38,"48"
3.59,25.2,822,0.36,"48"
3.84,21.5,822,0.46,"48"
4.115,24.8,822,0.38,"48"
5.69,15.6,2155,0.41,"49"
5.67,11.5,2155,0.43,"49"
3.255,12.1,2155,0.18,"49"
3.83,9.2,2155,0.34,"49"
4.585,12.4,2155,0.35,"49"
3.355,9.9,2155,0.45,"49"
4.565,13.2,2155,0.19,"49"
2.84,7.2,2155,0.39,"49"
3.205,9.2,2155,0.36,"49"
2.28,7.6,2155,0.36,"49"
3.165,9.9,2155,0.28,"49"
2.21,7.5,2155,0.21,"49"
3.44,11.4,2155,0.33,"49"
3.855,10.5,2155,0.33,"49"
3.205,7.9,2155,0.32,"49"
4.79,17.78,2155,0.41,"49"
3.245,16.6,2155,0.48,"49"
3.695,13.6,2155,0.37,"49"
2.385,7.2,2155,0.24,"49"
3.435,7.1,2155,0.29,"49"
3.98,11.4,2155,0.36,"49"
3,3.6,2155,0.08,"49"
2.605,5.2,2155,0.28,"49"
4.815,12.2,2155,0.28,"49"
1.9,8.3,2155,0.32,"49"
4.64,13.6,2155,0.52,"49"
3.885,8.9,2155,0.47,"49"
3.78,10.2,2155,0.2,"49"
3.42,9.6,2155,0.28,"49"
4.49,11.3,2155,0.47,"49"
5.71,13.2,2155,0.31,"49"
3.905,8.1,2155,0.36,"49"
3.715,14.6,2155,0.25,"49"
4.21,9.7,2155,0.22,"49"
4.165,13.5,2155,0.19,"49"
3.525,8.1,2155,0.4,"49"
3.87,8.6,2155,0.26,"49"
4.42,8.2,2155,0.3,"49"
3.78,6.4,2155,0.19,"49"
3.36,11.5,2155,0.23,"49"
2.075,8.4,2155,0.29,"49"
2.16,10.1,2155,0.24,"49"
3.695,10.7,2155,0.33,"49"
2.54,7,2155,0.44,"49"
2.24,4.4,2155,0.33,"49"
3.13,7.4,2155,0.25,"49"
2.55,7.9,2155,0.35,"49"
2.82,5.2,2155,0.29,"49"
3.165,9.6,2155,0.31,"49"
3.495,7.2,2155,0.24,"49"
3.44,10.2,2155,0.19,"49"
2.7815,6.7,2155,0.47,"49"
2.38,10.2,2155,0.38,"49"
2.575,2.7,2155,0.17,"49"
3.06,7.5,2155,0.51,"49"
4.14,6.7,2155,0.33,"49"
2.705,8.2,2155,0.22,"49"
2.48,3.6,2155,0.18,"49"
3.795,12.1,2155,0.31,"49"
3.025,7.1,2155,0.18,"49"
3.9,7.9,2155,0.23,"49"
4.67,15.9,2155,0.44,"49"
4.545,14.6,2155,0.27,"49"
3.975,10.9,2155,0.41,"49"
2.29,7.4,2155,0.15,"49"
2.335,13.4,2155,0.25,"49"
3.57,12.4,2155,0.17,"49"
3.305,11.5,2155,0.15,"49"
3.09,10.2,2155,0.32,"49"
3.265,14.4,2155,0.49,"49"
3.085,13.1,2155,0.29,"49"
3.4,12.6,2155,0.32,"49"
3.405,14.4,2155,0.36,"49"
1.4,7.6,2155,0.38,"49"
1.595,7.5,2155,0.37,"49"
2.23,3.7,2155,0.43,"49"
2.055,11.5,2155,0.35,"49"
2.32,5.8,2155,0.44,"49"
3.25,15,2155,0.36,"49"
3.09,9.7,2155,0.3,"49"
2.75,4.5,2155,0.28,"49"
2.96,9.6,2155,0.26,"49"
1.88,10.1,2155,0.22,"49"
3.25,9.5,2155,0.28,"49"
3.5,14.2,2155,0.27,"49"
2.6,13.5,2155,0.22,"49"
2.8,11.6,2155,0.19,"49"
2.7,14.7,2155,0.41,"49"
5.45,9.5,2155,0.47,"49"
3.9,11.3,2155,0.2,"49"
4.75,11.8,2155,0.27,"49"
3.1,9.2,2155,0.2,"49"
2.55,8.6,2155,0.16,"49"
2.7,12.2,2155,0.15,"49"
2.05,8.4,2155,0.16,"49"
3.2,7.5,2155,0.22,"49"
2.25,7.6,2155,0.16,"49"
1.9,7.4,2155,0.19,"49"
1.2,7,2155,0.33,"49"
3,14.4,2155,0.24,"49"
1.65,7.6,2155,0.19,"49"
3.1,5.9,2155,0.16,"49"
2.75,5.4,2155,0.28,"49"
3.3,9.6,2155,0.23,"49"
3.15,8.9,2155,0.32,"49"
3.5,12.1,2155,0.28,"49"
3.75,11.2,2155,0.37,"49"
3.7,10.2,2155,0.22,"49"
3.05,10.9,2155,0.28,"49"
2.6,10.6,2155,0.11,"49"
3,11.6,2155,0.29,"49"
3.7,12.2,2155,0.14,"49"
3.2,13.5,2155,0.32,"49"
4.1,12.4,2155,0.39,"49"
3.9,11.2,2155,0.29,"49"
2.4,8.6,2155,0.11,"49"
2,10,2155,0.27,"49"
1.9,5.3,2155,0.17,"49"
1.165,5.2,2155,0.23,"49"
1.91,4.4,2155,0.19,"49"
2.745,7.2,2155,0.19,"49"
2.265,7,2155,0.18,"49"
2.34,8.6,2155,0.4,"49"
1.69,9.1,2155,0.33,"49"
0.845,6.5,2155,0.34,"49"
2.965,11.5,2155,0.27,"49"
3.085,13.5,2155,0.34,"49"
2.65,5.7,2155,0.34,"49"
3.09,6.8,2155,0.29,"49"
2.78,11.3,2155,0.31,"49"
2.445,10.2,2155,0.28,"49"
1.92,7.4,2155,0.33,"49"
2.635,9.4,2155,0.15,"49"
3.74,14.2,2155,0.45,"49"
3.615,13.9,2155,0.33,"49"
3.065,14.6,2155,0.41,"49"
3.35,9.3,2155,0.4,"49"
4.13,10.2,2155,0.54,"49"
1.715,5.4,2155,0.6,"49"
1.935,5.6,2155,0.28,"49"
2.72,8.6,2155,0.41,"49"
2.66,8.9,2155,0.34,"49"
2.92,7.6,2155,0.39,"49"
1.27,8.2,2155,0.52,"49"
2.475,3.9,2155,0.24,"49"
4.095,7.2,2155,0.16,"49"
3.545,12.6,2155,0.49,"49"
5.33,10.2,2155,0.15,"49"
3.825,5.2,2155,0.46,"49"
4.615,8.7,2155,0.41,"49"
2.96,8.9,2155,0.43,"49"
1.53,5.4,2155,0.11,"49"
3.36,11.5,2155,0.5,"49"
4.91,13.2,2155,0.42,"49"
4.915,10.9,2155,0.45,"49"
5.19,12.1,2155,0.28,"49"
3.865,8.9,2155,0.22,"49"
2.15,8.1,2155,0.25,"49"
3.085,9.6,2155,0.2,"49"
2.33,10.2,2155,0.17,"49"
1.85,10.4,2155,0.28,"49"
4.735,11.2,2155,0.28,"49"
5.09,13.1,2155,0.18,"49"
3.46,12,2155,0.27,"49"
3.335,13.3,2155,0.41,"49"
2.805,9.4,2155,0.31,"49"
3.365,11.6,2155,0.23,"49"
3.525,17.7,977,0.53,"50"
3.045,15,977,0.43,"50"
1.575,7,977,0.36,"50"
3.16,22,977,0.49,"50"
3.18,23.4,977,0.35,"50"
3.15,14.8,977,0.77,"50"
2.915,14.3,977,0.61,"50"
2.435,6.4,977,0.54,"50"
4.24,26.6,977,0.5,"50"
4.765,31.7,977,0.85,"50"
2.6,6.5,977,0.47,"50"
3.315,11.7,977,0.69,"50"
3.18,12.6,977,0.67,"50"
2.41,9.9,977,0.69,"50"
3.355,22.9,977,0.46,"50"
3.65,18.3,722,0.63,"51"
2.75,11.5,722,0.28,"51"
3.75,16.8,722,0.47,"51"
4.05,16.6,722,0.34,"51"
5.85,18.8,722,0.65,"51"
2.6,5.6,722,0.46,"51"
4.6,14.6,722,0.63,"51"
3.1,10.7,722,0.55,"51"
5.4,15.4,722,0.38,"51"
4.8,11.2,722,0.84,"51"
7.7,25.1,722,0.68,"51"
3.25,10.8,722,0.63,"51"
3.75,13.3,722,0.83,"51"
6.3,23.2,722,0.61,"51"
2.65,11.2,722,0.64,"51"
1.55,7.4,722,0.75,"51"
6.65,22,722,0.61,"51"
7.4,22.5,722,0.52,"51"
7.75,16.8,722,0.66,"51"
4.45,13.3,722,0.79,"51"
6.4,23.3,722,0.61,"51"
6.8,20.8,722,0.61,"51"
6.5,18.5,722,0.71,"51"
5.85,19.4,722,0.68,"51"
5.6,17.5,722,0.8,"51"
6.4,23.1,722,0.7,"51"
7.05,19.3,722,0.64,"51"
6.6,20,722,0.71,"51"
4.3,23,722,0.75,"51"
5.7,20.1,722,0.74,"51"
2.25,8.3,722,0.43,"51"
7.05,24.5,722,0.8,"51"
7.3,23.3,722,0.76,"51"
4.45,7.4,722,0.69,"51"
4.85,14.2,722,0.73,"51"
3.15,7.9,722,0.65,"51"
5.25,21.7,722,0.76,"51"
6.55,18.2,722,0.84,"51"
4.9,8.9,722,0.84,"51"
5.45,12.7,722,0.46,"51"
3.745,13.1,1033,0.72,"52"
4.5,23.9,1033,0.88,"52"
3.125,12,1033,0.59,"52"
2.95,5.9,1033,0.08,"52"
2.54,10.4,1033,0.54,"52"
2.915,15.1,1033,0.41,"52"
2.305,21.4,1033,0.49,"52"
2.45,7,1033,0.35,"52"
3.715,18.4,1033,0.51,"52"
2.795,17,1033,0.67,"52"
3.35,14.6,1033,0.37,"52"
3.515,15.4,1033,0.58,"52"
3.615,9.5,1033,0.43,"52"
2.595,14.8,1033,0.51,"52"
3.42,20.7,1033,0.51,"52"
3.25,15.4,1033,0.36,"52"
3.455,14.7,1033,0.75,"52"
3.215,13.4,1033,0.77,"52"
2.895,3.1,1033,0.14,"52"
4.315,16.7,1033,0.8,"52"
2.465,8.5,1033,0.84,"52"
2.73,7.7,1033,0.85,"52"
2.36,22.5,1033,0.72,"52"
2.735,4.5,1033,0.71,"52"
3.145,17.9,1033,0.77,"52"
3.125,15.5,1033,0.86,"52"
3.19,8.8,1033,0.29,"52"
2.76,10.4,1033,0.76,"52"
4.52,32.5,1033,0.86,"52"
6.85,16.5,744,0.58,"53"
5.75,12.6,744,0.51,"53"
6.3,23.9,744,0.59,"53"
6.25,23.1,744,0.58,"53"
3.25,14.9,744,0.45,"53"
6.85,21.2,744,0.37,"53"
3.95,10.6,744,0.33,"53"
5.95,21.9,744,0.56,"53"
5.1,9.9,744,0.52,"53"
6.1,20.2,744,0.43,"53"
4.9,16.5,744,0.61,"53"
3.8,18.5,744,0.66,"53"
6.4,18.9,744,0.44,"53"
5.6,21.3,744,0.37,"53"
2.65,15.1,744,0.55,"53"
7.1,26.6,744,0.49,"53"
6.65,27.8,744,0.5,"53"
7.5,19.2,744,0.68,"53"
7.35,17.3,744,0.56,"53"
6.15,15.1,744,0.38,"53"
6.25,17,744,0.42,"53"
5.7,17.5,744,0.9,"53"
7,18.6,744,0.48,"53"
7.2,25.3,744,0.55,"53"
7.8,27.7,744,0.63,"53"
6.45,21.1,744,0.72,"53"
5,11.6,744,0.42,"53"
4.95,9.5,744,0.3,"53"
7.1,22.7,744,0.69,"53"
6.7,18.2,744,0.42,"53"
3.65,9.4,744,0.61,"53"
5.65,11.5,744,0.37,"53"
3.35,8.4,744,0.76,"53"
4.5,13.9,744,0.67,"53"
6.6,15.3,744,0.52,"53"
7.05,22.2,744,0.52,"53"
5.25,26.6,744,0.74,"53"
3.7,14.5,744,0.69,"53"
1.15,3.8,744,0.52,"53"
4.3,23.1,744,0.71,"53"
6.4,10.7,744,0.51,"53"
2.6,4.8,744,0.65,"53"
4.5,11.6,744,0.78,"53"
4.05,10.7,744,0.48,"53"
4.85,8.6,744,0.45,"53"
5.15,12.2,744,0.49,"53"
6.95,18.8,744,0.65,"53"
6.35,22.2,744,0.49,"53"
7.05,26.2,744,0.65,"53"
3,6.6,744,0.28,"53"
7.85,24.2,744,0.55,"53"
3.1,12.3,944,0.41,"54"
5.715,23.6,944,0.38,"54"
3.69,16.9,944,0.32,"54"
5.21,21.8,944,0.59,"54"
3.645,17.2,944,0.41,"54"
3.99,18.9,944,0.76,"54"
3.9,24.6,944,0.37,"54"
2.005,6.2,944,0.53,"54"
3.2,17.3,944,0.44,"54"
3.785,18,944,0.39,"54"
3,19.7,944,0.39,"54"
1.845,3.8,944,0.39,"54"
4.325,21.3,944,0.49,"54"
7.845,21,944,0.41,"54"
4.815,24.2,944,0.4,"54"
1.695,4.3,944,0.77,"54"
1.8,2.4,944,0.52,"54"
2.51,5.5,944,0.52,"54"
3.46,6,944,0.48,"54"
4.05,12.8,944,0.71,"54"
3.51,14.7,944,0.76,"54"
1.89,4.8,944,0.24,"54"
3.155,16.3,944,0.41,"54"
4.92,27.4,944,0.66,"54"
3.935,9.4,944,0.79,"54"
3.285,14.3,944,0.39,"54"
2.9,16.3,944,0.25,"54"
3.465,16.5,944,0.55,"54"
2.24,4.4,944,0.6,"54"
1.835,4.9,944,0.33,"54"
3.67,23.9,944,0.18,"54"
3.15,18.6,944,0.19,"54"
4.15,20,944,0.33,"54"
2.5,15.6,944,0.45,"54"
2.7,11.3,944,0.31,"54"
2.1,14.9,944,0.38,"54"
1.95,12.5,944,0.32,"54"
2.5,18.7,944,0.61,"54"
3.35,24.1,944,0.43,"54"
3.6,21.4,944,0.63,"54"
2,10.9,944,0.51,"54"
2.5,13.3,944,0.45,"54"
2.75,18.5,944,0.62,"54"
3.15,10.1,944,0.86,"54"
2.55,11.6,944,0.29,"54"
2.9,14.8,944,0.27,"54"
2.65,10,944,0.63,"54"
1.8,3.6,944,0.42,"54"
2.65,12.3,944,0.43,"54"
2.2,15.6,944,0.29,"54"
2.2,9.9,944,0.54,"54"
3.15,6.8,944,0.48,"54"
5.55,18.4,944,0.42,"54"
4.25,17.7,944,0.52,"54"
5.7,17.6,944,0.45,"54"
7.35,17.7,944,0.47,"54"
3.2,5.4,944,0.34,"54"
2,4,944,0.42,"54"
5.6,19.5,944,0.57,"54"
3.85,12.1,944,0.27,"54"
5,21,944,0.66,"54"
1.45,3.9,944,0.62,"54"
1.95,10.3,944,0.53,"54"
4,21.6,944,0.59,"54"
2.935,16.4,1011,0.45,"55"
2.88,5.9,1011,0.49,"55"
3.93,20.8,1011,0.5,"55"
2.6,5.2,1011,0.51,"55"
3.24,10,1011,0.32,"55"
3.67,12.3,1011,0.65,"55"
3.245,16.3,1011,0.48,"55"
3.655,20.8,1011,0.53,"55"
4.695,17.6,1011,0.01,"55"
2.725,10.1,1011,0.28,"55"
3.47,13,1011,0.32,"55"
4.025,23.4,1011,0.72,"55"
4.655,27.3,1011,0.51,"55"
3.195,17.8,1011,0.37,"55"
3.82,13.2,1011,0.56,"55"
2.92,16.5,1011,0.33,"55"
3.43,22.7,1011,0.44,"55"
2.66,12.7,1011,0.09,"55"
2.79,8.7,1011,0.49,"55"
3.29,14.7,1011,0.68,"55"
2.94,14.6,1011,0.61,"55"
3.505,16.1,1011,0.71,"55"
3.8,22.9,1011,0.61,"55"
3.77,21.2,1011,0.48,"55"
3.435,15.8,1011,0.56,"55"
3.035,13.5,1011,0.66,"55"
1.575,6.8,1011,0.64,"55"
3.01,12.8,1011,0.5,"55"
3.845,14.9,1011,0.34,"55"
3.495,16.7,1011,0.52,"55"
3.005,11.7,1011,0.06,"55"
3.04,13.4,1011,0.6,"55"
3.08,15.8,1011,0.56,"55"
2.895,8.2,1011,0.42,"55"
2.8,17.4,1011,0.49,"55"
2.895,14.7,1011,0.33,"55"
3.76,18.8,1011,0.38,"55"
4.93,26.8,1011,0.14,"55"
4.5,19,1011,0.25,"55"
4.185,19.2,1011,0.36,"55"
4.655,23.4,1011,0.49,"55"
4.865,19,1011,0.73,"55"
3.73,20.1,1011,0.36,"55"
2.68,12.5,1011,0.61,"55"
3.375,14.3,1011,0.39,"55"
3.82,14.5,1011,0.64,"55"
2.425,10.4,1011,0.61,"55"
4.62,17.2,1011,0.57,"55"
3.015,16.2,1011,0.54,"55"
2.29,11.8,1011,0.43,"55"
2.93,16.4,1011,0.38,"55"
4.395,7.2,1011,0.62,"55"
3.825,19.6,1011,0.64,"55"
3.215,13.2,1011,0.64,"55"
3.66,16.2,1011,0.68,"55"
3.155,11.1,1011,0.54,"55"
2.905,10.7,1011,0.73,"55"
2.535,11.4,1011,0.63,"55"
3.195,19.2,1011,0.5,"55"
2.785,9.9,1011,0.73,"55"
2.405,9.3,1011,0.46,"55"
1.545,7.6,1011,0.18,"55"
2.885,17.1,1011,0.21,"55"
2.585,6.8,1011,0.13,"55"
2.3,7.2,1011,0.22,"55"
4.085,18.5,1011,0.02,"55"
4.495,23.3,1011,0.57,"55"
3.445,15.9,1011,0.57,"55"
2.185,6.3,1011,0.54,"55"
3.21,17,1011,0.73,"55"
2.42,8.4,1011,0.62,"55"
2.375,9.8,1011,0.61,"55"
2.4,16.5,1011,0.65,"55"
3.04,17.3,1011,0.41,"55"
2.73,9.6,1011,0.56,"55"
3.45,18.3,1011,0.72,"55"
2.835,9.9,1011,0.47,"55"
3.475,16.6,1011,0.52,"55"
2.56,17.8,1011,0.48,"55"
3.96,17.5,1011,0.63,"55"
3.44,7.2,1011,0.5,"55"
5.315,25.4,555,0.8,"56"
4.245,13.9,555,0.8,"56"
6.07,27.6,555,0.78,"56"
4.765,18.9,555,0.57,"56"
3.4,19.7,555,0.54,"56"
3.22,15.4,555,0.72,"56"
5.625,25,555,0.82,"56"
5.58,25.3,555,0.75,"56"
5.28,22,555,0.72,"56"
4.7,14.7,555,0.49,"56"
5.745,28.2,555,0.71,"56"
4.43,32.2,555,0.88,"56"
6.31,33.1,555,0.82,"56"
4.635,22.3,555,0.71,"56"
5.7,24,555,0.84,"56"
3.68,26.8,555,0.71,"56"
4.815,21.3,555,0.81,"56"
4.21,26.7,555,0.61,"56"
3.63,10.7,555,0.71,"56"
4.33,25.7,555,0.49,"56"
4.195,24.2,555,0.66,"56"
4.085,27.5,555,0.74,"56"
4.24,11.6,555,0.8,"56"
4.15,15.8,555,0.8,"56"
3.14,7.2,555,0.74,"56"
3.48,20.1,555,0.67,"56"
3.935,19.8,555,0.7,"56"
3.38,16.2,555,0.56,"56"
5.6,27,555,0.84,"56"
4.15,17.1,555,0.69,"56"
3.195,10.6,555,0.1,"56"
4.725,26.9,555,0.42,"56"
4.9,34.3,555,0.57,"56"
5.24,19.6,555,0.61,"56"
5.25,30.3,555,0.72,"56"
4.655,37.1,555,0.78,"56"
2.07,3.6,555,0.69,"56"
3.795,22.2,555,0.71,"56"
3.32,25.4,555,0.46,"56"
2.14,8.6,555,0.79,"56"
4.26,24.5,555,0.58,"56"
5.415,28.8,555,0.8,"56"
3.8,13.2,555,0.78,"56"
4.26,21.5,555,0.65,"56"
4.42,27.5,555,0.64,"56"
4.985,22.3,555,0.79,"56"
4.62,9.7,555,0.7,"56"
3.82,7.8,555,0.39,"56"
3.62,23.2,555,0.36,"56"
6.5,15.2,922,0.53,"43"
4.15,8.9,922,0.49,"43"
1.6,7.1,922,0.23,"43"
7.6,28.1,922,0.77,"43"
1.25,3.8,922,0.21,"43"
3.55,8.5,922,0.36,"43"
7.2,15.1,922,0.71,"43"
7.05,23.1,922,0.71,"43"
5.9,24.5,922,0.75,"43"
6.15,18.7,922,0.65,"43"
3.8,13.3,922,0.66,"43"
4.9,18.8,922,0.53,"43"
3.65,8.1,922,0.43,"43"
6.45,20.8,922,0.54,"43"
5.35,23.5,922,0.55,"43"
3.65,12,922,0.47,"43"
2.7,15.6,922,0.43,"43"
2.4,12.4,922,0.57,"43"
1.75,7.4,922,0.36,"43"
2.8,6.6,922,0.34,"43"
4.55,6.7,922,0.44,"43"
1.85,4,922,0.38,"43"
7.3,26.7,922,0.71,"43"
3.35,10.8,922,0.34,"43"
4.8,15.4,922,0.48,"43"
2.25,8.6,922,0.38,"43"
6.45,21.6,922,0.59,"43"
2.85,11.8,922,0.54,"43"
3.65,19.7,922,0.54,"43"
4.45,14.5,922,0.45,"43"
7.55,24.4,922,0.58,"43"
4.55,18.9,922,0.4,"43"
4.5,8,922,0.5,"43"
5.55,27.1,922,0.74,"43"
5.85,24.2,922,0.59,"43"
5.6,26.8,922,0.54,"43"
7.1,22.7,922,0.57,"43"
5.4,24.5,922,0.48,"43"
6.2,25.8,922,0.6,"43"
4.7,19.9,922,0.63,"43"
1.95,4.5,922,0.53,"43"
3.8,15.4,922,0.6,"43"
3.4,13.1,922,0.47,"43"
4.8,24.2,922,0.38,"43"
2.7,23.9,922,0.28,"43"
4.35,23.2,922,0.6,"43"
2.35,20.5,922,0.64,"43"
3.8,25,922,0.5,"43"
3.75,19.8,922,0.57,"43"
6.4,28.6,922,0.76,"43"
1.85,8,922,0.26,"43"
3.75,19,922,0.6,"43"
4.3,22.6,922,0.53,"43"
1.55,6.9,922,0.29,"43"
3.1,15.6,922,0.52,"43"
3.95,16.8,922,0.5,"43"
3.45,10.5,922,0.36,"43"
3.5,8.8,922,0.38,"43"
4.8,16.9,922,0.48,"43"
5.6,22.2,922,0.47,"43"
5.65,27.6,922,0.52,"43"
5.15,22.5,922,0.5,"43"
6.95,25.6,922,0.59,"43"
4.6,18.1,922,0.42,"43"
2.7,10.3,922,0.46,"43"
6.85,26.9,922,0.73,"43"
3.4,15.6,922,0.64,"43"
5.3,28,922,0.71,"43"
1.95,14.4,922,0.31,"43"
4.9,23.2,922,0.59,"43"
3,22.7,922,0.5,"43"
1,8.6,922,0.56,"43"
3.15,11.1,922,0.32,"43"
5.2,22,922,0.46,"43"
4.15,28.9,922,0.49,"43"
4.4,24.2,922,0.5,"43"
2.5,9.6,922,0.58,"43"
4.45,15.4,922,0.4,"43"
3.85,19,922,0.69,"43"
2.4,6.6,922,0.45,"43"
3.2,26.4,1566,0.64,"44"
2.55,5.7,1566,0.62,"44"
3.1,6.3,1566,0.67,"44"
2.75,10.1,1566,0.58,"44"
3.65,10.6,1566,0.64,"44"
4.05,11.8,1566,0.52,"44"
4.7,33.4,1566,0.69,"44"
3.55,10.1,1566,0.28,"44"
3.4,12.2,1566,0.42,"44"
2.95,8,1566,0.53,"44"
3.65,11,1566,0.56,"44"
3.95,12,1566,0.58,"44"
3.75,16.4,1566,0.72,"44"
3.15,9.3,1566,0.23,"44"
3.4,9,1566,0.49,"44"
1.6,6.2,1411,0.3,"45"
5.8,23.1,1411,0.73,"45"
4.15,23,1411,0.52,"45"
6.4,20.8,1411,0.62,"45"
3.1,10.7,1411,0.19,"45"
3.8,15.2,1411,0.49,"45"
3.15,8.8,1411,0.47,"45"
6.25,24.5,1411,0.61,"45"
1.5,6.1,1411,0.32,"45"
3.45,19.3,1411,0.56,"45"
3.2,14.6,1411,0.37,"45"
3.85,16.2,1411,0.54,"45"
2.95,9.5,1411,0.36,"45"
3.75,16.2,1411,0.48,"45"
3.1,10.5,1411,0.32,"45"
3.75,18.5,1411,0.34,"45"
3.1,8.3,1411,0.21,"45"
4.45,15.5,1411,0.39,"45"
3.05,8.2,1411,0.24,"45"
4.4,14.4,1411,0.46,"45"
2.05,10.5,1411,0.3,"45"
3.75,13.6,1411,0.41,"45"
3.85,11.2,1411,0.35,"45"
3.3,13.7,1411,0.35,"45"
4.8,16,1411,0.36,"45"
4.4,16.1,1411,0.62,"45"
4.55,21.5,1411,0.67,"45"
2.45,10.3,1411,0.31,"45"
1.65,8.9,1411,0.85,"45"
2.4,5,1411,0.68,"45"
4.65,16.7,1411,0.81,"45"
3.45,15.5,1411,0.56,"45"
3.15,15.6,1411,0.54,"45"
3.8,19.7,1411,0.79,"45"
4.7,19.4,1411,0.55,"45"
4.7,17,1411,0.52,"45"
2,8.5,1411,0.35,"45"
3.35,10.5,1411,0.34,"45"
5.1,10.7,1411,0.41,"45"
4.15,11.1,1411,0.64,"45"
3.6,13.2,1411,0.42,"45"
2.8,10.2,1411,0.4,"45"
5.1,22.2,1411,0.67,"45"
3.65,15,1411,0.36,"45"
3.8,18.5,1411,0.41,"45"
5.3,19.5,1411,0.68,"45"
4.5,18,1411,0.72,"45"
3.05,8.5,1411,0.23,"45"
2,16.7,1411,0.38,"45"
1.85,7,1411,0.26,"45"
2.15,13,1411,0.59,"45"
4.3,25.5,1411,0.71,"45"
2.75,6.5,1411,0.26,"45"
2.95,12,1411,0.36,"45"
5.45,25.3,1411,0.67,"45"
2.5,15,1411,0.29,"45"
4.6,18,1411,0.85,"45"
2.75,10.7,1411,0.26,"45"
3.2,15.3,1411,0.44,"45"
5.5,21.9,1411,0.7,"45"
4.15,20.8,1411,0.57,"45"
3.3,14.5,1411,0.55,"45"
3.8,11.2,1411,0.63,"45"
2.85,13,1411,0.46,"45"
3.4,15.8,1411,0.46,"45"
4.1,15.3,1411,0.35,"45"
3.45,15.3,1411,0.46,"45"
2.4,9,1411,0.27,"45"
2.3,7.4,1411,0.1,"45"
1.6,7.5,1411,0.26,"45"
1.8,7,1411,0.19,"45"
1.7,5.6,1411,0.2,"45"
1.85,7.5,1411,0.41,"45"
2.5,8.3,1411,0.19,"45"
2.8,6.7,1411,0.41,"45"
2.7,8,1411,0.29,"45"
3.9,15.2,1411,0.5,"45"
3,7.1,1411,0.38,"45"
2.4,8,1411,0.42,"45"
3.7,20,1411,0.6,"45"
1.75,8,1411,0.25,"45"
3.8,9,1411,0.5,"45"
4.75,14.5,1411,0.39,"45"
4.25,13.3,1411,0.36,"45"
3.4,8.4,1411,0.34,"45"
4.3,18.4,1411,0.41,"45"
4.95,23.4,1411,0.56,"45"
4.6,18.2,1411,0.37,"45"
3.7,12.6,1411,0.32,"45"
3.9,22.5,1411,0.52,"45"
4.6,18.5,1411,0.48,"45"
4.6,15.2,1411,0.38,"45"
3.45,14.5,1411,0.51,"45"
4.85,20.2,1411,0.46,"45"
2.1,7.9,1411,0.19,"45"
3.1,16.1,1411,0.58,"45"
1.95,6.8,1411,0.36,"45"
2.6,15.2,1411,0.38,"45"
2.35,13.3,1411,0.42,"45"
4.2,17.1,1411,0.66,"45"
2.8,6.7,1411,0.82,"45"
2.25,9.3,1411,0.35,"45"
3.9,13,1411,0.35,"45"
2.2,7.2,1411,0.4,"45"
3.7,9.7,1411,0.54,"45"
5.55,12.6,1411,0.4,"45"
4.75,17,1411,0.39,"45"
4.55,28.4,1411,0.68,"45"
2.1,9.2,1411,0.29,"45"
2.85,13.8,1411,0.46,"45"
3.55,12.1,1411,0.34,"45"
4.2,13.1,1411,0.36,"45"
4.05,24,1411,0.65,"45"
5.45,18.4,1411,0.55,"45"
4.75,15.9,1411,0.79,"45"
5,26.2,1411,0.75,"45"
2.55,16.1,1411,0.41,"45"
6.6,28.8,1411,0.61,"45"
3.65,11.1,1411,0.39,"45"
4.35,7.4,1411,0.35,"45"
6.2,15.3,1411,0.55,"45"
2.85,22.5,1411,0.64,"45"
2.95,12.8,1411,0.45,"45"
3.25,15.7,1411,0.51,"45"
3.75,18,1411,0.65,"45"
2.85,12,1411,0.39,"45"
5.35,25.1,1411,0.51,"45"
2.45,13.3,1155,0.79,"46"
2.95,9.5,1155,0.83,"46"
2.55,6.7,1155,0.59,"46"
2.45,13.6,1155,0.49,"46"
3.65,20,1155,0.56,"46"
3.7,19.7,1155,0.54,"46"
4.15,18.3,1155,0.44,"46"
3.35,20.5,1155,0.76,"46"
4.55,20.6,1155,0.59,"46"
2.6,8.4,1155,0.74,"46"
4.2,27.2,1155,0.49,"46"
1.75,11.1,1155,0.52,"46"
3.65,7.3,1155,0.46,"46"
3.35,18.3,1155,0.45,"46"
1.55,5.2,1155,0.8,"46"
3.9,20.2,1155,0.59,"46"
2.7,10.8,1155,0.77,"46"
4,11.8,1155,0.4,"46"
2.85,6.7,1155,0.63,"46"
1.65,6.7,1155,0.43,"46"
2.4,27.2,1155,0.44,"46"
4.65,23.6,1155,0.55,"46"
7.1,13.6,1155,0.57,"46"
3.35,25.4,1155,0.5,"46"
4,26,1155,0.5,"46"
3.3,21,1155,0.54,"46"
4.25,24.7,1155,0.57,"46"
4.35,20.7,1155,0.55,"46"
4.35,20.6,1155,0.58,"46"
2.9,8,1155,0.46,"46"
3.85,15.7,1155,0.22,"46"
2.5,5.9,1155,0.54,"46"
4.55,23.4,1155,0.75,"46"
5.05,17.5,1155,0.57,"46"
5.95,27.2,1155,0.46,"46"
1.9,5.8,1155,0.61,"46"
3.5,19.8,1155,0.8,"46"
3.65,24,1155,0.42,"46"
2.85,18.8,1155,0.47,"46"
2.8,10.9,1155,0.52,"46"
3.7,15.4,1155,0.25,"46"
3.9,26,1155,0.49,"46"
3.4,23.1,1155,0.48,"46"
2.8,20.9,1155,0.59,"46"
2.25,9.8,1155,0.68,"46"
2.6,24.2,1155,0.29,"46"
3.45,24.8,1155,0.39,"46"
2.95,15.8,1155,0.49,"46"
3.65,9.3,1155,0.62,"46"
2.45,21.6,1155,0.44,"46"
3.75,16.2,1155,0.3,"46"
2.55,9.5,1155,0.78,"46"
2.05,7.8,1155,0.62,"46"
2.35,10.5,1155,0.7,"46"
4.9,25.6,1155,0.54,"46"
3.45,20.5,1155,0.66,"46"
3.4,8,1155,0.62,"46"
4.05,21.3,1155,0.43,"46"
5.6,19.4,1155,0.36,"46"
2.9,18.5,1155,0.33,"46"
3.4,16.2,1155,0.3,"46"
2.45,9.3,1155,0.22,"46"
6,24.3,1155,0.44,"46"
5.15,21.2,1155,0.58,"46"
5.05,18.2,1155,0.57,"46"
3.75,17.2,1155,0.64,"46"
2.6,13.3,1155,0.38,"46"
3.85,19.5,1155,0.51,"46"
2.7,11.4,1155,0.87,"46"
4.7,22.5,1155,0.33,"46"
3.05,15.3,1155,0.35,"46"
4.1,19.6,1155,0.35,"46"
1.7,5.4,1155,0.72,"46"
4,19,1155,0.36,"46"
3.1,15.2,1155,0.47,"46"
3.2,16.1,1155,0.58,"46"
3.15,15.4,1155,0.22,"46"
3.75,24,1155,0.61,"46"
3.55,15.4,1155,0.31,"46"
3.1,12.4,1155,0.8,"46"
3.45,12.7,1155,0.32,"46"
4.1,22.7,1155,0.55,"46"
2.6,10.5,1155,0.69,"46"
2.5,7.2,1155,0.78,"46"
3.55,18.1,1155,0.89,"46"
2.65,18.1,1155,0.75,"46"
2.65,13.3,1155,0.76,"46"
1.65,5.1,1155,0.78,"46"
3.6,19.4,1155,0.57,"46"
2.2,10,1155,0.54,"46"
1.85,7,1155,0.7,"46"
3.5,22.3,1155,0.44,"46"
4,17,1155,0.41,"46"
5.4,23.4,1155,0.52,"46"
4.35,11.1,1155,0.65,"46"
6.22,21.4,800,0.7,"47"
3.725,11.9,800,0.74,"47"
4.795,23.2,800,0.55,"47"
4.74,14.1,800,0.73,"47"
4.97,26,800,0.61,"47"
2.005,4.5,800,0.69,"47"
5.915,30.7,800,0.6,"47"
5.85,22.1,800,0.49,"47"
1.2,3.5,800,0.35,"47"
7,19.9,800,0.56,"47"
4.305,14.9,800,0.58,"47"
3.295,11.6,800,0.38,"47"
4.505,18.8,800,0.56,"47"
5.23,20.1,800,0.69,"47"
4.05,16.2,800,0.48,"47"
5.35,19.1,800,0.84,"47"
2.7,9.6,800,0.72,"47"
2.9,17.7,800,0.42,"47"
3.65,18.8,800,0.58,"47"
3.9,16.5,800,0.51,"47"
3.8,18.8,800,0.52,"47"
3.1,8,800,0.6,"47"
3.7,13.6,800,0.49,"47"
2.65,10.1,800,0.49,"47"
6.15,20.6,800,0.79,"47"
4.45,21.2,800,0.71,"47"
4.55,15.5,800,0.72,"47"
2.5,8.6,800,0.46,"47"
4.05,14.2,800,0.78,"47"
5.6,17.7,800,0.8,"47"
4.1,19.2,800,0.81,"47"
5.4,19.8,800,0.6,"47"
3.5,9.3,800,0.34,"47"
3.65,14.5,800,0.52,"47"
5.8,20.4,800,0.79,"47"
4.9,17.3,800,0.78,"47"
6.4,23.8,800,0.74,"47"
2.95,7.9,800,0.67,"47"
5.25,14,800,0.74,"47"
3.95,15.3,800,0.64,"47"
4.05,17.7,800,0.57,"47"
2.7,11.2,800,0.69,"47"
5.95,23.1,800,0.62,"47"
6.65,23.2,800,0.76,"47"
5.05,22.7,800,0.66,"47"
4.05,11.9,800,0.6,"47"
4.45,13.8,800,0.65,"47"
7.15,29.6,800,0.68,"47"
3.85,11.5,800,0.61,"47"
4.55,12,800,0.66,"47"
6.2,18.2,800,0.76,"47"
5.2,19.1,800,0.67,"47"
7.95,23.5,800,0.8,"47"
2.3,7.9,800,0.68,"47"
3.4,15.6,800,0.4,"47"
6.3,20.5,800,0.64,"47"
4.55,11.3,800,0.55,"47"
5.2,17.1,800,0.61,"47"
5.3,16.1,800,0.47,"47"
2.95,6.8,800,0.61,"47"
4.9,18.2,800,0.81,"47"
4.4,10.9,800,0.44,"47"
4.65,18.4,800,0.58,"47"
4.65,19.1,800,0.66,"47"
5.35,22.6,800,0.84,"47"
4.8,10.6,800,0.55,"47"
6.15,22.1,800,0.72,"47"
5,19.5,800,0.83,"47"
3.95,15.1,800,0.7,"47"
4.3,13.2,800,0.67,"47"
6.25,23.3,800,0.69,"47"
3.95,18.2,600,0.73,"48"
2,7.4,600,0.66,"48"
2.55,13.9,600,0.64,"48"
3.2,21.7,600,0.43,"48"
4.5,25.6,600,0.69,"48"
3.55,12.8,600,0.65,"48"
4,25.2,600,0.65,"48"
3.75,13.4,600,0.59,"48"
3.9,21,600,0.57,"48"
5.3,24.1,600,0.71,"48"
5.05,18.5,600,0.7,"48"
4.25,25.8,600,0.75,"48"
6.3,22,600,0.83,"48"
4.9,22.9,600,0.68,"48"
4.65,18.2,600,0.67,"48"
2.4,9,600,0.64,"48"
3.3,7.2,600,0.61,"48"
2.8,8.3,600,0.59,"48"
6.75,26.7,600,0.61,"48"
4.3,20,600,0.74,"48"
4.95,19.1,600,0.72,"48"
4.3,30.9,600,0.79,"48"
5.4,24.2,600,0.73,"48"
4.85,14.7,600,0.7,"48"
5.05,28.8,600,0.7,"48"
4.55,22.2,600,0.59,"48"
3.35,18.7,600,0.5,"48"
3.7,15,600,0.6,"48"
2.75,6.3,600,0.67,"48"
4.35,16.1,600,0.45,"48"
4.1,15.3,600,0.65,"48"
4.3,17.6,600,0.77,"48"
3.7,20.2,600,0.73,"48"
4.35,20.1,600,0.53,"48"
3.15,7.5,600,0.46,"48"
3.3,8.8,600,0.72,"48"
4.9,21.7,600,0.54,"48"
4.9,26.1,600,0.8,"48"
4.5,25.8,600,0.61,"48"
2.9,5.8,600,0.56,"48"
3.15,7.8,600,0.62,"48"
4.7,19.1,600,0.6,"48"
4.05,21.4,600,0.57,"48"
4.65,26.2,600,0.67,"48"
3.95,26.3,600,0.52,"48"
3.9,17.9,600,0.38,"48"
4.15,23.6,600,0.47,"48"
6.05,23.4,600,0.83,"48"
4.85,16.8,600,0.69,"48"
5.6,21.1,600,0.77,"48"
6.2,19.8,600,0.77,"48"
5.4,17.1,600,0.74,"48"
5.2,16.4,600,0.75,"48"
1.45,14.3,644,0.66,"49"
3.7,20.9,644,0.81,"49"
2.6,11.6,644,0.71,"49"
3.55,6.8,644,0.65,"49"
4.45,20.1,644,0.46,"49"
5.65,17.3,644,0.82,"49"
3.65,8.6,644,0.64,"49"
3.9,9.6,644,0.81,"49"
5.05,21.7,644,0.64,"49"
3,19.9,644,0.79,"49"
2.3,8.6,644,0.62,"49"
5.7,26,644,0.69,"49"
5.85,20.2,644,0.73,"49"
2.45,8.1,644,0.64,"49"
2.85,9,644,0.55,"49"
3.5,18.5,644,0.79,"49"
7.55,31.9,644,0.79,"49"
6.25,17.1,644,0.51,"49"
5.8,12.6,644,0.64,"49"
2.65,13.1,644,0.58,"49"
3.6,16.2,644,0.61,"49"
3.4,15.6,644,0.49,"49"
2.6,5.3,644,0.65,"49"
5.25,10,644,0.61,"49"
6.75,23.3,644,0.83,"49"
5.35,25.6,644,0.78,"49"
3.685,19.5,644,0.47,"49"
3.75,11.7,644,0.37,"49"
3.9,9.1,644,0.59,"49"
5.4,13.5,644,0.46,"49"
3.725,10.5,644,0.24,"49"
4.57,8.6,644,0.42,"49"
7.235,28.6,644,0.71,"49"
6.195,14.1,644,0.3,"49"
6.04,28,644,0.7,"49"
5.88,23.8,644,0.65,"49"
3.9,15,644,0.7,"49"
3.15,13.4,644,0.71,"49"
6.05,28.7,644,0.55,"49"
6.52,30.7,644,0.41,"49"
3.73,11.8,644,0.5,"49"
2.915,9.3,644,0.71,"49"
5.4,16.6,644,0.37,"49"
5,8.1,644,0.75,"49"
3.375,11.2,644,0.68,"49"
5.63,25.5,644,0.75,"49"
6.4,19.1,644,0.7,"49"
5.245,27.8,644,0.68,"49"
4.85,18.5,644,0.79,"49"
4.95,20.3,644,0.79,"49"
2.15,5.7,644,0.67,"49"
4.95,14.8,644,0.78,"49"
5.9,22.3,644,0.76,"49"
7.2,27.1,644,0.92,"49"
3.5,6.4,644,0.57,"49"
4.95,18,744,0.5,"50"
3.95,18.1,744,0.56,"50"
3.35,12.2,744,0.46,"50"
2.5,19.4,744,0.64,"50"
4.25,18.3,744,0.52,"50"
4.5,34,744,0.61,"50"
2.65,16.4,744,0.57,"50"
2.65,4.7,744,0.72,"50"
3.5,15.2,744,0.51,"50"
3.55,5.9,744,0.51,"50"
3.65,23.9,744,0.63,"50"
2.6,23.7,744,0.56,"50"
4.65,24.2,744,0.48,"50"
4.75,25.4,744,0.56,"50"
3.95,21.7,744,0.63,"50"
2.85,7.2,744,0.49,"50"
2.5,4.8,744,0.52,"50"
3.35,19.5,744,0.49,"50"
3.85,22.8,744,0.53,"50"
2.8,25.3,744,0.51,"50"
3.75,19.7,744,0.19,"50"
3.25,15.2,744,0.52,"50"
3,13.1,744,0.48,"50"
2.7,8.3,744,0.79,"50"
3.9,21.1,744,0.42,"50"
2.3,6.2,744,0.56,"50"
4.05,21.3,744,0.55,"50"
4,11.8,744,0.27,"50"
4.45,28.4,744,0.51,"50"
4.1,26.3,744,0.58,"50"
3.8,11.4,744,0.53,"50"
3.15,10.3,744,0.48,"50"
3.9,16.2,744,0.67,"50"
2.85,5.6,744,0.31,"50"
3.25,15.4,744,0.6,"50"
3,19.4,744,0.69,"50"
3.2,8.1,744,0.55,"50"
2.5,7.5,744,0.48,"50"
2.8,11.2,744,0.5,"50"
3.05,13.1,744,0.45,"50"
4.9,18.4,744,0.3,"50"
5.45,22,744,0.68,"50"
4.55,22.7,744,0.87,"50"
5.95,27.7,744,0.73,"50"
2.1,6.9,744,0.56,"50"
1.7,3.9,744,0.47,"50"
2.1,3.1,744,0.5,"50"
2.35,4.1,744,0.52,"50"
2.55,2.9,744,0.52,"50"
6.7,24.4,744,0.55,"50"
5.55,13.9,744,0.46,"50"
4.85,21.7,744,0.58,"50"
4.85,25.7,744,0.52,"50"
3.1,9.8,744,0.45,"50"
5.25,23.9,744,0.74,"50"
1.95,5.2,744,0.59,"50"
2.35,9.8,744,0.4,"50"
4.85,20.6,911,0.55,"51"
4.95,22.8,911,0.54,"51"
4.85,16.8,911,0.47,"51"
1.5,5.5,911,0.86,"51"
5.15,22.1,911,0.52,"51"
1.7,10.2,911,0.5,"51"
2.3,8,911,0.56,"51"
4.45,24.2,911,0.71,"51"
2.85,5.7,911,0.5,"51"
5.5,24,911,0.7,"51"
4.45,14.3,911,0.84,"51"
6.95,29.3,911,0.55,"51"
6.65,30,911,0.6,"51"
3.8,15.1,911,0.48,"51"
2.75,15.1,911,0.43,"51"
4.3,12.8,911,0.48,"51"
5.1,25.2,911,0.65,"51"
1.55,13.4,911,0.61,"51"
3.8,12.8,911,0.58,"51"
2.45,10.5,911,0.48,"51"
3.25,15.1,911,0.49,"51"
4.1,13,911,0.57,"51"
2.95,6.8,911,0.48,"51"
2.35,7.2,911,0.59,"51"
4.65,7.4,911,0.41,"51"
5,16.1,911,0.47,"51"
4.85,18.5,911,0.63,"51"
3.55,9.5,911,0.61,"51"
4.2,13.7,911,0.66,"51"
1.7,3.6,911,0.29,"51"
2.5,4.4,911,0.58,"51"
2.6,4,911,0.62,"51"
2.95,6.4,911,0.59,"51"
2.25,4.3,911,0.44,"51"
2.5,6.2,911,0.47,"51"
5.25,17.3,911,0.68,"51"
6.55,20.4,911,0.65,"51"
4.1,21.8,911,0.71,"51"
4.65,7.2,911,0.57,"51"
3.15,7.5,911,0.6,"51"
2.55,10,911,0.63,"51"
6.7,21.9,911,0.77,"51"
2.9,7,911,0.77,"51"
3,8.5,911,0.57,"51"
4.15,15.6,911,0.66,"51"
3.3,20.8,911,0.67,"51"
5.15,6.4,911,0.61,"51"
1,3.4,911,0.54,"51"
1.5,4.3,911,0.28,"51"
4.1,23.6,911,0.73,"51"
7.4,16.3,911,0.72,"51"
3.95,11,911,0.72,"51"
6,12.5,911,0.64,"51"
5.2,6.7,911,0.6,"51"
3.5,20.1,911,0.76,"51"
3.4,16.1,911,0.71,"51"
5.5,16.1,911,0.84,"51"
7.1,25.7,911,0.76,"51"
5.7,13.2,911,0.68,"51"
4.95,18.6,911,0.82,"51"
5.85,22.1,911,0.74,"51"
4.9,15.7,911,0.86,"51"
7.3,25.8,911,0.82,"51"
5.4,14.5,911,0.62,"51"
4.7,13.7,911,0.79,"51"
5.7,13.3,911,0.66,"51"
7.55,30.3,911,0.79,"51"
3.45,9.7,911,0.64,"51"
3.6,9.8,911,0.58,"51"
3.15,17.2,911,0.39,"51"
4.4,18.7,911,0.7,"51"
5.85,24.8,911,0.74,"51"
4.3,23.5,666,0.39,"54"
2.95,24,666,0.53,"54"
2.25,6.2,666,0.55,"54"
3,24.1,666,0.51,"54"
2.15,7.1,666,0.64,"54"
3.35,10.7,666,0.49,"54"
2,7,666,0.44,"54"
2.8,18.4,666,0.55,"54"
4,32.5,666,0.54,"54"
3.5,24.5,666,0.51,"54"
3.15,16.4,666,0.39,"54"
3,27.3,666,0.56,"54"
2.75,7.6,666,0.43,"54"
3.4,15.9,666,0.42,"54"
2.3,7.6,666,0.58,"54"
2.1,11.2,666,0.52,"54"
2.65,5.8,666,0.39,"54"
3.7,23,666,0.67,"54"
4.05,23.8,666,0.69,"54"
3.65,18,666,0.57,"54"
3.55,20.1,666,0.64,"54"
3.85,23.1,666,0.44,"54"
4.85,26.9,666,0.6,"54"
2.4,10.8,666,0.59,"54"
2.85,6.9,666,0.61,"54"
4.55,22.8,666,0.47,"54"
3,13.3,666,0.32,"54"
4,18.4,666,0.65,"54"
3.35,11.8,666,0.48,"54"
4.6,25.4,666,0.52,"54"
3.95,17.4,666,0.41,"54"
2.15,5.1,666,0.61,"54"
4.1,23.2,666,0.5,"54"
3.45,15.8,666,0.36,"54"
3.25,13.5,666,0.54,"54"
4.5,27.8,666,0.57,"54"
3.95,27.6,666,0.6,"54"
3.75,19.6,666,0.43,"54"
2.9,10,666,0.52,"54"
3.2,15.6,666,0.47,"54"
3.85,25.3,666,0.56,"54"
3.5,24.6,666,0.51,"54"
4.05,13.1,666,0.61,"54"
4.05,12.4,666,0.66,"54"
3.9,6.8,666,0.65,"54"
3.55,8.7,666,0.47,"54"
4.8,17.1,666,0.59,"54"
5.45,20.6,666,0.55,"54"
3.1,11.7,666,0.61,"54"
3.05,10,666,0.71,"54"
3.55,26,666,0.66,"54"
3.35,18.9,666,0.58,"54"
3.35,15.3,666,0.56,"54"
3.7,15,666,0.47,"54"
4.45,13.4,1422,0.72,"55"
4.15,16.1,1422,0.76,"55"
5,18.3,1422,0.61,"55"
2.75,13.4,1422,0.57,"55"
5.6,19.3,1422,0.58,"55"
4.95,18.4,1422,0.35,"55"
2.7,10.7,1422,0.49,"55"
2.7,9.9,1422,0.54,"55"
2.7,8.9,1422,0.45,"55"
1.9,11.9,1155,0.7,"56"
2.2,8.3,1155,0.6,"56"
2.15,9.7,1155,0.44,"56"
4.05,23,1155,0.82,"56"
4,15.6,1155,0.58,"56"
